Price,Close,High,Low,Open,Volume
Ticker,AAPL,AAPL,AAPL,AAPL,AAPL
Date,,,,,
2018-01-02,40.47983932495117,40.48924104050735,39.774861257800275,39.986356829367864,102223600
2018-01-03,40.4727783203125,41.01796292499163,40.40933289402016,40.54327682411795,118071600
2018-01-04,40.66078567504883,40.764183034424285,40.4375433322358,40.545637963798164,89738400
2018-01-05,41.123714447021484,41.21066058157012,40.66547948889534,40.75712648052057,94640000
2018-01-08,40.97097396850586,41.26706344560852,40.87227389043468,40.97097396850586,82271200
2018-01-09,40.966270446777344,41.137814082899936,40.750077631979586,41.01796911832718,86336000
2018-01-10,40.956878662109375,40.9592308841068,40.65373963789506,40.69133933281127,95839600
2018-01-11,41.18952178955078,41.238871836202,41.00387912695732,41.02737624645928,74670800
2018-01-12,41.61485290527344,41.67830193296904,41.2764628718352,41.401008705572366,101672400
2018-01-16,41.403350830078125,42.1553265067191,41.391600481784714,41.80518620751153,118263600
2018-01-17,42.087188720703125,42.12243618699658,41.140168545447295,41.393957474167365,137547200
2018-01-18,42.124778747558594,42.32217528744394,41.887437475437274,42.150628081013636,124773600
2018-01-19,41.936790466308594,42.19998109045829,41.690047463316596,41.972037930006024,129700400
2018-01-22,41.59369659423828,41.776990563560034,41.49970097406925,41.66419510221659,108434400
2018-01-23,41.603084564208984,42.16706890463054,41.55138949572998,41.66418492953341,130756400
2018-01-24,40.940425872802734,41.66420377297994,40.70073233007495,41.65245342158767,204420400
2018-01-25,40.2095947265625,41.11196569229976,40.07329855167976,41.00856834682296,166116000
2018-01-26,40.3036003112793,40.418748035489784,39.96286158277214,40.418748035489784,156572000
2018-01-29,39.4693717956543,39.98635497038947,39.26022845555082,39.98635497038947,202561600
2018-01-30,39.236724853515625,39.3307204835372,38.70329050959941,38.89833484831245,184192800
2018-01-31,39.344810485839844,39.582155313861875,39.12626908237286,39.213215199575515,129915600
2018-02-01,39.42707824707031,39.624471271162726,39.18738466884133,39.28373254454275,188923200
2018-02-02,37.71631622314453,39.1967704742777,37.622320607648376,39.008775657582504,346375200
2018-02-05,36.773983001708984,38.51057768761973,36.6588353689923,37.38731365996442,290954000
2018-02-06,38.31085968017578,38.47300521725255,36.18887588126691,36.38392025298939,272975200
2018-02-07,37.49072265625,38.397794352536856,37.38027941886782,38.3249472108643,206434400
2018-02-08,36.4591064453125,37.833814815434046,36.43090847610487,37.666968464315005,217562000
2018-02-09,36.90506362915039,37.25426978743227,35.449247698677205,37.06079201336703,282690400
2018-02-12,38.39155578613281,38.669975998597984,37.164608760767116,37.39820134604815,243278000
2018-02-13,38.77614212036133,38.87288278377922,38.141434080343934,38.212220019438064,130196800
2018-02-14,39.4910774230957,39.53118862012898,38.43166081828254,38.46941020351671,162579600
2018-02-15,40.81713104248047,40.84072396278021,39.87568603465815,40.06208558641744,204588800
2018-02-16,40.68498992919922,41.24891573116311,40.5292651557663,40.668475247310404,160704400
2018-02-20,40.548133850097656,41.116772365572324,40.446673165382535,40.59532327540411,135722000
2018-02-21,40.36410140991211,41.08374840414565,40.349941338929334,40.779373483994476,149886400
2018-02-22,40.70151138305664,41.04363930940027,40.51511184260404,40.53634654968282,123967600
2018-02-23,41.40936279296875,41.44475397061122,40.946897669942075,40.977572424114385,135249600
2018-02-26,42.22809982299805,42.32719869142699,41.57687714461259,41.60991010075557,152648800
2018-02-27,42.09125900268555,42.584395262979314,42.03699133201746,42.25878563864765,155712400
2018-02-28,42.02755355834961,42.6174305332886,42.011038875219455,42.29653731490885,151128400
2018-03-01,41.291378021240234,42.41922223002317,40.73925417349075,42.12664202678516,195208000
2018-03-02,41.57688522338867,41.59811992782336,40.68970805689516,40.77229226346059,153816000
2018-03-05,41.72081756591797,41.937891845850366,41.17813006592543,41.3409366759555,113605600
2018-03-06,41.68541717529297,42.058219779854376,41.55800535869931,41.97799739161679,95154000
2018-03-07,41.298465728759766,41.49194710116886,41.11914442776275,41.27723102212656,126814000
2018-03-08,41.7491340637207,41.79160347848274,41.30790723107263,41.40464432036062,95096400
2018-03-09,42.466407775878906,42.471127798168894,41.85529630108256,41.98978993393138,128740800
2018-03-12,42.876976013183594,43.03506260368419,42.520691631636566,42.53956452574493,128828400
2018-03-13,42.46406936645508,43.29697547308859,42.29182627593345,43.08225936279556,126774000
2018-03-14,42.103065490722656,42.593843635284024,41.95441531992231,42.546654190683164,117473600
2018-03-15,42.15260696411133,42.527771454416616,42.01575867494015,42.11721578593315,90975200
2018-03-16,42.00395965576172,42.263503358462046,41.90957718178804,42.152606201744995,157618800
2018-03-19,41.3621711730957,41.8741839178001,40.97521204989259,41.838792742025426,133787200
2018-03-20,41.348018646240234,41.71610131069404,41.277232687616795,41.348018646240234,78597600
2018-03-21,40.41128158569336,41.3126114809482,40.408919774242506,41.30081322466093,148219600
2018-03-22,39.840301513671875,40.74399007936154,39.7813138025769,40.11164354457907,165963200
2018-03-23,38.91771697998047,40.092750697799936,38.91771697998047,39.731746341118516,164115200
2018-03-26,40.76521301269531,40.84307719400487,39.27164429918902,39.6562451825391,150164800
2018-03-27,39.719947814941406,41.326771823089125,39.384898186838704,40.97992393759297,163690400
2018-03-28,39.28108215332031,40.116349873437926,38.976707252129515,39.462765249555176,166674000
2018-03-29,39.58782196044922,40.52454685406839,39.38018411995231,39.59490019589132,153594000
2018-04-02,39.328269958496094,39.86152096687733,38.806820808205174,39.318833512475734,150347200
2018-04-03,39.73175048828125,39.81669291050325,38.90356457185909,39.55478740867901,121112000
2018-04-04,40.491512298583984,40.58589116765485,38.877609875339886,38.90356460438284,138422000
2018-04-05,40.77229309082031,41.10970095809457,40.602408251249656,40.720383634266895,107732800
2018-04-06,39.729393005371094,40.69678903141309,39.686919993319535,40.34050465406206,140021200
2018-04-09,40.123416900634766,40.840705438156945,40.07622748111601,40.08330571402772,116070800
2018-04-10,40.87846374511719,41.05542679163285,40.47262820374882,40.819476062945306,113634400
2018-04-11,40.687355041503906,41.03656120465478,40.51275015976679,40.63780379117197,89726400
2018-04-12,41.08847427368164,41.291392116093675,40.82892694025101,40.91623118894513,91557200
2018-04-13,41.22768020629883,41.48958572516423,41.02004596094194,41.239478465771256,100497200
2018-04-16,41.484867095947266,41.57216773081966,41.25127453197681,41.29846396703424,86313600
2018-04-17,42.05586624145508,42.22103105921441,41.6240759033909,41.642952396895254,106421600
2018-04-18,41.96147918701172,42.19271350692094,41.734968490365986,41.9544009527617,83018000
2018-04-19,40.77229309082031,41.38340471077207,40.73926012758841,40.998803810032534,139235200
2018-04-20,39.10175704956055,40.399486123833064,39.03332931855462,40.25319781665466,261964400
2018-04-23,38.98851776123047,39.38491344085385,38.71717213737783,39.363678729514895,146062000
2018-04-24,38.4458122253418,39.24568504985163,38.039976684850195,39.08995670517692,134768000
2018-04-25,38.61333465576172,39.030968446557296,38.32075806134959,38.37030569735446,113528400
2018-04-26,38.747825622558594,39.10410989613661,38.54726608028414,38.724229111589096,111852000
2018-04-27,38.29952621459961,38.77378591046077,37.90076888409943,38.695921733470556,142623200
2018-04-30,38.99322509765625,39.46512666359807,38.18627385193452,38.254701595177096,169709600
2018-05-01,39.89927673339844,39.922869650255635,38.99558485030573,39.26456858467441,214277600
2018-05-02,41.66183090209961,41.94025109400596,41.008246234203796,41.34565412103842,266157600
2018-05-03,41.73733139038086,41.88126150350442,41.15925272631259,41.49902240977298,136272800
2018-05-04,43.37483215332031,43.473931048501996,42.03934987955743,42.058226373923915,224805200
2018-05-07,43.68864440917969,44.28087953182669,43.5919037316787,43.69336083223612,169805600
2018-05-08,43.898651123046875,43.9387623307205,43.33708701496853,43.64854382795028,113611200
2018-05-09,44.207733154296875,44.21716960025953,43.70279868770983,44.016613620728904,92844800
2018-05-10,44.840087890625,44.91795208569619,44.27616562964586,44.297403937627784,111957200
2018-05-11,44.66954803466797,45.01773347087515,44.39952704477328,44.88272478303111,104848800
2018-05-14,44.5653190612793,44.89218783568116,44.49663107966157,44.76901931552591,83115200
2018-05-15,44.1602897644043,44.309513095307935,43.842897435560666,44.240821499029245,94780800
2018-05-16,44.57243347167969,44.638757775906996,44.05607901163132,44.07266099123978,76732400
2018-05-17,44.290565490722656,44.745337415133605,44.14134215417004,44.529793398825596,69176000
2018-05-18,44.12950134277344,44.48479227123444,44.086868166177105,44.33793984401655,73190800
2018-05-21,44.44215774536133,44.83060900411695,44.27161781574119,44.529795015175026,73603200
2018-05-22,44.33082962036133,44.73823013099319,44.240821438136244,44.61979983404685,60962800
2018-05-23,44.61506271362305,44.64822305301992,43.99922370858867,44.138974209238135,80233600
2018-05-24,44.5653190612793,44.72875344848023,44.10581254747259,44.712175086381805,92936000
2018-05-25,44.667171478271484,44.92061043575837,44.446889245339804,44.58426882426589,69844000
2018-05-29,44.50611114501953,44.70744412716881,44.26214498408461,44.435055847043465,90056400
2018-05-30,44.4113655090332,44.52979581705729,44.24082557634202,44.46347513370029,74762000
2018-05-31,44.26213836669922,44.58426892145429,44.089231143797164,44.34504102088553,109931200
2018-06-01,45.060367584228516,45.06510219460327,44.4705833139965,44.527431166351064,93770000
2018-06-04,45.43697738647461,45.813584939827706,45.32328529029768,45.39197328622363,105064800
2018-06-05,45.78752136230469,45.93674469474713,45.562504518317716,45.73067713219776,86264000
2018-06-06,45.94621276855469,45.96990027144925,45.458280568252995,45.86331373683474,83734400
2018-06-07,45.82305908203125,45.998333635184984,45.55777271870154,45.98412257565429,85388800
2018-06-08,45.40617370605469,45.47723260484089,44.94903450896019,45.28063788435487,106627200
2018-06-11,45.294857025146484,45.470135191540656,45.05326178604334,45.323282758257605,73234000
2018-06-12,45.54356384277344,45.621728288146265,45.27591016142466,45.33275801647942,67644400
2018-06-13,45.1693115234375,45.685669463112234,45.10772907424196,45.576712006929476,86553600
2018-06-14,45.19301986694336,45.3754036081717,45.05564023458241,45.37066538244691,86440400
2018-06-15,44.728763580322266,45.04142136826053,44.59138397176212,45.0106283276951,246876800
2018-06-18,44.705078125,44.81877021928192,44.34031071846099,44.501377831716354,73939600
2018-06-19,43.982662200927734,44.134252898292225,43.45209295304835,43.85238809830028,134314000
2018-06-20,44.174503326416016,44.34030502892865,43.9921196465491,44.138975680951184,82514800
2018-06-21,43.92816925048828,44.61269625214072,43.805000724311725,44.35214814180685,102847600
2018-06-22,43.80026626586914,44.091603822139675,43.748156639322374,44.08449829253842,108801600
2018-06-25,43.14889907836914,43.800265788904376,42.80781920439769,43.440236631467144,126652400
2018-06-26,43.68419647216797,44.181605152219255,43.23653010580411,43.34312026167635,98276800
2018-06-27,43.62025833129883,44.35926240546149,43.58946529013981,43.87369734834032,101141200
2018-06-28,43.93764877319336,44.10582141804784,43.53498640754718,43.60604532247452,69460800
2018-06-29,43.845272064208984,44.33794261618318,43.32417939272685,44.12476587725427,90950800
2018-07-02,44.33557891845703,44.36400465680161,43.44498409147925,43.53973052894946,70925200
2018-07-03,43.563392639160156,44.517940382231465,43.47338447213336,44.48004182619858,55819200
2018-07-05,43.913963317871094,44.15319488884467,43.64868054488552,43.880802971247896,66416800
2018-07-06,44.5226936340332,44.631647501648864,43.866588666289246,43.91869829487289,69940800
2018-07-09,45.14090347290039,45.164587369566405,44.8377221276043,44.885093535143056,79026400
2018-07-10,45.08641815185547,45.30669678234647,45.04614866801793,45.17168811525335,63756400
2018-07-11,44.501373291015625,44.95140701169198,44.43741991329218,44.64822571507096,75326000
2018-07-12,45.24748611450195,45.33749431095473,44.84008553947182,44.892195167501704,72164400
2018-07-13,45.31853485107422,45.439332444816515,45.21668292308296,45.25931970653681,50055600
2018-07-16,45.21905517578125,45.63119028082677,45.102992187950406,45.363540277282624,60172400
2018-07-17,45.34696578979492,45.446446818275106,44.81402938523273,44.944303451411415,62138000
2018-07-18,45.09825134277344,45.429858311211845,44.98692658509407,45.42512008780695,65573600
2018-07-19,45.448814392089844,45.60751056495076,44.93008908489338,44.93008908489338,81147200
2018-07-20,45.344600677490234,45.579090393745275,45.04378665816805,45.42513242622012,82704800
2018-07-23,45.384864807128906,45.46776747212096,44.89929979976048,45.1645825450049,63957600
2018-07-24,45.7140998840332,45.870428761408824,45.4890830167717,45.58382581955351,74791600
2018-07-25,46.14518737792969,46.15229290734002,45.57908703072764,45.728310376757044,66839600
2018-07-26,46.000701904296875,46.41520798302393,45.85858408876513,46.09544470518059,76304000
2018-07-27,45.23563766479492,46.23282240945553,45.027202788516604,46.18545101094709,96096000
2018-07-30,44.98220443725586,45.52461370570095,44.78324236959791,45.45355479176411,84118000
2018-07-31,45.072208404541016,45.51040202264655,44.847191525327275,45.07457932397056,157492000
2018-08-01,47.727420806884766,47.78900327455344,46.734974108607496,47.16606222490824,271742800
2018-08-02,49.122520446777344,49.35701374550678,47.45502338731935,47.50950031418159,249616000
2018-08-03,49.26464080810547,49.44228627005192,48.67011834903271,49.037253026563285,133789600
2018-08-06,49.52045440673828,49.56308758597164,49.04673313948885,49.26701179394074,101701600
2018-08-07,49.056209564208984,49.622306375427215,48.97330689069146,49.57967319307423,102349600
2018-08-08,49.089359283447266,49.22200064099449,48.442730858301594,48.8051272866738,90102000
2018-08-09,49.47544860839844,49.68862172565476,49.07752087819196,49.62940656928286,93970400
2018-08-10,49.32807159423828,49.701248648871726,49.12365694610047,49.287664511416764,98444800
2018-08-13,49.64658737182617,50.14098577778715,49.36848894851348,49.75117213824433,103563600
2018-08-14,49.85575485229492,50.04828424305634,49.50159347639141,49.95320916488929,82992000
2018-08-15,49.97222900390625,50.091074674801966,49.51823767063294,49.729782819752025,115230400
2018-08-16,50.70431900024414,50.82078543704205,50.264588565196455,50.33114185104727,114001600
2018-08-17,51.71687316894531,51.80481778879862,50.66627806467737,50.7328313381147,141708000
2018-08-20,51.21297073364258,52.097179061223606,51.1297773252262,51.840475640659726,121150800
2018-08-21,51.113136291503906,51.624174769984734,50.87306938072752,51.53147530672638,104639200
2018-08-22,51.11551284790039,51.42688785876659,50.827904790002165,50.889706846857685,76072400
2018-08-23,51.22011184692383,51.59090978369698,51.008566684181076,51.0204483505302,75532800
2018-08-24,51.37936019897461,51.55524946688519,51.129783570124175,51.48394496739818,73905600
2018-08-27,51.80244445800781,51.992598230563004,51.41976130548505,51.614666292865,82100400
2018-08-28,52.22077560424805,52.42043541707777,52.03537668849456,52.0567680341089,91107200
2018-08-29,53.000404357910156,53.1216292405119,52.15184831410476,52.32773755257575,109019200
2018-08-30,53.487674713134766,54.25541662193186,52.86254541291289,53.06458447532969,195175200
2018-08-31,54.10567092895508,54.40040581511717,53.718232955444314,53.83945421086117,173360400
2018-09-04,54.27918243408203,54.47408740340677,53.867977523176904,54.291067723806016,109560400
2018-09-05,53.925025939941406,54.59056232839138,53.50431493571026,54.42893397969091,133332000
2018-09-06,53.028934478759766,54.039122579920814,52.60108938112698,53.7729058375706,137160000
2018-09-07,52.60108947753906,53.56849125726914,52.46085247016068,52.73182042801115,150479200
2018-09-10,51.895145416259766,52.73181986344164,51.453039423775884,52.51789550308268,158066000
2018-09-11,53.20719528198242,53.3141556342209,51.47442379357062,51.81907542939735,142996000
2018-09-12,52.54642105102539,53.480546183459964,52.254058120534346,53.46628528477877,197114800
2018-09-13,53.81570053100586,54.276822339792844,52.90296659868154,53.12877266045021,166825600
2018-09-14,53.2048225402832,53.9178964780611,52.891071893639364,53.658813817786715,127997200
2018-09-17,51.788185119628906,52.99327820644403,51.6431932717126,52.80312442816141,148780400
2018-09-18,51.873748779296875,52.7318144869627,51.60753206645211,51.7667847965825,126286800
2018-09-19,51.90465545654297,52.20176962410917,51.174944946978975,51.93555649057207,108495200
2018-09-20,52.29921340942383,52.834018803343035,52.09004391697789,52.34913017535068,106435200
2018-09-21,51.73588562011719,52.61534264340292,51.647937378971804,52.477481263792335,384986800
2018-09-24,52.47986602783203,52.591581240683425,51.49107287269724,51.53623480472846,110773600
2018-09-25,52.81262969970703,52.962376376962496,52.22077706630428,52.232662356494316,98217600
2018-09-26,52.39192199707031,53.18343455324498,52.23504485039457,52.529783402311246,95938800
2018-09-27,53.468658447265625,53.82281979814073,53.133512836056454,53.20006973832795,120724800
2018-09-28,53.65644073486328,53.68020769111182,53.24761136781808,53.4306310757707,91717600
2018-10-01,54.01772689819336,54.53114100863598,53.801430558145704,54.181734485713775,94403200
2018-10-02,54.49787139892578,54.66900945781386,53.86799078418642,54.01535825777478,99152800
2018-10-03,55.16101837158203,55.493784720557876,54.61670329668725,54.68088095930444,114619200
2018-10-04,54.191246032714844,55.22758034599873,53.89175264455115,54.85440322801119,128168000
2018-10-05,53.3117790222168,54.291069625044074,52.42994634778662,54.184109267544954,134322000
2018-10-08,53.18819046020508,53.43301224239674,52.33963066273698,52.817392562007285,118655600
2018-10-09,53.925025939941406,54.020104639366565,52.826893256471955,53.15728402985112,107564000
2018-10-10,51.4268913269043,53.801428789479736,51.35320760203633,53.58988367132784,167962400
2018-10-11,50.97289276123047,52.17323441506255,50.466612816101424,50.98953289124066,212497600
2018-10-12,52.793609619140625,52.976632917747914,51.54097557525715,52.391910781169265,161351600
2018-10-15,51.66458511352539,52.72706559694503,51.643193765320575,52.56781284883967,123164000
2018-10-16,52.80312728881836,53.002790761616964,51.521971170529746,52.03776091925562,116736000
2018-10-17,52.574947357177734,52.91959907009634,52.13521693342788,52.83878488605126,91541600
2018-10-18,51.34607696533203,52.23028891427931,50.62824820529817,51.783428098156286,130325200
2018-10-19,52.12809371948242,52.591591165117634,51.68123278375079,51.830979507295424,132314800
2018-10-22,52.44658660888672,53.090731661055536,52.040136495902416,52.24217193523094,115168400
2018-10-23,52.94098663330078,53.064587135099785,51.032325625826005,51.300917977750274,155071200
2018-10-24,51.125022888183594,53.297521311865246,50.99429194258668,52.91008694367274,163702000
2018-10-25,52.24455642700195,52.620109173458765,51.51959712614804,51.74778240474936,119423200
2018-10-26,51.41263198852539,52.337251055718504,50.54981135734892,51.31755328671329,189033600
2018-10-29,50.44760513305664,52.21840467395424,48.9858013948358,52.09955901849961,183742000
2018-10-30,50.699562072753906,51.14641931267707,49.741666290565355,50.18852353048851,146640000
2018-10-31,52.021114349365234,52.399042618933954,51.4886845696973,51.550486624489444,153435600
2018-11-01,52.81977462768555,52.85305127321081,51.53386349188384,52.06629344717034,233292800
2018-11-02,49.31619644165039,50.78275152170692,48.82892848672315,49.808219238734324,365314800
2018-11-05,47.916194915771484,48.58173137308608,47.103290992701346,48.56034002358258,264654800
2018-11-06,48.434356689453125,48.66016269661957,47.93995835560751,47.99462633848581,127531600
2018-11-07,49.903289794921875,49.92943598408969,48.51992825709397,48.95727939691793,133697600
2018-11-08,49.72917556762695,50.117961783036826,49.314148293520866,50.08456903497334,101450400
2018-11-09,48.770328521728516,49.13764880361615,48.24081226894842,49.0279313181786,137463200
2018-11-12,46.31355667114258,47.6683559287569,46.2229176546034,47.46561190950973,204542000
2018-11-13,45.850826263427734,47.03150282339623,45.66478043650113,45.70771604861924,187531600
2018-11-14,44.5556640625,46.387501150691904,44.34814859456845,46.249158718583125,243204000
2018-11-15,45.65524673461914,45.78881774041419,44.579516079555624,44.934913222467905,185915200
2018-11-16,46.1609001159668,46.504370426945854,45.190122983790346,45.43818285308844,147713200
2018-11-19,44.33145523071289,45.485894487494335,44.12394339674172,45.318930733751046,167701200
2018-11-20,42.21339416503906,43.28435346135366,41.86276843077155,42.54493780579452,271300800
2018-11-21,42.16569137573242,42.99812997478507,42.11083263078324,42.8693267515547,124496800
2018-11-23,41.09473419189453,42.12276157593333,41.049418311264404,41.72681629814425,94496000
2018-11-26,41.65047836303711,41.7291906211315,40.61052809295259,41.559842983034116,179994000
2018-11-27,41.55984115600586,41.68625681478704,40.75841159191088,40.90867713299738,165549600
2018-11-28,43.157928466796875,43.24140851342523,41.7244169820516,42.153754894617045,184250000
2018-11-29,42.82638931274414,43.60158153162868,42.38512459387207,43.568188781627434,167080000
2018-11-30,42.59502410888672,43.01243530513629,42.22531632144402,43.00289243965284,158126000
2018-12-03,44.08340072631836,44.11202204774759,43.222340791128495,43.99753312249337,163210000
2018-12-04,42.14421844482422,43.50378555786001,42.044040198551755,43.16031520519063,165377200
2018-12-06,41.6743278503418,41.688638506875606,40.64868833749596,40.968305131871844,172393600
2018-12-07,40.188350677490234,41.6194747572786,40.14303116597106,41.38095407731387,169126400
2018-12-10,40.45310974121094,40.56998254787343,38.95758402314632,39.35591313142909,248104000
2018-12-11,40.221736907958984,40.975459368436155,39.832947097979826,40.94445415995106,189126800
2018-12-12,40.33384323120117,41.00646956931405,40.31476114252287,40.64391716349884,142510800
2018-12-13,40.77511215209961,41.161518153545806,40.441184634343124,40.66539467035261,127594400
2018-12-14,39.470394134521484,40.32906988664321,39.422690734856076,40.30998779886983,162814800
2018-12-17,39.10308074951172,40.154957818787345,38.814469126142306,39.46324566504677,177151600
2018-12-18,39.61113357543945,39.959371752085005,39.21041691518097,39.44655371352277,135366000
2018-12-19,38.375587463378906,39.94028235444971,37.94624956289331,39.59442813777997,196189200
2018-12-20,37.40719223022461,38.66658091227843,37.04225594392129,38.258709018420305,259092000
2018-12-21,35.95222091674805,37.724431453791524,35.68985035364198,37.41435384326915,382978400
2018-12-24,35.0219841003418,36.14780175098284,34.96473783962692,35.336829435433785,148676800
2018-12-26,37.48830032348633,37.50261098405414,34.99575958072882,35.372622747009245,234330000
2018-12-27,37.24500274658203,37.392888043148005,35.79480021418018,37.171061918067416,212468400
2018-12-28,37.264076232910156,37.810290502420905,36.86336332979889,37.56699844579712,169165600
2018-12-31,37.6242561340332,38.0106584993329,37.32371772587832,37.812685883662674,140014000
2019-01-02,37.667171478271484,37.88899752154522,36.78702991084952,36.94445437516825,148158800
2019-01-03,33.915252685546875,34.75723031072386,33.86993317854554,34.34220305872549,365248800
2019-01-04,35.36307907104492,35.43225211492277,34.29927874509226,34.473397843911584,234428400
2019-01-07,35.28436279296875,35.499033590805276,34.800166098962414,35.46802473744808,219111200
2019-01-08,35.95698928833008,36.21220814004065,35.425089238657485,35.67314912223568,164101200
2019-01-09,36.567596435546875,36.85859188920276,35.68984228254517,36.08578375398838,180396400
2019-01-10,36.684478759765625,36.725026835800286,35.98322742702585,36.37440116943039,143122800
2019-01-11,36.32430648803711,36.660621462294706,36.13826068090229,36.465036431002055,108092800
2019-01-14,35.778106689453125,36.08102901182758,35.59206082583094,35.98085074984158,129756800
2019-01-15,36.51036834716797,36.586693084987196,35.790034753898944,35.84250960344726,114843600
2019-01-16,36.956390380859375,37.180600375929615,36.49365973393336,36.512741822826186,122278800
2019-01-17,37.17583084106445,37.605168764223066,36.55567565877573,36.77988566528837,119284800
2019-01-18,37.40481185913086,37.657643177830934,37.204451737553185,37.56700416186809,135004000
2019-01-22,36.565216064453125,37.38334014007424,36.403020131262494,37.30701542527696,121576000
2019-01-23,36.713104248046875,37.00409978164385,36.1835880239302,36.76796298779607,92522400
2019-01-24,36.42210388183594,36.84667036346506,36.193126087459284,36.7584188843341,101766000
2019-01-25,37.6290168762207,37.71727199264311,36.8085088877834,37.08519007898912,134142000
2019-01-28,37.28078079223633,37.287936121047366,36.65108638010935,37.15913292337564,104768400
2019-01-29,36.89437484741211,37.7172740562397,36.75841996043398,37.26885403978137,166348800
2019-01-30,39.4155387878418,39.630205924517746,38.218164063991175,38.93849747119621,244439200
2019-01-31,39.69937515258789,40.30998739710586,39.250955193222985,39.62066290613324,162958400
2019-02-01,39.71846008300781,40.30521885015985,39.57773013195106,39.823409752459085,130672400
2019-02-04,40.84666442871094,40.944458776160424,39.89973708480651,39.9307459363238,125982000
2019-02-05,41.5455207824707,41.760191529038174,41.109031240808925,41.230675449522025,144406400
2019-02-06,41.55984115600586,41.87707407091184,41.2282975838094,41.65763186066964,112958400
2019-02-07,40.77271270751953,41.4882745208785,40.6295988890335,41.12095075188096,126966800
2019-02-08,40.82062911987305,40.88051502481208,40.343936000705995,40.480477618436844,95280000
2019-02-11,40.585872650146484,41.012263644587904,40.54275655421891,40.973935789221976,83973600
2019-02-12,40.93560791015625,40.96195785381189,40.650550425648554,40.746370064007905,89134000
2019-02-13,40.765533447265625,41.31648453065105,40.70325341893869,41.055382849595446,89960800
2019-02-14,40.91405487060547,41.02424289927531,40.573903336868185,40.65295317751181,87342800
2019-02-15,40.823020935058594,41.12963645862106,40.6625271575021,41.021842566846736,98507200
2019-02-19,40.94518280029297,41.067352366654916,40.6002431118313,40.65294299239037,75891200
2019-02-20,41.20869064331055,41.51770397489298,40.95956687476161,41.00747487004267,104457600
2019-02-21,40.97633743286133,41.29013903910054,40.79428556916617,41.15360105511571,68998800
2019-02-22,41.43385696411133,41.441042979730874,41.052983515694336,41.10089150487306,75652800
2019-02-25,41.735687255859375,42.12853867814377,41.66861532926052,41.71892110178259,87493600
2019-02-26,41.7596435546875,41.992001179873725,41.481772052691156,41.611127666272104,68280800
2019-02-27,41.88900375366211,41.92014560289975,41.3763804050668,41.4913640075689,111341600
2019-02-28,41.47698211669922,41.89858128590096,41.42188809986802,41.75725140765541,112861600
2019-03-01,41.91294860839844,41.95606470668543,41.41469742681215,41.747662921340286,103544800
2019-03-04,42.123748779296875,42.57888021404128,41.67340558544547,42.08542092127852,109744800
2019-03-05,42.04710006713867,42.15968588435519,41.8099505181865,42.14531384899076,78949600
2019-03-06,41.80516815185547,42.037525836626614,41.666232365229135,41.841098245316225,83241600
2019-03-07,41.32128143310547,41.785996719263494,41.20630149951515,41.64945507831872,99185600
2019-03-08,41.419490814208984,41.45781867305242,40.602646141444055,40.79907367665731,95997600
2019-03-11,42.854347229003906,42.907047111756675,42.00397039988766,42.03750635662623,128044000
2019-03-12,43.335845947265625,43.757441487989446,42.96694665087926,43.117860331686984,129870400
2019-03-13,43.52747344970703,43.90834693397059,43.33823194019415,43.6568253981783,124130000
2019-03-14,44.011356353759766,44.09998999492004,43.73109070555793,44.05207833801341,94318000
2019-03-15,44.5838623046875,44.87371172513711,44.013750911673355,44.27964450542116,156171600
2019-03-18,45.039005279541016,45.127635274529545,44.504820223140726,44.507217999316595,104879200
2019-03-19,44.682064056396484,45.27134287635849,44.53594232517609,45.11803513008996,126585600
2019-03-20,45.07252502441406,45.39111845365516,44.25088856897222,44.610203971931234,124140800
2019-03-21,46.73256301879883,47.02959841754158,45.46777302277407,45.51807879023726,204136800
2019-03-22,45.76480484008789,47.35537417456332,45.70012704559544,46.792445260758115,169630800
2019-03-25,45.211463928222656,45.9875829138425,44.69884073019582,45.87499712059471,175381200
2019-03-26,44.74435806274414,46.20318171113243,44.21496862789286,45.910938157311506,199202000
2019-03-27,45.146785736083984,45.45579539339186,44.686862430594424,45.21385765635462,119393600
2019-03-28,45.20667266845703,45.407888433845436,44.92161517325066,45.261766678115514,83121600
2019-03-29,45.501319885253906,45.53246173234279,45.16356242960888,45.47257581418501,94256000
2019-04-01,45.810333251953125,45.91572939754674,45.12523820228959,45.90614925890964,111448000
2019-04-02,46.476261138916016,46.58166093233031,45.76481618851566,45.77439632648691,91062800
2019-04-03,46.79485321044922,47.07032694424774,46.2678542594757,46.29181008639122,93087200
2019-04-04,46.87629318237305,47.03918109506206,46.26545619949787,46.660701723928206,76457200
2019-04-05,47.190101623535156,47.21405745190001,46.93378814958688,47.05835187782091,74106400
2019-04-08,47.932674407958984,47.963812589541575,47.03198815923786,47.05115208528992,103526800
2019-04-09,47.788963317871094,48.59143609378865,47.72428550196982,47.98539088647999,143072800
2019-04-10,48.057247161865234,48.08599488612335,47.47276005561383,47.592531883775315,86781200
2019-04-11,47.657196044921875,48.148261130767175,47.53503013103932,48.11233105466792,83603200
2019-04-12,47.63804244995117,47.942263895762856,47.0008591463609,47.71709228965716,111042800
2019-04-15,47.72426986694336,47.87278938276906,47.432026385823875,47.568567990755454,70146400
2019-04-16,47.72906494140625,48.236896231863994,47.56377926343582,47.77937070845417,102785600
2019-04-17,48.65849685668945,48.71838276188199,47.57575866736756,47.79853248021393,115627200
2019-04-18,48.8333625793457,48.90282862096692,48.51237500538665,48.65609898447572,96783200
2019-04-22,48.99385452270508,49.09206828056482,48.46925342917841,48.58663111455801,77758000
2019-04-23,49.70051574707031,49.76519355636063,48.84294903681971,48.96990687959393,93292000
2019-04-24,49.62385940551758,49.940055097317824,49.59750945993875,49.671767400621164,70162400
2019-04-25,49.173519134521484,49.767586350455105,49.13519127410101,49.54481251515973,74172800
2019-04-26,48.93876647949219,49.10644629679352,48.41655944258701,49.08249047068796,74596400
2019-04-29,49.01302719116211,49.33880670680806,48.83336945066205,48.96272141555781,88818800
2019-04-30,48.06922149658203,48.72317460621088,47.695534005365545,48.64173064636029,186139600
2019-05-01,50.428733825683594,51.57614638292722,50.119720448216015,50.27542602493222,259309200
2019-05-02,50.100555419921875,50.938958236498166,49.856223516510624,50.26584113144174,127985200
2019-05-03,50.72336196899414,50.74492001774366,50.359254640038046,50.5173543078257,83569600
2019-05-06,49.9400520324707,50.02628788042311,48.747125848417014,48.93636369676356,129772400
2019-05-07,48.59381866455078,49.68613698164829,48.107545410712596,49.31724141689522,155054800
2019-05-08,48.60340881347656,49.187895948680975,48.327935057117806,48.363865145287626,105358000
2019-05-09,48.08120346069336,48.3111633261349,47.10865679131575,48.004547735448746,139634400
2019-05-10,47.415103912353516,47.81668552890856,46.35465119827149,47.47281709736525,164834800
2019-05-13,44.65937042236328,45.5635217596621,43.96923379622501,45.13789934696811,229722400
2019-05-14,45.36634063720703,45.61642379613462,44.58482572037819,44.82529184863322,146118800
2019-05-15,45.9097900390625,46.10937735396515,44.731507548292626,44.79162407678541,106178800
2019-05-16,45.70779800415039,46.282511852423546,45.40961871090756,45.66691920631592,132125600
2019-05-17,45.44809341430664,45.9049775417883,44.9094480232914,44.950326820447415,131516400
2019-05-20,44.02693557739258,44.329925199368866,43.35122645095554,44.1303379041814,154449200
2019-05-21,44.8709716796875,45.207622721628184,44.41408392937239,44.539127317473714,113459200
2019-05-22,43.9524040222168,44.65697177245535,43.89709783331378,44.404481572960684,118994400
2019-05-23,43.202144622802734,43.41375231638336,42.757280826698924,43.23580973331932,146118800
2019-05-24,43.03621292114258,43.79848992414782,42.952048328798284,43.331985160408465,94858800
2019-05-28,42.85826873779297,43.42576883768874,42.7813214996013,43.02419092133344,111792800
2019-05-29,42.65387725830078,43.12759576068828,42.32203287185921,42.42302819181503,113924800
2019-05-30,42.87510299682617,43.09873469103787,42.48314211045631,42.790938400747095,84873600
2019-05-31,42.09840393066406,42.800564536423366,42.07916620142415,42.37734183158862,108174400
2019-06-03,41.67277526855469,42.78372746053402,40.94416328950052,42.22584802449842,161584400
2019-06-04,43.19734191894531,43.243031077566705,41.96615632302049,42.18738475546183,123872000
2019-06-05,43.894683837890625,44.4838287660272,43.55803273828841,44.313096206729206,119093600
2019-06-06,44.53913879394531,44.59925532901227,43.80090598209646,44.02454140054104,90105200
2019-06-07,45.7246208190918,46.15024678177528,44.67138194883943,44.84932448874321,122737600
2019-06-10,46.3089714050293,46.97987034614102,46.07812228757985,46.12381144295584,104883600
2019-06-11,46.8452033996582,47.13135866433859,46.554241454504776,46.85722743928427,107731600
2019-06-12,46.69612121582031,47.124150659751855,46.503747566259335,46.638408020185366,73012800
2019-06-13,46.686492919921875,47.32132329173808,46.55423949726058,46.818750011804745,86698400
2019-06-14,46.347442626953125,46.55183663331729,45.760704690148856,46.06128734882138,75046000
2019-06-17,46.62398147583008,46.88128201644807,46.210379406074495,46.385918667435874,58676400
2019-06-18,47.72050476074219,48.16296157783631,46.94139681525517,47.143387492290906,106204000
2019-06-19,47.581024169921875,48.06436336029958,47.44636374626964,48.01626720680548,84496800
2019-06-20,47.96336364746094,48.23989815860515,47.61949526143936,48.182184981233554,86056000
2019-06-21,47.79985809326172,48.29762475468286,47.64836325383406,47.80466844335108,191202400
2019-06-24,47.75175476074219,48.13169160867431,47.65316278701106,47.74213406274728,72881600
2019-06-25,47.0279541015625,47.915270874894674,46.96062022194022,47.715683583626934,84281200
2019-06-26,48.04513168334961,48.331286954258495,47.45599042106641,47.556985751524515,104270000
2019-06-27,48.03071212768555,48.47076564086888,47.98983332078512,48.162965580330656,83598800
2019-06-28,47.59304428100586,47.97298111308519,47.38383997361081,47.775797173850414,124442400
2019-07-01,48.465946197509766,49.1729171624725,48.24952449254186,48.85550012954159,109012000
2019-07-02,48.74969482421875,48.84588347245747,48.42025741840279,48.43228145808535,67740800
2019-07-03,49.15367889404297,49.16089258387397,48.74007688736449,48.881951013003054,45448000
2019-07-05,49.11039352416992,49.3147911891304,48.79057315166156,48.898785838535765,69062000
2019-07-08,48.09803771972656,48.42987849350585,47.71088709263234,48.28800435337881,101354400
2019-07-09,48.39141082763672,48.45633404828326,47.807076157261235,47.90085781186195,82312000
2019-07-10,48.86992263793945,48.99015568341827,48.468344706346755,48.538081927488435,71588400
2019-07-11,48.514034271240234,49.14886461010248,48.504417241975965,48.88916078931046,80767200
2019-07-12,48.88676452636719,49.05509008201993,48.622250318040074,48.68236685000333,70380800
2019-07-15,49.3460578918457,49.50476275463342,49.05509224982773,49.076733321677594,67789600
2019-07-16,49.175315856933594,49.56246641216046,48.93484976472365,49.19695692461936,67467200
2019-07-17,48.898780822753906,49.317189470654924,48.87954309526561,49.06710635174979,56430000
2019-07-18,49.45426940917969,49.50717225584537,48.98295413958238,49.055094718601254,74162400
2019-07-19,48.716026306152344,49.65624963752938,48.660720130548256,49.4855170921148,83717200
2019-07-22,49.82939529418945,49.83179863474039,48.96131235641413,48.97092938784009,89111600
2019-07-23,50.21894454956055,50.23577893949856,49.84622132281841,50.12756991734035,73420800
2019-07-24,50.17806625366211,50.29348896717759,49.81736706335707,49.93760012679208,59966400
2019-07-25,49.78129577636719,50.315130841148026,49.711558548782996,50.230966233848946,55638400
2019-07-26,49.954429626464844,50.43295482378756,49.810148496778886,49.89190609129754,70475600
2019-07-29,50.42094039916992,50.651789516842044,50.122764722486984,50.12757507285285,86693600
2019-07-30,50.20451736450195,50.53636179168531,49.85103186664713,50.19970701461211,135742800
2019-07-31,51.22889709472656,53.23198017795233,50.810488422778725,52.04167369901754,277125600
2019-08-01,50.1203498840332,52.428826023287826,49.713965237539156,51.43569980814029,216071600
2019-08-02,49.05989074707031,49.639411212184626,48.48517696172439,49.422993207528634,163448400
2019-08-05,46.49171829223633,47.76859278950879,46.30896536379563,47.60988794051476,209572000
2019-08-06,47.37181091308594,47.62911134272303,46.66002980470633,47.205888754792205,143299200
2019-08-07,47.86238098144531,47.98742440708855,46.60715105150975,46.98949135019447,133457600
2019-08-08,48.91801452636719,48.94206260285854,47.94653314519031,48.14131008941781,108038000
2019-08-09,48.51491165161133,48.94215110768236,48.10456317767397,48.589738776126744,98478800
2019-08-12,48.391807556152344,48.77077550265309,48.0707720711696,48.18422083966585,89927600
2019-08-13,50.44111633300781,51.20628954199065,48.391801348814106,48.52214844971906,188874000
2019-08-14,48.93975067138672,49.830442653923,48.90112902240945,49.03871726570479,146189600
2019-08-15,48.69594955444336,49.516639188429856,48.196291730051655,49.111122997470645,108909600
2019-08-16,49.844913482666016,50.00422498598846,49.202842526726954,49.309050195608584,110481600
2019-08-19,50.77423095703125,51.34871224697253,50.69698767052605,50.83940083646206,97654400
2019-08-20,50.77664566040039,51.49837245736053,50.76699209074424,50.90216416490711,107537200
2019-08-21,51.32699203491211,51.570784266648715,51.075958705026295,51.411476424203315,86141600
2019-08-22,51.283546447753906,51.76147735075136,50.8707854293723,51.45975264476458,89014800
2019-08-23,48.91319274902344,51.18457709703032,48.517330103465945,50.55215964287231,187272000
2019-08-26,49.84251403808594,50.01147915402969,49.497339024006365,49.69044359215492,104174400
2019-08-27,49.280094146728516,50.339751177221146,49.12802371480747,50.17319854857676,103493200
2019-08-28,49.61077880859375,49.6566415495546,49.0773316334955,49.265607540372834,63755200
2019-08-29,50.45078659057617,50.52561741637963,49.88354631636416,50.327684228474034,83962000
2019-08-30,50.38561248779297,50.79836981530883,50.01388559438315,50.72837130541788,84573600
2019-09-03,49.65180969238281,49.96077545193079,49.29456872349841,49.82801586388384,80092000
2019-09-04,50.494232177734375,50.56423068697994,50.042853208775554,50.30112763465436,76752400
2019-09-05,51.48147201538086,51.648024629695904,51.05422883298523,51.172506234654826,95654800
2019-09-06,51.47663879394531,51.75664015872142,51.29560400031354,51.66733083914168,77449200
2019-09-09,51.69629669189453,52.24422971409327,50.94802173358443,51.85802067014054,109237600
2019-09-10,52.30699157714844,52.32630239930841,51.10250897061731,51.621473964701686,127111600
2019-09-11,53.97010040283203,53.999068478984455,52.55561484229116,52.637686761033,177158400
2019-09-12,53.84940719604492,54.65320220033747,53.79389088518872,54.26216818647291,128906800
2019-09-13,52.80182647705078,53.29423960394785,52.38424049208367,53.10355119977679,159053200
2019-09-16,53.07939910888672,53.13491909652476,52.5145714464053,52.555605556945004,84632400
2019-09-17,53.27251052856445,53.30147860335445,52.89113007843354,53.09389186931263,73274800
2019-09-18,53.77216720581055,53.79147802752684,52.96837220728765,53.359406218345356,101360000
2019-09-19,53.335269927978516,54.011130265575346,53.192853079619624,53.58871571299603,88242400
2019-09-20,52.55561828613281,53.72148306147542,52.49286086948886,53.436656689979976,221652400
2019-09-23,52.79458236694336,53.06492652447317,52.53630425110384,52.85009868147261,76662000
2019-09-24,52.54352951049805,53.704568921191424,52.425255818813,53.35215295079094,124763200
2019-09-25,53.3521614074707,53.46561017518164,52.413194405445246,52.753540708578065,87613600
2019-09-26,53.07699203491211,53.33044150405339,52.82113009425691,53.10354395421572,75334000
2019-09-27,52.8187255859375,53.33527817131622,52.44699865964366,53.23389542184468,101408000
2019-09-30,54.061824798583984,54.209066598575575,53.29423525141317,53.32078717217109,103909600
2019-10-01,54.21147537231445,55.08768501439445,54.1173374202601,54.32734030035255,139223200
2019-10-02,52.852516174316406,53.967689535520684,52.603891622167716,53.84217102356307,138449200
2019-10-03,53.30147171020508,53.33526472378757,51.92802050967,52.72457064170894,114426000
2019-10-04,54.79561996459961,54.91148490544862,54.042516264895916,54.46493086010512,138478800
2019-10-07,54.80768585205078,55.50044456107499,54.5132022602144,54.616997468728556,122306000
2019-10-08,54.16561508178711,55.04906586143017,54.14872041432739,54.50837757211548,111820000
2019-10-09,54.80044937133789,54.983896672215714,54.46493163540789,54.80044937133789,74770400
2019-10-10,55.539058685302734,55.62354306025497,54.8656108895864,55.01767760807332,113013600
2019-10-11,57.01631546020508,57.36148675350635,56.07493217425429,56.22941507530571,166795600
2019-10-14,56.93424606323242,57.479766709202984,56.64459107132722,56.70010738801131,96427600
2019-10-15,56.801490783691406,57.36390242184985,56.695283092707,57.05976522934613,87360000
2019-10-16,56.572166442871094,56.78216931364028,56.28975259924604,56.33078671158516,73903200
2019-10-17,56.79182052612305,57.0018197050174,56.36699354262349,56.74595778977549,67585200
2019-10-18,57.0645866394043,57.347000500262524,56.55285907330156,56.62527373373863,97433600
2019-10-21,58.05424499511719,58.170109932280326,57.284246651344915,57.332521866914796,87247200
2019-10-22,57.92148208618164,58.46217032840311,57.83941017813381,58.21113702782348,82293600
2019-10-23,58.69872283935547,58.713208717472334,58.22562061608776,58.43803596385183,75828800
2019-10-24,58.79528045654297,59.0897640487482,58.368037264054614,59.0197618580704,69275200
2019-10-25,59.5194091796875,59.55561466282894,58.626304991632104,58.693891015604166,73477200
2019-10-28,60.115623474121094,60.16389868427639,59.55320825206391,59.722173329188664,96572800
2019-10-29,58.725284576416016,60.28459956308395,58.55149452474422,60.096323630873314,142839600
2019-10-30,58.71803283691406,59.21044955743216,58.22320732815401,59.080102438345776,124522000
2019-10-31,60.04561996459961,60.14458653729117,57.269753085514594,59.67872542898006,139162000
2019-11-01,61.74977493286133,61.776323171898355,60.142184770196394,60.23390657884497,151125200
2019-11-04,62.1552848815918,62.2397692663464,61.64356099632433,62.11424708339946,103272000
2019-11-05,62.06597900390625,62.32184096076288,61.870461987182324,62.04666449792139,79897600
2019-11-06,62.09252166748047,62.15286660219582,61.64114273442168,61.97907289556262,75864400
2019-11-07,62.80915069580078,63.031890023003186,62.489571073987236,62.642098047509194,94940400
2019-11-08,62.98105239868164,63.05368077510986,62.18452672446015,62.62999800624924,69986400
2019-11-11,63.47980499267578,63.54517055003709,62.53075206980724,62.53559150013071,81821200
2019-11-12,63.42167663574219,63.622627457208516,63.16989333939946,63.322412929352005,87388800
2019-11-13,64.02935028076172,64.10440205288621,63.206196807227386,63.2207224799973,102734400
2019-11-14,63.58632278442383,64.12863444347389,63.45558429931632,63.85505520490024,89182800
2019-11-15,64.34168243408203,64.34652186335124,63.67589518170433,63.83810102930176,100206400
2019-11-18,64.66607666015625,64.74596784881717,63.97123832237503,64.35133655604389,86703200
2019-11-19,64.4699935913086,64.88399011619691,64.25210107233796,64.85977819443546,76167200
2019-11-20,63.71945571899414,64.4191335720535,63.04398239445803,64.288402519645,106234400
2019-11-21,63.43378829956055,63.91799719185671,63.23283747173048,63.8405219958634,121395200
2019-11-22,63.37810134887695,63.71704609436151,63.15052257938561,63.574205358351634,65325200
2019-11-25,64.48936462402344,64.50631370965866,63.55726096383039,63.6032614028735,84020400
2019-11-26,63.98579788208008,64.68063658787135,63.552428775191956,64.62737330440775,105207600
2019-11-27,64.84527587890625,64.87917405927197,64.23275171873625,64.29811728144236,65235600
2019-11-29,64.7024154663086,64.88399380718693,64.37557297503929,64.54504904856904,46617600
2019-12-02,63.954322814941406,64.94452929010471,63.782430696208706,64.7072642306221,94487200
2019-12-03,62.81399917602539,62.83336428008396,62.04894826799311,62.53799657121353,114430400
2019-12-04,63.36843490600586,63.74854077686503,63.111804705049074,63.20622901460823,67181600
2019-12-05,64.29811096191406,64.37317015556901,63.608119035833845,63.864749219160075,74424400
2019-12-06,65.54008483886719,65.61029718875501,64.7145078879973,64.75809229839278,106075600
2019-12-09,64.62251281738281,65.56187172842363,64.13588058559877,65.36819115445321,128042400
2019-12-10,65.00021362304688,65.38515886065719,64.36589367746889,65.02926497857332,90420400
2019-12-11,65.55461883544922,65.63451744095087,65.0050443974032,65.08009618533418,78756800
2019-12-12,65.72167205810547,65.98798843132002,64.71936347511442,64.83072945357088,137310400
2019-12-13,66.61504364013672,66.65135783305587,65.59336247817265,65.72167755211505,133587600
2019-12-16,67.75534057617188,67.98050330577985,67.05808604111581,67.06292546975874,128186000
2019-12-17,67.88851165771484,68.21777017270394,67.49871964004858,67.68514480049657,114158400
2019-12-18,67.72628784179688,68.24923427372028,67.5761842840897,67.74081351586915,116028400
2019-12-19,67.79407501220703,68.07491701766699,67.53502890572648,67.66818337738994,98369200
2019-12-20,67.65367126464844,68.43082451674849,67.44061815652887,68.32914478051804,275978000
2019-12-23,68.75764465332031,68.81817074896584,67.87880456239694,67.9175421502228,98572000
2019-12-24,68.82302856445312,68.97313952804878,68.49619347139719,68.92471568321903,48478800
2019-12-26,70.1884994506836,70.2054485347973,68.92713738051157,68.95618873131151,93121200
2019-12-27,70.16185760498047,71.17143628217687,69.7551239546679,70.48143721098629,146266000
2019-12-30,70.57829284667969,70.86155832914824,69.05303763215029,70.07955822664286,144114400
2019-12-31,71.09395599365234,71.10121883015677,70.0940636337167,70.19332732490382,100805600
2020-01-02,72.71605682373047,72.77658292273667,71.46679725362982,71.72100391407992,135480400
2020-01-03,72.0091323852539,72.77176000550182,71.78397699623217,71.9413434276417,146322800
2020-01-06,72.58290100097656,72.62163859417052,70.87606782262263,71.12785848416316,118387200
2020-01-07,72.24154663085938,72.84922374466596,72.02123070618616,72.59259363206662,108872000
2020-01-08,73.40364074707031,73.70627127642481,71.94375136900179,71.94375136900179,132079200
2020-01-09,74.96278381347656,75.15646437101954,74.13236752506255,74.38415077218049,170108400
2020-01-10,75.13226318359375,75.69879404161257,74.62868922900458,75.19763610714092,140644800
2020-01-13,76.7374267578125,76.76406209011934,75.33080045122755,75.44943665950792,121532000
2020-01-14,75.70121765136719,76.88511195829709,75.57774940600967,76.67448226895164,161954400
2020-01-15,75.37680053710938,76.38395596192076,74.94343149157285,75.50027617412253,121923600
2020-01-16,76.32099914550781,76.43237250443956,75.5583716587375,75.92152830847965,108829200
2020-01-17,77.16596221923828,77.16837823985516,76.26290986480943,76.57037988918707,137816400
2020-01-21,76.64302062988281,77.23617220085674,76.50501929653306,76.7931242324277,110843200
2020-01-22,76.9166030883789,77.47101707718141,76.82217878633332,77.12964884342462,101832400
2020-01-23,77.28701782226562,77.3669090518308,76.42027962377395,76.96986153628443,104472000
2020-01-24,77.06427764892578,78.27963949778808,76.87301303795586,77.53396093858308,146537600
2020-01-27,74.79816436767578,75.48089322464955,73.81279759380895,75.06689673049003,161940000
2020-01-28,76.91414642333984,77.08603847633346,75.58257224071698,75.68183593003438,162234000
2020-01-29,78.52416229248047,79.37395133976464,77.80753513570895,78.5507976259598,216229200
2020-01-30,78.41036224365234,78.46362551493233,77.17078871761717,77.60415772537527,126743200
2020-01-31,74.93374633789062,78.12225762194025,74.63837863048332,77.69857485901245,199588400
2020-02-03,74.72796630859375,75.89732764326911,73.16881293673191,73.67238698147514,173788400
2020-02-04,77.19499206542969,77.38625661675313,75.93120675854502,76.33794039127015,136616400
2020-02-05,77.82447814941406,78.62584328517734,77.21921702642419,78.32562874403418,118826800
2020-02-06,78.73477172851562,78.73719513687406,77.53635935306664,78.09561993929752,105425600
2020-02-07,77.66456604003906,78.48239314790939,77.17192792843306,78.23243405494627,117684000
2020-02-10,78.03343963623047,78.03343963623047,76.1648155367922,76.24489635857795,109348800
2020-02-11,77.56265258789062,78.60374785280499,77.34424291008455,78.53094709552873,94323200
2020-02-12,79.40457916259766,79.40943007689862,78.01402569685219,78.01402569685219,113730400
2020-02-13,78.83912658691406,79.16674472243865,78.47025716819051,78.67410664216737,94747600
2020-02-14,78.85855865478516,79.10851777495836,78.34893117896286,78.80759072301922,80113600
2020-02-18,77.41461181640625,77.59662109183667,76.34924730268484,76.53125657811528,152531200
2020-02-19,78.53577423095703,78.76632223582008,77.65727746459481,77.65727746459481,93984000
2020-02-20,77.73009490966797,78.78575023333428,77.22289659591061,78.29554123010857,100566000
2020-02-21,75.97066497802734,77.76649566805042,75.35183643347615,77.32238890983989,129554000
2020-02-24,72.36202239990234,73.81809639904387,70.19004979476811,72.13876186738017,222195200
2020-02-25,69.91096496582031,73.4176795737371,69.43774534651452,73.03425000192122,230673600
2020-02-26,71.02002716064453,72.28924134156426,69.5275523864246,69.53483246216315,198054800
2020-02-27,66.3775634765625,69.40620033933959,66.24166381662789,68.21707461192374,320605600
2020-02-28,66.33872985839844,67.56426328843753,62.21561589566721,62.43160376696,426510000
2020-03-02,72.5149154663086,73.15316245707646,67.39681595785085,68.50343166746465,341397200
2020-03-03,70.21188354492188,73.77440915704527,69.3576488043323,73.69432835310232,319475600
2020-03-04,73.46864318847656,73.6288122283086,71.13650139150472,71.93976834476976,219178400
2020-03-05,71.08554077148438,72.69449642985231,70.71909308665877,71.71650028960082,187572800
2020-03-06,70.14152526855469,70.57592284013839,68.24863164787311,68.43549184953756,226176800
2020-03-09,64.5938720703125,67.48660157527603,63.82457638904733,64.00658563730508,286744800
2020-03-10,69.24604034423828,69.5129887846972,65.37045555760074,67.25607654604191,285290000
2020-03-11,66.8410873413086,68.24620108036899,65.97472137640763,67.31674360006403,255598800
2020-03-12,60.24021530151367,65.52333888472222,60.18440016078189,62.111272274536645,418474000
2020-03-13,67.4574966430664,67.93072375869788,61.38566570157223,64.28325788918951,370732000
2020-03-16,58.7792854309082,62.873275496652674,58.242963182289955,58.716186517548486,322423600
2020-03-17,61.36382293701172,62.516544687820904,57.854682347294336,60.06548857627604,324056000
2020-03-18,59.86164474487305,60.66976647872835,57.54405892478789,58.18716067125561,300233600
2020-03-19,59.40297317504883,61.35896558109421,58.87636011980493,60.036365596883776,271857200
2020-03-20,55.63174057006836,61.11385881136198,55.330817248448476,59.98539913252844,401693200
2020-03-23,54.44989013671875,55.45215566699075,51.59598621533572,55.35023092369006,336752800
2020-03-24,59.912601470947266,60.109170897229895,56.859698759909456,57.35961698057595,287531200
2020-03-25,59.582557678222656,62.67186075528643,59.28648895944169,60.851767993758266,303602000
2020-03-26,62.71797561645508,62.77621621978865,59.786412185369784,59.825241722917845,252087200
2020-03-27,60.12130355834961,62.09428153233142,59.95385443702902,61.33712415208677,204216800
2020-03-30,61.8370475769043,62.0093513301557,60.52415303960045,60.84934577792082,167976400
2020-03-31,61.71084976196289,63.700817094858024,61.15511640489983,62.0287624061651,197002000
2020-04-01,58.463802337646484,60.35912485054445,58.03183398758983,59.82037714150967,176218400
2020-04-02,59.439369201660156,59.49275888105111,57.49065701285396,58.32547341461665,165934000
2020-04-03,58.585140228271484,59.626231543601605,57.99300285608874,58.9224639013772,129880000
2020-04-06,63.69596481323242,63.851275540137046,60.51929722354272,60.88816668017039,201820400
2020-04-07,62.95821762084961,65.93589399470639,62.853867417629125,65.71747694762487,202887200
2020-04-08,64.5696029663086,64.88508270225176,63.395037501230945,63.76147775323179,168895200
2020-04-09,65.03555297851562,65.54032952455171,64.2371442763535,65.20786042767898,161834800
2020-04-13,66.31204986572266,66.42125839971293,64.51136807094039,65.11321477612952,131022800
2020-04-14,69.66100311279297,69.95222087152594,67.47689214022147,67.95011914666873,194994800
2020-04-15,69.02518463134766,69.48627323972364,68.10300741459568,68.5325465687292,131154400
2020-04-16,69.57364654541016,69.94009422345636,68.5204205220071,69.7410956561746,157125200
2020-04-17,68.629638671875,69.63676274652339,67.18812439019051,69.08830567330986,215250000
2020-04-20,67.20510864257812,68.35783414900595,67.18569757688921,67.4526460174679,130015200
2020-04-21,65.12777709960938,67.2827683027009,64.41430008220807,67.04736932204841,180991600
2020-04-22,67.00369262695312,67.44051199003249,66.0572457362962,66.39941670732112,116862400
2020-04-23,66.74400329589844,68.37480642869768,66.7051737682157,66.94785276175145,124814400
2020-04-24,68.6708984375,68.68060767421453,67.22210405742399,67.27064283501898,126161200
2020-04-27,68.71942901611328,69.05189812563647,67.93800218832392,68.38695250061332,117087600
2020-04-28,67.60552215576172,69.36494515545422,67.51331034369456,69.18293587962397,112004800
2020-04-29,69.82603454589844,70.29683242001799,68.89414803177873,69.0979975124322,137280800
2020-04-30,71.29911804199219,71.47627645468361,69.97652136415695,70.36723116809276,183064000
2020-05-01,70.15123748779297,72.56103877053023,69.36981062017894,69.46688076275679,240616800
2020-05-04,71.1437759399414,71.27239551263796,69.48385248239573,70.17548910786692,133568000
2020-05-05,72.2115707397461,73.04638718577591,71.45926427424553,71.60487317175793,147751200
2020-05-06,72.95661163330078,73.59000046531965,72.52949409062046,72.91535293184648,142333600
2020-05-07,73.71131896972656,74.05835557711725,73.28177979492443,73.58512855265982,115215200
2020-05-08,75.46578979492188,75.51932400836401,74.04470854157813,74.37321360469922,133838400
2020-05-11,76.65327453613281,77.14967462162217,74.76254909308051,74.97182191133705,145946400
2020-05-12,75.77723693847656,77.79205798459127,75.655568982972,77.33944932858249,162301200
2020-05-13,74.8623046875,76.88199755928032,73.78189245874619,75.95731647939719,200622400
2020-05-14,75.32221221923828,75.38304620688119,73.37308887883164,74.09823268490378,158929200
2020-05-15,74.8769302368164,74.9231646781575,73.05190995027785,73.08598056011931,166348400
2020-05-18,76.6410903930664,77.01582984347145,75.51201542213853,76.20552437986748,135178400
2020-05-19,76.1982421875,77.50738369119736,76.1666073178484,76.65814338759236,101729600
2020-05-20,77.68013763427734,77.75069971271533,77.02069186607584,77.05962650901947,111504800
2020-05-21,77.10099792480469,78.08407725078851,76.86252601832638,77.54143540411926,102688800
2020-05-22,77.59739685058594,77.68013017413679,76.73598559499173,76.83818252513326,81803200
2020-05-26,77.07180786132812,78.89925602718259,77.01583791238306,78.71918977774382,125522000
2020-05-27,77.40760040283203,77.55360346730318,76.18605652967298,76.92823567989113,112945200
2020-05-28,77.4416732788086,78.70458757066594,76.80413421876992,77.08153336599706,133560800
2020-05-29,77.3662338256836,78.14734015890691,77.00852967618476,77.68500333141107,153532400
2020-06-01,78.31768035888672,78.43934833911615,77.18859793786604,77.32000143580059,80791200
2020-06-02,78.68025207519531,78.70458715753213,77.60713955055513,78.05001280060178,87642800
2020-06-03,79.1133804321289,79.37618740858451,78.42717129207927,79.00144797787304,104491200
2020-06-04,78.43204498291016,79.23505064541881,78.05730554159499,78.93575218035002,87560400
2020-06-05,80.66587829589844,80.7267122915967,78.6534923915688,78.68269152133999,137250400
2020-06-08,81.1427993774414,81.17686997307266,79.64872058754821,80.36169309987528,95654400
2020-06-09,83.70513153076172,84.09933458379527,80.7899715861673,80.82160644800746,147712400
2020-06-10,85.85865020751953,86.32828677869298,84.2161326502249,84.65657009743241,166651600
2020-06-11,81.73654174804688,85.42551553412683,81.63434481058569,84.99967763398335,201662400
2020-06-12,82.44222259521484,84.63224629678102,81.32774713453523,83.88277478636243,200146000
2020-06-15,83.46179962158203,84.11637395651466,80.9286713541559,81.0917097169114,138808800
2020-06-16,85.67373657226562,85.94627913317997,83.8827871566956,85.52286943873968,165428800
2020-06-17,85.55450439453125,86.48161397178043,85.43283639304421,86.42077997103691,114406400
2020-06-18,85.58855438232422,86.00709250366052,84.97777878565866,85.51068509788405,96820400
2020-06-19,85.09944915771484,86.76386617293707,83.9874020783935,86.29666530516798,264476000
2020-06-22,87.32597351074219,87.46954083393744,85.4474196297417,85.4936540555532,135445200
2020-06-23,89.18992614746094,90.61344295119446,88.1533126161021,88.57428648623221,212155600
2020-06-24,87.61553955078125,89.73986501886358,87.24080011710065,88.81761971025675,192623200
2020-06-25,88.7786865234375,88.81762116630449,87.00963685193202,87.77127955859044,137522400
2020-06-26,86.0509033203125,88.89550150488402,85.90246451179942,88.67406487318402,205256800
2020-06-29,88.03408813476562,88.12899272885664,85.47906041478672,85.95843257929042,130646000
2020-06-30,88.7689437866211,89.05608582615886,87.60093429970102,87.62039790653964,140223200
2020-07-01,88.6010513305664,89.39189318717276,88.55238859500506,88.84682302233178,110737200
2020-07-02,88.6010513305664,90.14867187148857,88.48669056028642,89.51113285524976,114041600
2020-07-06,90.97113800048828,91.44077455841791,90.00265833546331,90.03429319420877,118655600
2020-07-07,90.68888092041016,92.1318614031436,90.57694845637647,91.35075503882443,112424400
2020-07-08,92.80101776123047,92.83265261870064,91.58190243701405,91.6695072289332,117092000
2020-07-09,93.20010375976562,93.75003795219516,92.14889068283713,93.6965037466287,125642800
2020-07-10,93.36314392089844,93.42154960385396,92.18053466189855,92.79373863774762,90257200
2020-07-13,92.93241882324219,97.29056588797718,92.71828203302502,94.67226910472262,191649200
2020-07-14,94.4703140258789,94.6625440704525,91.37508059280022,92.31191801469724,170989200
2020-07-15,95.1200180053711,96.60193299733245,93.91793786080713,96.35129727473847,153198000
2020-07-16,93.94957733154297,94.8085529497705,93.3485372297674,93.98851197519926,110577600
2020-07-17,93.7597885131836,94.55793025313056,93.28528036834479,94.40219908305615,92186800
2020-07-20,95.73565673828125,95.8743600058145,93.50183459957924,93.84737490055309,90318000
2020-07-21,94.41435241699219,96.60437605553066,94.16371667540041,96.52894250206293,103433200
2020-07-22,94.6795883178711,95.36336177523553,94.02744972364847,94.11504710524962,89001600
2020-07-23,90.37012481689453,94.48980151231123,89.55738346847866,94.41193221010931,197004400
2020-07-24,90.146240234375,90.49178057488463,86.76873582504383,88.56212813927338,185438800
2020-07-27,92.28273010253906,92.37519895851747,90.98818839691468,91.21205332883926,121214000
2020-07-28,90.76673889160156,92.02965297999799,90.76186742027873,91.852015075252,103625600
2020-07-29,92.50660705566406,92.69154477680748,91.21449359583792,91.25099250763601,90329200
2020-07-30,93.62594604492188,93.73057872513968,91.26802000602063,91.67682263526055,158130000
2020-07-31,103.42749786376953,103.57836494067831,98.13737010008327,100.14246305977338,374336800
2020-08-03,106.03363037109375,108.66165541676666,105.01648797674454,105.31578641481019,308151200
2020-08-04,106.74175262451172,107.83676443958547,105.49830201297321,106.22344584387962,173071600
2020-08-05,107.12865447998047,107.44985972369943,105.99470803547494,106.46191633779561,121776800
2020-08-06,110.86629486083984,111.36270230609243,106.8707224953162,107.46202710488257,202428800
2020-08-07,108.34566497802734,110.84435557432207,107.54608428478957,110.38605796245164,198045600
2020-08-10,109.92044067382812,110.94185716723757,107.26085805079369,109.79611320774808,212403600
2020-08-11,106.65142822265625,109.68154587218592,106.3905875156011,109.18181072713648,187902400
2020-08-12,110.1958999633789,110.45430050917179,107.5509434007205,107.74596015397132,165598000
2020-08-13,112.14610290527344,113.15289349736156,111.09055440270924,111.58054387716682,210082000
2020-08-14,112.0461654663086,112.13636091412904,110.23004099312963,111.97059590519345,165565200
2020-08-17,111.75364685058594,113.19679651470848,111.1247113252436,113.17241755400838,119561600
2020-08-18,112.68485260009766,113.11145831572809,111.1685737018232,111.50498397074077,105633600
2020-08-19,112.82623291015625,114.2450033462818,112.73116465257537,113.09438654850844,145538000
2020-08-20,115.32978820800781,115.44436259089069,112.8505967483557,112.86766275928572,126907200
2020-08-21,121.27303314208984,121.7581423853081,116.28052490809851,116.29271066660041,338054800
2020-08-24,122.72349548339844,125.57810257788931,120.85130757212758,125.4927725055599,345937600
2020-08-25,121.71670532226562,122.0628686712799,119.98834358364527,121.59238528346616,211495600
2020-08-26,123.3719253540039,123.83022293693548,121.9677808342838,123.03795523691794,163022400
2020-08-27,121.89710235595703,124.31047038391692,120.74891816931488,123.97650023718222,155552400
2020-08-28,121.69965362548828,123.29393490492009,121.47537761438699,122.87464209761984,187630000
2020-08-31,125.82672882080078,127.73792880610966,122.86243534022762,124.40309306090538,225702700
2020-09-01,130.83872985839844,131.44330113966103,127.279625733532,129.45409155934158,151948100
2020-09-02,128.12799072265625,134.54414333091748,123.83756147352996,134.16385535146685,200119000
2020-09-03,117.86992645263672,125.63171109830371,117.49939163024852,123.74977777668435,257599600
2020-09-04,117.94794464111328,120.6197131497007,108.1287004650969,117.08010734336685,332607200
2020-09-08,110.01065063476562,116.02700868136228,109.87413739256252,111.11250964380896,231366600
2020-09-09,114.39860534667969,116.17328508893047,112.38990394594923,114.34010179191337,176940500
2020-09-10,110.66394805908203,117.49939194752987,109.69860244063993,117.36287872631232,182274400
2020-09-11,109.2110366821289,112.36060824549921,107.26083959851945,111.71703963699058,180860300
2020-09-14,112.48738861083984,113.04319458206483,109.99113827543115,111.86332602698766,140150100
2020-09-15,112.66290283203125,115.87097839483434,110.78096207450275,115.38342905287787,184642000
2020-09-16,109.33781433105469,113.11144897058965,109.25005901915075,112.36062624645403,154679000
2020-09-17,107.59239196777344,109.40607622888594,106.00298369138476,106.9878355070113,178011000
2020-09-18,104.17955017089844,108.11895013810333,103.4482260852904,107.65090688938564,287104900
2020-09-21,107.3388671875,107.44612864015869,100.53267495607115,101.93681947130294,195713800
2020-09-22,109.02578735351562,110.04964400266275,106.4417816531773,109.87412593250646,183055400
2020-09-23,104.45258331298828,109.31832411053182,104.11129279067556,108.84052779447258,150718700
2020-09-24,105.52518463134766,107.50463384194083,102.38536556375317,102.5511305606354,167743300
2020-09-25,109.48410034179688,109.64011973249772,104.9888939391714,105.7299711661724,149981400
2020-09-28,112.09735107421875,112.44838721832883,109.97163550795793,112.1461089873391,137672400
2020-09-29,111.2490234375,112.43864521637902,110.741975312434,111.69757545200666,99382200
2020-09-30,112.92619323730469,114.34009100590049,110.79073185621964,110.95649687203007,142675200
2020-10-01,113.88176727294922,114.78860927558267,112.94567350239404,114.71059960151675,116120400
2020-10-02,110.20565032958984,112.49713819553232,109.4255758436502,110.07889017847046,144712000
2020-10-05,113.59900665283203,113.74527295614752,110.72246825841832,111.07350441061017,106243800
2020-10-06,110.34220123291016,113.22849324473584,109.45485761363119,112.81894602999921,161498200
2020-10-07,112.21436309814453,112.67266068936267,111.2880148454192,111.76581857721544,96849000
2020-10-08,112.10710144042969,113.50149291272723,111.73655916424462,113.35522661630749,83477200
2020-10-09,114.05730438232422,114.0865561551348,112.05834892691767,112.40938507947115,100506900
2020-10-12,121.30228424072266,122.06286006446172,116.30977603444282,117.07035185818188,240226800
2020-10-13,118.08445739746094,122.26763193691325,116.67056718260892,122.15061740846656,262330500
2020-10-14,118.1722183227539,119.96639642799329,116.6413136031742,117.98694718210373,150712000
2020-10-15,117.70417022705078,118.18196653560398,115.20791978630072,115.76372578098064,112559200
2020-10-16,116.05624389648438,118.52324985437662,115.85147406239771,118.25996903954183,115393800
2020-10-19,113.09195709228516,117.42139051387834,112.7799257876711,116.97284597845898,120639300
2020-10-20,114.5838623046875,116.01725873391653,112.75067179572477,113.3064778152816,124423700
2020-10-21,113.95979309082031,115.75397121203213,113.55024596366279,113.76476887802791,89946000
2020-10-22,112.86768341064453,115.10066050216787,111.7365652586778,114.52534835538113,101988000
2020-10-23,112.17536926269531,113.64777056546903,111.43429207568546,113.49175118318755,82572600
2020-10-26,112.18510437011719,113.647752367436,110.06913461337588,111.17100086591333,111850700
2020-10-27,113.6965103149414,114.35957774824622,111.68780931378838,112.61415013058482,92276800
2020-10-28,108.43096160888672,112.5556319702952,108.33345323653111,112.18509717957912,143937800
2020-10-29,112.44840240478516,114.01831219479435,109.4060912247632,109.57186368811263,146129200
2020-10-30,106.14925384521484,109.20131035012999,105.03764183054732,108.29446818664717,190272600
2020-11-02,106.06148529052734,107.9239274305086,104.64759511176818,106.39302272628981,122866900
2020-11-03,107.6899185180664,108.71376783877459,106.0225003905584,106.9293426114221,107624400
2020-11-04,112.08761596679688,112.71167866980154,109.55236030591362,111.29778823567845,138235500
2020-11-05,116.06600952148438,116.64132168469465,113.95979997203881,115.01290102705485,126387100
2020-11-06,115.93416595458984,116.43231901361126,113.43360095160772,115.5727542186092,114457900
2020-11-09,113.6191635131836,119.15750989185466,113.35543592706722,117.70210831549566,154515300
2020-11-10,113.27730560302734,114.8596862189922,111.4800244999921,112.86705932868448,138023400
2020-11-11,116.71556091308594,116.85230965844065,113.73638330100388,114.46896905922455,112295000
2020-11-12,116.44205474853516,117.73140528886907,115.81691554426702,116.84253851027572,103162300
2020-11-13,116.49090576171875,116.8913821021024,115.13318074907436,116.66672664224632,81581900
2020-11-16,117.50679016113281,118.18076417219288,115.4067089330478,116.15882723451328,91183000
2020-11-17,116.6178970336914,117.86817567185544,116.19788085503488,116.77418558958617,74271000
2020-11-18,115.2894515991211,117.0378903523821,115.26014936367629,115.85598632521067,76322100
2020-11-19,115.88529205322266,116.29553826630797,114.09778111474732,114.85966906826211,74113000
2020-11-20,114.61548614501953,116.0122833606363,114.566651563308,115.88530450548863,73604300
2020-11-23,111.2065200805664,114.88898878015578,111.1088434668693,114.45920273719096,127959300
2020-11-24,112.4958724975586,113.16008391412161,109.97577558304761,111.26513373188881,113874200
2020-11-25,113.33589935302734,114.03918287230827,112.49586708858041,112.86704864167184,76499200
2020-11-27,113.88289642333984,114.76200083857178,113.52149221259015,113.86336408177817,46691300
2020-11-30,116.28578186035156,118.16119960518925,114.09778703912657,114.25407557732021,169410200
2020-12-01,119.87059020996094,120.60317611089967,117.2235140488389,118.20029525009053,127728200
2020-12-02,120.22221374511719,120.505481144647,118.0830608551581,119.18682076181041,89004200
2020-12-03,120.08546447753906,120.90595698113327,119.37241103320297,120.65199182191449,78967600
2020-12-04,119.4114761352539,120.00731313587139,118.69842273292154,119.7533479916129,78260400
2020-12-07,120.87666320800781,121.67762342572043,119.41149153275923,119.47009601504965,86712000
2020-12-08,121.49201965332031,122.07809422262514,120.23197125291128,121.48225720881356,82225500
2020-12-09,118.95240020751953,123.02557557317189,118.19051214801601,121.63854821088353,115089200
2020-12-10,120.37849426269531,120.99387109234236,117.36024440160968,117.7021162779425,81312200
2020-12-11,119.56778717041016,119.90965909110051,117.75097358931401,119.58731951491434,86939800
2020-12-14,118.95240020751953,120.48594622407741,118.71797483203729,119.75336040497812,79184500
2020-12-15,124.91077423095703,124.9303140277563,121.24784481723616,121.45296797013465,157243700
2020-12-16,124.84237670898438,125.389371682003,123.62140046403383,124.45167027239827,98208600
2020-12-17,125.71170806884766,126.571280093327,125.06702905048816,125.9070612822762,94359800
2020-12-18,123.7190933227539,126.10244150708998,123.19163065315914,125.96569275411149,192541500
2020-12-21,125.25262451171875,125.33076878091637,120.58361248475222,122.11715836957907,121251600
2020-12-22,128.81787109375,131.2891256020313,126.63963893467688,128.5541360749688,168904800
2020-12-23,127.91921997070312,129.35507403282742,127.74339167658061,129.0913539483819,88223700
2020-12-24,128.90579223632812,130.36120131987872,128.0559975194573,128.27089053594116,54930100
2020-12-28,133.51620483398438,134.1511065581324,130.41003332778524,130.8788989655675,124486200
2020-12-29,131.7384490966797,135.56742883965345,131.22075635748268,134.84462043635702,121047300
2020-12-30,130.61517333984375,132.83247066876245,130.30259622541593,132.43198683008825,96452100
2020-12-31,129.60906982421875,131.61147380180907,128.66159108708325,130.9667947818931,99116600
2021-01-04,126.40524291992188,130.50772046788387,123.81677157197642,130.419813747916,143301900
2021-01-05,127.96807098388672,128.68113183141298,125.44797426380224,125.89730007314077,97664900
2021-01-06,123.66048431396484,128.00716462914988,123.44559128213457,124.75448181589701,155088000
2021-01-07,127.8801498413086,128.57367081768766,124.89120276080193,125.37959319629631,109578200
2021-01-08,128.98394775390625,129.5504825827211,127.20619899060827,129.3551144383391,105158200
2021-01-11,125.9852066040039,127.14757835470962,125.51635590694859,126.190337167744,100384500
2021-01-12,125.80941772460938,126.67875237005914,123.91445986937111,125.51638039259869,91951100
2021-01-13,127.85088348388672,128.39787854041427,125.5066146974837,125.77033487541826,88636800
2021-01-14,125.91683197021484,127.95830051587039,125.77030588952316,127.7629473127755,90221800
2021-01-15,124.18794250488281,127.19642993721087,124.05119375361772,125.78986283591505,111598500
2021-01-19,124.8619384765625,125.7215106737219,123.99260383334368,124.81309643726976,90757300
2021-01-20,128.9644012451172,129.4137270875099,125.56520735367549,125.67265386569356,104319500
2021-01-21,133.69200134277344,136.42699093223655,130.48816107938626,130.69329163300603,120150900
2021-01-22,135.84092712402344,136.6028150348242,131.88496149210033,133.11570006235684,114459400
2021-01-25,139.6015167236328,141.72112937094178,133.36965015663242,139.7480427932305,157611700
2021-01-26,139.83592224121094,140.94945159248252,138.08747652106706,140.26570811441928,98390600
2021-01-27,138.7615203857422,140.94951541070097,137.14983753597352,140.09970572045313,140843800
2021-01-28,133.90692138671875,138.69315786113063,133.5259773426194,136.28050728033566,142621100
2021-01-29,128.8960418701172,133.56505438488097,127.18667492713263,132.67617999744974,177523800
2021-02-01,131.02540588378906,132.2366197184336,127.88993224067084,130.6444618808397,106239800
2021-02-02,131.85568237304688,133.14502563870852,131.48450079597174,132.57849082798725,83305400
2021-02-03,130.83009338378906,132.61760500156828,130.5077537571895,132.6078276494136,89880900
2021-02-04,134.19993591308594,134.20969835709803,131.46494623573207,133.13524824047326,84183100
2021-02-05,133.78416442871094,134.42980673641648,132.90375395585087,134.36133766383486,75693800
2021-02-08,133.93092346191406,133.97983847702403,131.98421930396577,133.0700669616327,71297200
2021-02-09,133.05052185058594,134.87984224201634,132.89401467161727,133.64724931778963,76774200
2021-02-10,132.44400024414062,134.00919124583916,131.4755366325783,133.51027896407933,73046600
2021-02-11,132.18966674804688,133.42224462079582,130.85925883741726,132.94290131800943,64280000
2021-02-12,132.4244384765625,132.58096057062542,130.78100126920737,131.4266437121405,60145100
2021-02-16,130.2918701171875,133.0505008941642,129.9005649144753,132.54182652078916,80576300
2021-02-17,127.99300384521484,129.34298072702467,126.65281892309615,128.39408609658847,97918500
2021-02-18,126.88761138916016,127.17129463248507,124.63765472953934,126.38869906477753,96856700
2021-02-19,127.04411315917969,127.86584668005416,125.99740338670905,127.40607236333011,87668800
2021-02-22,123.25833129882812,126.89738798845885,122.86703351631368,125.22458978162501,103916400
2021-02-23,123.12137603759766,123.95287914625916,115.81391675875304,121.067072044615,158273000
2021-02-24,122.62246704101562,122.82789668702961,119.57036091351185,122.22139224547901,111039900
2021-02-25,118.35733032226562,123.70830769868415,117.91712502936959,121.96704059219421,148199500
2021-02-26,118.6214599609375,122.13334021289873,118.56276044849312,119.92251431654658,164560400
2021-03-01,125.00936126708984,125.1463143475527,120.11815849803577,121.05726853408818,116307900
2021-03-02,122.3974838256836,125.91914898981547,122.28987674743256,125.61589674931776,102260900
2021-03-03,119.404052734375,122.97463264092775,119.18883859473966,122.09421455304867,112966300
2021-03-04,117.51604461669922,120.9105408091192,116.0389066337359,119.10079712980304,178155000
2021-03-05,118.7779769897461,119.28666630320659,115.01175200979323,118.34755618226085,153766600
2021-03-08,113.82807922363281,118.36711510668628,113.68134163784862,118.29863856177148,154376600
2021-03-09,118.45515441894531,119.40404902510528,116.2052054457975,116.43998110747732,129525800
2021-03-10,117.36930084228516,119.51164250541525,116.85082709758139,119.04209123543448,111943300
2021-03-11,119.3062515258789,120.52905257152383,118.62148592567185,119.87363300227062,103026500
2021-03-12,118.3964614868164,118.5334145770574,116.5671562971472,117.78017258073191,88105100
2021-03-15,121.29205322265625,121.30183771867131,117.79973448364598,118.76819807777808,92403800
2021-03-16,122.83768463134766,124.45178328205833,122.00618152746164,122.96485323576835,115227900
2021-03-17,122.0453109741211,123.12137424397079,119.67796282439072,121.35076097755098,111932600
2021-03-18,117.90733337402344,120.49967234787186,117.70190375225354,120.20619719483877,121229700
2021-03-19,117.37908172607422,118.7877505090129,117.07582954328501,117.29104365883211,185549500
2021-03-22,120.70510864257812,121.17466742071305,117.64321821066616,117.71169475504172,111912300
2021-03-23,119.87361145019531,121.53661758792646,119.4823136932633,120.64642246770546,95467100
2021-03-24,117.47692108154297,120.22578250026773,117.45735955159839,120.14752145372104,88530500
2021-03-25,117.9660415649414,119.01276627110943,116.41064244577936,116.93889331550916,98844700
2021-03-26,118.57256317138672,118.83669235952908,116.33239090614592,117.73127550973699,94071200
2021-03-29,118.7486343383789,119.91274312400247,118.10299937711603,119.00297900233532,80819200
2021-03-30,117.29105377197266,117.78017409006814,116.27368261472802,117.49648340996671,85671900
2021-03-31,119.49211120605469,120.83229628055129,118.51387043885552,119.0029908224551,118323800
2021-04-01,120.32359313964844,121.47791733984869,119.82468834663912,120.96923551452913,75089100
2021-04-05,123.16050720214844,123.41485187715786,120.39208419443258,121.17467974982267,88651200
2021-04-06,123.46375274658203,124.36373236215869,122.9159403655152,123.74744343345849,80171300
2021-04-07,125.1169662475586,125.13652777442142,122.41702027412508,123.09200863332921,83466700
2021-04-08,127.52347564697266,127.55282167783481,125.72351609583039,126.14415248936851,88844600
2021-04-09,130.10601806640625,130.1451411281215,126.65282945773264,126.97565069226758,106686700
2021-04-12,128.38430786132812,129.9592758997672,127.78758046970171,129.6364546951069,91420000
2021-04-13,131.50489807128906,131.72990419313948,129.059296173719,129.5582085139557,91266500
2021-04-14,129.15711975097656,132.06249585390395,128.79517546483183,132.0038037995852,87222800
2021-04-15,131.57339477539062,132.06251520206493,130.73210704443997,130.90819815996355,89347100
2021-04-16,131.24075317382812,131.7396504708216,130.37989673029497,131.37770625104787,84922400
2021-04-19,131.9059600830078,132.52225644299975,130.4385991700877,130.60489828233995,94264200
2021-04-20,130.21365356445312,132.58099487429268,128.9419373429962,132.08209736299824,94812300
2021-04-21,130.59515380859375,130.83971402171846,128.4430269184505,129.4799598338159,68847100
2021-04-22,129.06906127929688,131.23096454793503,128.55059497902982,130.14511693427332,84566500
2021-04-23,131.3972930908203,132.17987368023367,129.2842896751612,129.2842896751612,78657500
2021-04-26,131.78860473632812,132.12120303338915,130.65384180036304,131.89621182382086,66905100
2021-04-27,131.4657745361328,132.46358428625007,131.1918683187311,132.07227902798383,66015800
2021-04-28,130.6733856201172,132.0820545207044,130.18426530334483,131.38749710310995,107760100
2021-04-29,130.57554626464844,134.08744123271336,129.56795967816743,133.5004909237802,151101000
2021-04-30,128.5994873046875,130.65378315273333,128.21797415242443,128.91251646530054,109839500
2021-05-03,129.65602111816406,131.15274318306484,128.96147855172077,129.16690074814014,75135100
2021-05-04,125.06806945800781,128.6288723998823,123.9430911832169,128.3353972104989,137564700
2021-05-05,125.31262969970703,127.61148620627858,125.18545364222994,126.38868542828287,84000900
2021-05-06,126.9169692993164,126.92674633387438,124.36375269989001,125.10721781247982,78128300
2021-05-07,127.59307098388672,128.62195632366613,126.87773161828585,128.22020778860636,78973300
2021-05-10,124.30059814453125,126.9365300969227,124.26140115764763,126.80915297265736,88071200
2021-05-11,123.3794937133789,123.73225163919108,120.30259382458506,121.01792574395533,126142800
2021-05-12,120.30258178710938,122.13500147037169,119.79303596653406,120.91992491664598,112172300
2021-05-13,122.4583969116211,123.61468197456075,121.7626671457256,122.07623559621457,105861300
2021-05-14,124.8885498046875,125.31970922511546,123.32070756139703,123.71266999123503,81918000
2021-05-17,123.73225402832031,124.37899310292869,122.65436304670058,124.27120325716062,74244600
2021-05-18,122.34078979492188,124.43777993260704,122.27219693905593,124.01642168198467,63342900
2021-05-19,122.18401336669922,122.40938669653873,120.39079046342964,120.68476412746298,92612000
2021-05-20,124.75135803222656,125.15312155926449,122.585774870456,122.71316695271737,76857100
2021-05-21,122.90914916992188,125.42749785117249,122.69356946182035,125.25111513327683,79295400
2021-05-24,124.54557800292969,125.36869980376578,123.40889524832689,123.4774881087248,63092900
2021-05-25,124.34960174560547,125.74106867528869,123.78125662475325,125.25111005560896,72009500
2021-05-26,124.30059814453125,124.82974625336892,123.87923988060832,124.40838798944601,56575900
2021-05-27,122.76214599609375,125.07471577819632,122.5661685471944,123.89883613267928,94625600
2021-05-28,122.10563659667969,123.27172282529529,122.04684484601398,123.0463419876403,71311100
2021-06-01,121.78226470947266,122.83075994083762,121.44910149392759,122.56618959179076,67637100
2021-06-02,122.54657745361328,122.72296016407643,121.5568815278501,121.78225486696007,59278900
2021-06-03,121.05711364746094,122.340783083703,120.65535017367087,122.17420151088965,76229200
2021-06-04,123.35989379882812,123.62447159323195,121.36089230936066,121.57647200078277,75169300
2021-06-07,123.36968994140625,123.7812470760429,122.32119487398776,123.63426024908394,71057600
2021-06-08,124.19280242919922,125.87824288128334,123.67345546064644,124.05561671962153,74403800
2021-06-09,124.57496643066406,125.18250849792624,123.97722547889047,124.65336040245155,56877900
2021-06-10,123.57547760009766,125.61367614452429,123.40889600611712,124.4671847907461,71186400
2021-06-11,124.7905502319336,124.87874532211927,123.56567241757213,123.98703068475491,53522400
2021-06-14,127.85763549804688,127.91642723799659,124.51617286716927,125.25109952078272,96906500
2021-06-15,127.03453063964844,127.97524340485357,126.78955507030692,127.32850431328268,62746300
2021-06-16,127.5343017578125,128.25943497558805,125.87827912683059,127.74988149952617,91815000
2021-06-17,129.1412811279297,129.88601623531721,127.04429139524058,127.19128567007046,96721700
2021-06-18,127.8380355834961,128.86692083515925,127.62245592357515,128.0830111104863,108953300
2021-06-21,129.6410675048828,129.74885734783985,126.61317321470958,127.68126305266121,79663300
2021-06-22,131.28729248046875,131.38528868125076,128.97472269195052,129.47448238296937,74783600
2021-06-23,131.012939453125,131.6204890694468,130.55238415861209,131.08153979372707,60214200
2021-06-24,130.72877502441406,131.9340507183845,130.25841113476253,131.74786688107946,68711000
2021-06-25,130.43478393554688,131.19910646414033,130.1408102817522,130.7777556903275,70783700
2021-06-28,132.07122802734375,132.53178329485237,130.66997494475694,130.72876668918406,62111300
2021-06-29,133.59007263183594,133.7468605769358,131.64987040561977,132.09082341810688,64556100
2021-06-30,134.20741271972656,134.64836572202546,133.1393079515186,133.4332816037582,63261400
2021-07-01,134.51116943359375,134.5699611689942,133.03150764945613,133.85463680142217,52485800
2021-07-02,137.1471405029297,137.18633001828633,134.98154971442102,135.1285290871627,78852600
2021-07-06,139.1656951904297,140.27297435431075,137.25488915777586,137.25488915777586,108181800
2021-07-07,141.6644744873047,141.9780354300495,139.79285761414,140.6551614207794,104911600
2021-07-08,140.36122131347656,141.16473348435932,137.84286503744906,138.73457978552972,105575500
2021-07-09,142.19363403320312,142.72277473602026,139.78306761517845,139.8810638333893,99890800
2021-07-12,141.5958709716797,143.3793001913862,141.10591986105104,143.27151034896303,76299700
2021-07-13,142.71298217773438,144.496411688261,140.7433837745926,141.13533874616226,100827100
2021-07-14,146.1524200439453,146.56399216212412,144.7119624866864,145.12353460486517,127050800
2021-07-15,145.49588012695312,146.98533571546386,144.13381661407468,146.24061539726927,106820300
2021-07-16,143.44789123535156,146.7501570666892,142.94814646554318,145.47629609045745,93251400
2021-07-19,139.5870819091797,141.17453382837715,138.82275929894942,140.86095791027103,121434600
2021-07-20,143.2127227783203,144.14364197451235,140.08684683491023,140.5767980109594,96350000
2021-07-21,142.47781372070312,143.19315329216263,141.7232995813488,142.60520582698703,74993500
2021-07-22,143.8496551513672,145.22151233826582,142.87954652855333,143.00693860738033,77338200
2021-07-23,145.5742645263672,145.73105246266147,143.96722555965206,144.5845687137355,71447400
2021-07-26,145.99562072753906,146.81873491129434,144.73153863266097,145.29009001228607,72434100
2021-07-27,143.8202667236328,146.21123076065714,142.62478470512065,146.1230281888383,104818600
2021-07-28,142.0662078857422,144.01621852456796,139.67524427491423,141.89962631641336,118931200
2021-07-29,142.71298217773438,143.60469693299768,141.67428804616338,141.78207790616358,56699500
2021-07-30,142.9285430908203,143.38909834548167,141.21371414962817,141.4782919442919,70440600
2021-08-02,142.5953826904297,143.99663576121543,142.3308048906137,143.41849700972153,62880000
2021-08-03,144.3983917236328,145.0647180561516,142.2621971091317,142.87954029235215,64786600
2021-08-04,143.9966583251953,144.8197727734675,143.3401254948741,144.310234278132,56368300
2021-08-05,144.10443115234375,144.86875375710454,143.2323186955207,144.0260371733782,46397700
2021-08-06,143.41746520996094,144.36939566640558,142.91697171230874,143.62355957636092,54126800
2021-08-09,143.36839294433594,143.9670294656135,142.80901962336827,143.47634428340314,48908700
2021-08-10,142.88754272460938,144.9582349617114,142.59312859632232,143.71189030419347,69023100
2021-08-11,143.14268493652344,143.98666406649497,142.81883091257257,143.32914770557306,48493500
2021-08-12,146.11627197265625,146.27329486677428,143.1230885670886,143.46657427615585,72282600
2021-08-13,146.32237243652344,146.6560348694099,145.5078329859867,146.1947894579671,59375000
2021-08-16,148.3046875,148.37339061458732,143.7413212084629,145.77275011469712,103296000
2021-08-17,147.3920135498047,148.85424577061949,146.3125001875388,147.43126177455844,92229700
2021-08-18,143.63336181640625,147.91213704580514,143.42726745871994,147.00927814091656,86326000
2021-08-19,143.96701049804688,145.24279479861465,141.80799897567445,142.3281240023294,86960300
2021-08-20,145.4292755126953,145.73349792725946,144.04553971626808,144.69324774538592,60549600
2021-08-23,146.92095947265625,147.39201304068925,145.13485827480818,145.54703201865243,60131800
2021-08-24,146.8326416015625,148.04954634761012,146.37139629315473,146.66581042238676,48606400
2021-08-25,145.5961456298828,147.5196386318628,145.04658047918204,147.01913003248887,58991300
2021-08-26,144.79136657714844,146.34193343849523,144.76192666629242,145.58628909382776,48597200
2021-08-27,145.83163452148438,145.9788340786454,144.0946048743713,144.7324895880992,55802400
2021-08-30,150.2674102783203,150.6305274592708,145.84143577124814,146.2241695758551,90956700
2021-08-31,149.00149536132812,149.95342601168736,148.47154686807323,149.816034730941,86453100
2021-09-01,149.66879272460938,152.09277878484346,149.50196155532296,149.98283843704763,80313700
2021-09-02,150.7875518798828,151.8376253671697,149.560838913159,151.00345455998809,71115500
2021-09-03,151.42543029785156,151.74928427243492,150.23796572437928,150.89548198507103,57808700
2021-09-07,153.77096557617188,154.33033904548213,151.51381014451505,152.08300690376956,82278300
2021-09-08,152.2203369140625,154.11437426944298,151.11138376275437,154.05549445158968,74420200
2021-09-09,151.1997528076172,153.20174194196827,151.0819781706379,152.59329705325342,57305700
2021-09-10,146.1947479248047,152.58346376101343,145.92977372713005,152.11241016755477,140893200
2021-09-13,146.7639617919922,148.5991198416723,145.97886239429423,147.82384373270557,102404300
2021-09-14,145.36058044433594,148.25563513558592,144.17313063309547,147.54904724190396,109296300
2021-09-15,146.25364685058594,146.6560123561671,143.64319768326396,145.79240150994914,83281300
2021-09-16,146.0181121826172,146.19476666188248,144.47736826246071,145.67464148744824,68034100
2021-09-17,143.33897399902344,146.04756618473306,143.04455985172558,146.04756618473306,129868800
2021-09-20,140.27708435058594,142.141682080616,138.63819761482773,141.12106347538898,123478900
2021-09-21,140.75794982910156,141.90616637912737,140.1200650564419,141.24863503100102,75834000
2021-09-22,143.1328887939453,143.70207048798758,141.0229333023473,141.75896115358555,76404300
2021-09-23,144.09461975097656,144.33996235458966,142.92678656185444,143.9179652896226,64838200
2021-09-24,144.1829376220703,144.7226943379148,142.8482732767658,142.94641630674622,53477900
2021-09-27,142.6617889404297,143.24080877055397,141.1406770273248,142.75993195557527,74150700
2021-09-28,139.2663116455078,142.0534006798123,139.05040890592517,140.5813447142184,108972300
2021-09-29,140.16912841796875,141.75894358779652,139.3840291456937,139.81583449417113,74602000
2021-09-30,138.8639373779297,141.69028944644563,138.6480346518888,140.98370142931665,89056700
2021-10-01,139.99249267578125,140.25746689766834,136.51844777297612,139.2564648173922,94639600
2021-10-04,136.54788208007812,139.56069651109203,135.69409459126777,139.11906783458025,98322000
2021-10-05,138.48118591308594,139.59013932235956,136.76378761176298,136.89137056313777,80861100
2021-10-06,139.35459899902344,139.50179857153668,135.79221959896122,136.87173304580557,83221100
2021-10-07,140.62057495117188,141.53325731976742,140.06120154260262,140.3948639248738,61732700
2021-10-08,140.2378387451172,141.49399178970734,139.90417636832538,141.34679220421845,58773200
2021-10-11,140.14952087402344,142.11226190434272,139.16815035886378,139.61958738462852,64452200
2021-10-12,138.87371826171875,140.58130812824112,138.41247298124185,140.5616765276079,73035900
2021-10-13,138.284912109375,138.7657740406363,136.60676207042818,138.6087661510849,78762700
2021-10-14,141.08180236816406,141.19957699805144,138.87371898295444,139.46254720881987,69907100
2021-10-15,142.14169311523438,142.20057294661328,140.83646861307787,141.09163451508613,67940300
2021-10-18,143.81983947753906,144.1044303133813,140.4929943196034,140.77758515544568,85589200
2021-10-19,145.98866271972656,146.39102819802582,143.81984241142754,144.27126443259647,76378900
2021-10-20,146.47933959960938,146.96021648343887,145.36057794956784,145.92977457496073,58418800
2021-10-21,146.6952362060547,146.852259056455,145.1152293383939,146.0377198663419,61421000
2021-10-22,145.91998291015625,147.38221538017035,145.87091138995885,146.90135341600217,58883400
2021-10-25,145.87088012695312,146.5872762498157,144.86987823265756,145.91012834998406,50720600
2021-10-26,146.5382537841797,148.0299261985199,146.23401634323616,146.54806209858722,60893400
2021-10-27,146.0769805908203,146.94057630434148,145.72368667066797,146.57747407165155,56094900
2021-10-28,149.7277069091797,150.316520234439,146.93079494698944,147.0289379884622,100077900
2021-10-29,147.00927734375,147.14666858995494,143.68243254858814,144.47734011409685,124953200
2021-11-01,146.18496704101562,146.91117168083264,145.04657358324243,146.214406960223,74588300
2021-11-02,147.2252197265625,148.7463471320613,145.88073183903717,145.89055512860912,69122000
2021-11-03,148.66781616210938,149.13886978936398,147.02892929321277,147.5883026678542,54511500
2021-11-04,148.14767456054688,149.59027519786,147.83362886091194,148.7561193854356,60394600
2021-11-05,148.6783905029297,149.5825671827827,147.47937001529485,149.2779007467471,65463900
2021-11-08,147.85284423828125,148.96341611554539,147.5776606751966,148.80616408053146,55020900
2021-11-09,148.21644592285156,148.82577868756664,147.47934403145373,147.61693578465963,56787900
2021-11-10,145.37615966796875,147.54816002545584,145.3073712836708,147.44005113894966,65187100
2021-11-11,145.32705688476562,146.86022697622457,145.14032193837838,146.3983234198743,41000000
2021-11-12,147.41055297851562,147.81349060792306,144.9437090957136,145.87736847526915,63804000
2021-11-15,147.42037963867188,149.26805319565037,146.86017499778418,147.78401177627345,59222800
2021-11-16,148.40318298339844,148.88476162488783,146.771727173987,147.36141469432596,59256200
2021-11-17,150.85037231445312,152.3343988008495,148.39336588218137,148.40318850921466,88807000
2021-11-18,155.1550750732422,155.94132032182262,150.4179733193019,151.06662677410932,137827700
2021-11-19,157.78895568847656,158.25087409630834,153.8380851561955,154.9388192362829,117305600
2021-11-22,158.2509002685547,162.85040986078795,158.23124001490817,158.89953867509402,117467900
2021-11-23,158.63418579101562,159.01747824025801,156.32459347097884,158.34916461294523,96041900
2021-11-24,159.15505981445312,159.35161734057587,156.89461077309667,157.98552228891256,69463600
2021-11-26,154.11329650878906,157.69069791152225,153.67103827148128,156.82584169085234,76959800
2021-11-29,157.4843292236328,158.41798890304915,156.0592531379974,156.62928057297538,88748200
2021-11-30,162.45730590820312,162.6735237240053,157.16982204311796,157.23862543740984,174048100
2021-12-01,161.9364013671875,167.3712989739356,161.7005233258962,164.59978822518326,152052500
2021-12-02,160.94374084472656,161.37617636790787,155.0862460208437,156.01008282102617,136739200
2021-12-03,159.0568084716797,162.12316353860186,156.9732712438897,161.199326466995,118023100
2021-12-06,162.47695922851562,164.99293189077792,161.4548359617341,161.46465859062198,107497000
2021-12-07,168.2361602783203,168.62929035916358,165.44500418803963,166.17228359031526,120405400
2021-12-08,172.069091796875,172.93396293794615,167.76441134011625,169.16982694435688,116998900
2021-12-09,171.5580291748047,173.71036939014843,170.9290360750293,171.9020161028415,108923700
2021-12-10,176.3639373779297,176.54084965789616,171.68580203438307,172.19686362537885,115402700
2021-12-13,172.7177734375,178.99788287387983,172.51137824635225,178.0052424253983,153237000
2021-12-14,171.3319854736328,174.68334606426572,169.248448682449,172.23616209992724,139380400
2021-12-15,176.21653747558594,176.41309502787303,169.34674079975917,172.0985915209184,131063300
2021-12-16,169.297607421875,178.02490121320892,167.81358057072268,176.1968873784398,150185800
2021-12-17,168.1968536376953,170.48678573043304,166.77179272061935,167.00765577116044,195432700
2021-12-20,166.8307647705078,167.64649284258897,164.5801530989622,165.38604354598067,107499100
2021-12-21,170.01504516601562,170.22142533588615,166.21158850394502,168.60962950115896,91185900
2021-12-22,172.6194610595703,172.8356788475582,169.18947432865244,170.06416810864746,92135300
2021-12-23,173.2484588623047,173.80866359990947,172.25583353339374,172.82586089930805,68356600
2021-12-27,177.2288055419922,177.3172541822936,174.02487426792013,174.04451952373478,74919600
2021-12-28,176.2066650390625,178.21159066688713,175.45974048938143,177.06171346697758,79144300
2021-12-29,176.295166015625,177.52366948045372,175.076485179818,176.2460228777558,62348900
2021-12-30,175.1354217529297,177.46467413151436,175.0273128661905,176.3835852641225,59773000
2021-12-31,174.5162811279297,176.1477221985718,174.21159969660636,175.02732773011687,64062300
2022-01-03,178.87989807128906,179.7349465415521,174.65385883537695,174.77179035001552,104487900
2022-01-04,176.60963439941406,179.79392040563258,176.0396070589959,179.4892539814939,99310400
2022-01-05,171.91184997558594,177.07156425536837,171.6366664137079,176.5211971316123,94537600
2022-01-06,169.0420379638672,172.28528936593767,168.68822844734356,169.72999674700293,96904000
2022-01-07,169.20912170410156,171.14524402422893,168.08872734087262,169.91674077523325,86709100
2022-01-10,169.2288055419922,169.53347199078678,165.27793434356843,166.17228843262194,106765600
2022-01-11,172.069091796875,172.1673630652104,167.88235785704865,169.35656184948618,76138300
2022-01-12,172.5113525390625,174.13297095610363,171.8135710369917,173.09120251884048,74805200
2022-01-13,169.2288055419922,173.5826144650006,168.835675449693,172.7570637657418,84505800
2022-01-14,170.0936737060547,170.79145523828697,168.14771352583708,168.39341420548664,80440800
2022-01-18,166.87989807128906,169.57276781693594,166.4966056259258,168.56048225619764,90956700
2022-01-19,163.3712921142578,168.13789130970082,163.0862859235723,167.07646257144611,94815000
2022-01-20,161.68087768554688,166.7619661877595,161.3565509731018,164.10840171802175,91420500
2022-01-21,159.6169891357422,163.46957389675498,159.50888023954428,161.59241715203612,122848900
2022-01-24,158.84054565429688,159.5088591961831,152.03955370843636,157.26807054913448,162294600
2022-01-25,157.0322265625,159.9609746399648,154.3196962957588,156.24598134135783,115798400
2022-01-26,156.94375610351562,161.56292551584528,155.1059199641222,160.6882317654177,108275300
2022-01-27,156.4818572998047,161.02240127110773,155.55802030212934,159.65630602886313,121954600
2022-01-28,167.4008026123047,167.4204628672782,160.0002987329338,162.8602584781643,179935700
2022-01-31,171.7742462158203,171.9904639988434,166.59487204384064,167.23370276509192,115541600
2022-02-01,171.60716247558594,171.83320287445497,169.34671349776292,171.01747491741384,86213900
2022-02-02,172.81602478027344,172.8553452866124,170.34919537896823,171.74477342641566,84914300
2022-02-03,169.92657470703125,173.20914700397037,169.1599898283705,171.47940471663034,89418100
2022-02-04,169.64120483398438,171.32394513354754,167.9584645344212,168.94251932550307,82465400
2022-02-07,168.92288208007812,171.1763613855954,168.22419643494246,170.1037450572418,77251200
2022-02-08,172.0423126220703,172.55402535255456,168.6965170956554,168.99173655614575,74829200
2022-02-09,173.46917724609375,173.83327271357754,172.11117683042102,173.24284884864312,71285000
2022-02-10,169.37550354003906,172.68192819387235,168.8146001247778,171.36329839541398,90865900
2022-02-11,165.95101928710938,170.32022548644153,165.360580335394,169.58218430454045,98670700
2022-02-14,166.1871795654297,166.87601492289843,163.90416522012222,164.70124720629926,86185500
2022-02-15,170.03480529785156,170.19225765383757,167.53531296237668,168.24383354883068,62527400
2022-02-16,169.79867553710938,170.57607229918491,167.33853829378842,169.1098401120767,61177400
2022-02-17,166.1871795654297,169.1688644106395,165.78371349338204,168.30289138097328,69589300
2022-02-18,164.63235473632812,167.8206823626154,163.54005341590076,167.11217679103845,82772700
2022-02-22,161.69992065429688,164.03212613943992,159.56450814551414,162.34938552584524,91162800
2022-02-23,157.5177001953125,163.5007417287701,157.20279536961024,162.90046754332764,90009200
2022-02-24,160.14508056640625,160.25332719300383,149.57632680623354,150.14708038143124,141147500
2022-02-25,162.22146606445312,162.48715009234238,158.30491651486224,161.22756094554026,91974200
2022-02-28,162.48712158203125,162.78234102115098,159.84001180321536,160.4599711238184,95056600
2022-03-01,160.59776306152344,163.94355886382843,159.38737969074035,162.0738454702056,83474400
2022-03-02,163.90415954589844,164.69140636238802,160.35172123734418,161.76876250392863,79724800
2022-03-03,163.5794219970703,166.21669661748916,162.91027195360368,165.78371011148872,76678400
2022-03-04,160.56820678710938,162.91026182459296,159.51527604524227,161.86716622434736,83737200
2022-03-07,156.7599639892578,162.38875977204634,156.5041000801844,160.75522487368383,96418800
2022-03-08,154.92958068847656,160.28284087725882,153.31573151528343,156.28758103481016,131148300
2022-03-09,160.3517303466797,160.80440217190915,156.8681828813347,158.9051685561548,91454900
2022-03-10,155.99240112304688,157.83257914825734,153.49289304131352,157.6456062977945,105342000
2022-03-11,152.26278686523438,156.7402389691296,152.03645847766137,156.39581380133617,96970100
2022-03-14,148.21835327148438,151.6625456315132,147.7066555034308,149.03512069014965,108732100
2022-03-15,152.6170654296875,153.08942257610076,147.98217542358523,148.4938731423045,92964300
2022-03-16,157.04531860351562,157.44878471807237,151.99712715402308,154.54582575293017,102300200
2022-03-17,158.05889892578125,158.43284460620507,155.11658427872035,156.0809539111175,75615400
2022-03-18,161.3653106689453,161.85733809568418,157.21259798603037,157.9506391261387,123511700
2022-03-21,162.74301147460938,163.69754597170976,160.41079104635503,160.90281851844856,95811400
2022-03-22,166.12814331054688,166.71856719819857,162.28048532842047,162.87090921607214,81532000
2022-03-23,167.49595642089844,169.88720212485975,164.9767637860135,165.31135379443643,98062700
2022-03-24,171.29446411132812,171.36334015450248,167.49601114298855,168.33244889860822,90131400
2022-03-25,171.93406677246094,172.48513509296794,169.99547749215097,171.10746429170044,80546200
2022-03-28,172.800048828125,172.92796575635768,169.25744513309817,169.42473266654576,90371900
2022-03-29,176.1064910888672,176.1556818269469,173.52825675371,173.87268201319478,100589400
2022-03-30,174.93544006347656,176.74609743731983,173.88249413539714,175.7030016679424,92633200
2022-03-31,171.8258056640625,175.19127120838715,171.6191475535364,175.0042983977884,103049300
2022-04-01,171.5305938720703,172.09151232886626,169.1983887454629,171.25505972274473,78751300
2022-04-04,175.59474182128906,175.6439475646401,171.6585226009615,171.78645453057726,76468400
2022-04-05,172.26864624023438,175.45698948199342,171.6388517127187,174.66974256872732,73401800
2022-04-06,169.09014892578125,170.86145068243167,167.4172586616336,169.61169680197753,89058800
2022-04-07,169.3952178955078,170.59576613151657,167.14173867476228,168.43084825224216,77594700
2022-04-08,167.3778839111328,169.0409389910171,166.5020757053073,169.0409389910171,76575500
2022-04-11,163.10708618164062,166.33478478538393,162.8610724769926,166.0198950514866,72246700
2022-04-12,164.9866180419922,167.16137056561655,163.9828780227514,165.3408783419899,79265200
2022-04-13,167.68292236328125,168.31271679879137,164.1108138532633,164.72092298955894,70618900
2022-04-14,162.65443420410156,168.53909354843174,162.40842046943686,167.89944882901148,75329400
2022-04-18,162.43792724609375,163.94352983512067,160.96184509877446,161.30625525719185,69023900
2022-04-19,164.7307586669922,165.14407487442162,161.29641720934256,162.38871857930025,67723800
2022-04-20,164.5634765625,166.1871759578773,163.45150487225482,166.06907917381437,67929800
2022-04-21,163.76638793945312,168.7949082587247,163.2645254279015,166.2166896462883,87227800
2022-04-22,159.21023559570312,165.1932911869879,158.92486628163977,163.8057851903542,84882400
2022-04-25,160.2828369140625,160.56820617483112,155.93331687209525,158.55089100434944,96046400
2022-04-26,154.29978942871094,159.75144619433357,154.22106324602348,159.66288486961668,95623200
2022-04-27,154.07350158691406,157.24214493496905,152.90247371141064,153.42402167042658,88063200
2022-04-28,161.03073120117188,161.89670425341123,156.3958263617354,156.71073111363518,130216800
2022-04-29,155.13626098632812,163.54993403564234,154.74264500205678,159.25945373894038,131747600
2022-05-02,155.44131469726562,155.70699870242646,150.8260949299853,154.21124610323508,123055300
2022-05-03,156.9370880126953,158.1474864801479,153.827485608277,155.62829305402306,88966500
2022-05-04,163.372802734375,163.82545959087432,156.72058183628712,157.12404795896134,108256500
2022-05-05,154.27024841308594,161.463685349551,152.4792617806375,161.23735698918603,130525300
2022-05-06,154.99957275390625,157.12825820261122,151.94451409858615,153.74798246172097,116124600
2022-05-09,149.855224609375,153.5705662251753,149.29349706523496,152.68360662844097,131577900
2022-05-10,152.26971435546875,154.46739183893223,150.71262137734965,153.26507972972064,115366700
2022-05-11,144.37583923339844,153.19606667734942,143.69584140711092,151.2743434971103,142689800
2022-05-12,140.4929962158203,144.0802186431024,136.78751850070398,140.69995800707954,182602000
2022-05-13,144.97698974609375,145.9526407258744,141.03498745815705,142.4935240941809,113990900
2022-05-16,143.42977905273438,145.3810814533927,142.08949737035988,143.43964368471316,86643800
2022-05-17,147.07614135742188,147.5984555661727,144.55324673702833,146.70164625018603,78336300
2022-05-18,138.77821350097656,145.2233813560545,137.87153963890293,144.72078142086878,109742900
2022-05-19,135.3585205078125,139.6060259100609,134.61939501913687,137.8518359532745,136095600
2022-05-20,135.59503173828125,138.65993938193793,130.68724267872005,137.07328272324338,137426100
2022-05-23,141.0349884033203,141.18280747509044,135.6541486277064,135.792118107207,117726300
2022-05-24,138.32485961914062,139.9115161270146,135.33879411636306,138.76833186496543,104132700
2022-05-25,138.48255920410156,139.73413423560646,136.33415991086508,136.42285136269513,92482700
2022-05-26,141.6952667236328,142.24714462113738,135.15154372635268,135.397918861849,90601500
2022-05-27,147.4703369140625,147.509750328954,143.15383866233717,143.28195857644457,90978500
2022-05-31,146.68191528320312,148.47553371046925,144.71091395436392,146.9085912630533,103718400
2022-06-01,146.55381774902344,149.53988370849348,145.53873817938137,147.72655096677192,74286600
2022-06-02,149.01756286621094,149.07669050037924,144.73062893844732,145.68656579095972,72348100
2022-06-03,143.27207946777344,145.82452236693706,142.36542073655667,144.77002952584698,88570300
2022-06-06,144.02108764648438,146.41586243222446,142.79906122963087,144.89818276511863,71598400
2022-06-07,146.55381774902344,146.83960633947197,142.0106588574211,142.25703403584302,67808200
2022-06-08,145.81468200683594,147.69697680968412,145.32193168448424,146.42568759453718,53950200
2022-06-09,140.57180786132812,145.80481374848975,140.4634021916062,144.94743302094574,69473000
2022-06-10,135.14170837402344,138.71906549283727,135.07271611079338,138.2460293933542,91437900
2022-06-13,129.96783447265625,133.23968891028474,129.53421176750797,130.94347052169286,122207100
2022-06-14,130.83506774902344,131.94868835400084,129.57362805380447,131.19971323419813,84784300
2022-06-15,133.46633911132812,135.3486488673454,130.24376297463832,132.34286902822936,91533000
2022-06-16,128.17420959472656,130.47042786825955,127.16899474112004,130.16492507881696,108123900
2022-06-17,129.6524658203125,131.15043105016284,127.92783964673345,128.18407944512376,134520300
2022-06-21,133.89999389648438,135.07274229839362,131.38697879244958,131.48551985360913,81000500
2022-06-22,133.38751220703125,135.7625572241762,131.96838893721528,132.83561923956722,73409200
2022-06-23,136.26516723632812,136.58051959738074,133.6634463480769,134.8361944256016,72433800
2022-06-24,139.6060333251953,139.85240850117333,137.7434375963034,137.87154246227976,89116800
2022-06-27,139.6060333251953,141.4095014178601,138.9260354334884,140.63094744074303,70207900
2022-06-28,135.44723510742188,141.34052580053483,135.32897982103705,140.06923635925068,67083400
2022-06-29,137.21124267578125,138.6303659287056,134.6883635761582,135.46691746181185,66242400
2022-06-30,134.73764038085938,136.36371032139607,131.83041667995218,135.25995448479154,98964500
2022-07-01,136.91558837890625,137.02399404422195,133.69301230892643,134.06749230384347,71051600
2022-07-05,139.50747680664062,139.5567548491927,134.94460374967946,135.77243576693132,73353800
2022-07-06,140.8477325439453,142.03033016068872,139.03441519576913,139.30050454673838,74064300
2022-07-07,144.22802734375,144.42512446788226,141.20253310502923,141.21238269809453,66253700
2022-07-08,144.90802001953125,145.41063501342293,142.89760515660754,143.15382993164704,64547800
2022-07-11,142.7694549560547,144.51379508007224,141.69526300251138,143.55785837644726,63141600
2022-07-12,143.74513244628906,146.29757564571045,142.946879286725,143.6465763614465,77588800
2022-07-13,143.3804931640625,144.32656535504097,140.05934579014044,140.91674157030096,71185600
2022-07-14,146.31729125976562,146.79032738889836,141.17297636311127,141.99094375492155,78140700
2022-07-15,147.99264526367188,148.67264318460957,146.05120759050547,147.6083005741264,76259900
2022-07-18,144.93759155273438,149.37234459214557,144.5729460772953,148.55437722703743,81420900
2022-07-19,148.8105926513672,149.03725358197892,144.7798987508147,145.77524895701922,82982400
2022-07-20,150.82101440429688,151.49116267268522,148.18972944635095,148.9288549414216,64823400
2022-07-21,153.09754943847656,153.31436080918664,149.73698823001865,152.25986777550145,65086600
2022-07-22,151.8557891845703,154.01403798046638,151.18565597102892,153.13694301712763,66675400
2022-07-25,150.73233032226562,152.7920231935369,150.07204665223094,151.7769586670234,53623900
2022-07-26,149.40191650390625,150.87030296581528,148.61351291334188,150.05233555639018,55138700
2022-07-27,154.51666259765625,155.04884144648923,149.9538041551516,150.3677126833835,78620700
2022-07-28,155.06854248046875,155.3543310693815,152.17116799178928,154.70389699283152,81378700
2022-07-29,160.15371704101562,161.257488076031,157.1873652790473,158.90214195015406,101786900
2022-08-01,159.16822814941406,161.21807160961242,158.55722246790594,158.67547775141105,67829400
2022-08-02,157.68994140625,160.05515180598763,157.31546141372255,157.77864788642987,59907000
2022-08-03,163.7212371826172,164.17455908657996,158.41923856963987,158.50793002421338,82507500
2022-08-04,163.40586853027344,164.76586430720064,162.04587275334626,163.60296566260632,55474100
2022-08-05,163.1788787841797,163.67231353700947,160.85972942250632,161.0669786444056,56697000
2022-08-08,162.70516967773438,165.60656841764427,162.04396891961866,164.18547392802034,60276900
2022-08-09,162.7545623779297,163.64275421535987,161.10649165166032,161.8663855989373,63135500
2022-08-10,167.01780700683594,167.11648492615134,164.70852083002953,165.47827786948693,70170500
2022-08-11,166.2776641845703,168.74483818248612,165.9816002931334,167.8270416248752,57149200
2022-08-12,169.8402557373047,169.9093287754835,167.17569590306383,167.59019436587388,68039400
2022-08-15,170.91595458984375,171.11332550526615,169.10011807446065,169.26788410549148,54091700
2022-08-16,170.75802612304688,171.4291052045612,169.406019744618,170.51130875130826,56377100
2022-08-17,172.25808715820312,173.83706944158646,170.3040896179902,170.50146052110878,79542000
2022-08-18,171.86334228515625,172.60349451732048,170.8468677576589,171.4686004513763,62290100
2022-08-19,169.26785278320312,171.45870417338608,169.06060357237703,170.75802023609415,70346300
2022-08-22,165.3697509765625,167.62967580149297,164.94538920566245,167.461909771558,69026800
2022-08-23,165.03419494628906,166.49477276056035,164.46180878530728,164.88617053329148,54147100
2022-08-24,165.3302764892578,165.90266271137483,164.06708450197766,165.12304228892702,53841500
2022-08-25,167.7974395751953,167.9059958352742,166.13950584864693,166.56385255540565,51218200
2022-08-26,161.4716033935547,168.80405254539968,161.4123936253421,168.3303593412636,78961000
2022-08-29,159.2610321044922,160.76106316026429,157.72151782921043,159.03404123840198,73314000
2022-08-30,156.8234405517578,160.4255083111715,155.64906340226676,160.00116164152158,77906200
2022-08-31,155.15562438964844,158.47150652042689,155.07667302243541,158.2050475383872,87991100
2022-09-01,155.8859100341797,156.33986156326952,152.6391010050158,154.5832350896264,74229900
2022-09-02,153.76412963867188,158.2543887367361,152.93516289828764,157.65239775798332,76957800
2022-09-06,152.50094604492188,155.0273296121399,151.6719792603848,154.4154753271388,73714800
2022-09-07,153.91220092773438,154.61286996329966,151.59305117128892,152.78717010211398,87449600
2022-09-08,152.431884765625,154.30693097885487,150.6752430270464,152.60951406525444,84923800
2022-09-09,155.3036651611328,155.74776853082003,152.71807161072002,153.42861893209738,68028800
2022-09-12,161.28408813476562,162.10319169268726,157.20832701154205,157.49451256385936,104956000
2022-09-13,151.82003784179688,158.4320621166019,151.35620785732317,157.80046608261773,122656600
2022-09-14,153.2707061767578,155.0372110898694,151.59303096684667,152.75752979849568,87965400
2022-09-15,150.3693084716797,153.2016343191028,149.39231725485783,152.6193698403597,90481100
2022-09-16,148.72125244140625,149.36272674550892,146.4218443622924,149.22456559759132,162278800
2022-09-19,152.4516143798828,152.530565756339,147.142266074514,147.34950026158054,81474200
2022-09-20,154.83982849121094,156.00434240653766,151.06999458899193,151.3857850189289,107689800
2022-09-21,151.70156860351562,156.65565731338555,151.58314909169184,155.27403108890135,101696800
2022-09-22,150.7344512939453,152.44173129494766,148.92847832058902,150.37917767527796,86652500
2022-09-23,148.45480346679688,149.4811563994393,146.60936192506745,149.2048340849056,96029900
2022-09-26,148.79034423828125,151.7509532458143,147.67517669341092,147.69491830315658,93339400
2022-09-27,149.767333984375,152.68847479986027,147.98110231146464,150.734477091982,84442700
2022-09-28,147.87254333496094,148.66204205913598,142.9381951319115,145.70143313730634,146691400
2022-09-29,140.60919189453125,144.79352488091232,138.8328234069904,144.1816704801514,128138200
2022-09-30,136.38534545898438,141.2210144615274,136.18797459444687,139.42490495984325,124925300
2022-10-03,140.57957458496094,141.1914439900878,135.88208060719077,136.39525702678367,114311700
2022-10-04,144.18165588378906,144.30007541815792,142.36580435900075,143.12569817421627,87830100
2022-10-05,144.4777069091797,145.44484998263232,141.13221948664446,142.17831393701783,79471000
2022-10-06,143.52044677734375,145.60274235287363,143.31321258240413,143.895462065149,68402200
2022-10-07,138.25057983398438,141.2210674225479,137.6189837955429,140.6684077127789,85925600
2022-10-10,138.57620239257812,140.02690164719857,136.75050299743356,138.57620239257812,74899000
2022-10-11,137.15512084960938,139.49401183769913,136.40510543994947,138.06303899554518,77033700
2022-10-12,136.5235137939453,138.51699426564903,136.34588452399208,137.30314907900447,70433700
2022-10-13,141.11248779296875,141.7046005106399,132.6056617056489,133.21753108987443,113224000
2022-10-14,136.56301879882812,142.62239748423457,136.37551116721934,142.41514824444727,88598000
2022-10-17,140.54010009765625,141.02365655306738,138.4281998048671,139.21769847828358,85250900
2022-10-18,141.86248779296875,144.7737497481639,138.7637182271675,143.57964610972482,99136600
2022-10-19,141.97103881835938,143.04672289831205,139.64202632814627,139.82953393185838,61758300
2022-10-20,141.5072479248047,143.97442221393123,140.77695891418597,141.14211094871374,64522000
2022-10-21,145.33628845214844,145.90867462024406,140.7769407155068,140.99405322955806,86548600
2022-10-24,147.48764038085938,148.25739736853123,144.08294369562876,145.25732078304517,75981900
2022-10-25,150.33970642089844,150.4877458912043,147.39883932372416,148.11924989222194,74732300
2022-10-26,147.38897705078125,149.9943121264643,146.09616525843597,148.9778376688811,88194300
2022-10-27,142.8987274169922,147.09292340264514,142.23752656273683,146.12579536819774,109180200
2022-10-28,153.69503784179688,155.43192247508642,145.87903440434715,146.2540345172522,164762400
2022-10-31,151.3265838623047,152.2147755550462,149.92523080942135,151.1489545588176,97943200
2022-11-01,148.67190551757812,153.4088828100258,147.17187450407766,153.04374586124993,80379300
2022-11-02,143.12571716308594,150.17196650314528,143.09611227556596,146.99424473621292,93604600
2022-11-03,137.05645751953125,140.92498461939732,136.92815965034873,140.1946956802254,97918500
2022-11-04,136.78955078125,141.03023754059535,132.83552430474884,140.456901891493,140814800
2022-11-07,137.32333374023438,137.55068603269024,134.11068732115655,135.5341392248018,83374600
2022-11-08,137.89666748046875,139.8044779338877,135.9097746908865,138.796212085486,89908500
2022-11-09,133.31988525390625,136.95759752003397,133.0431046023265,136.90816917152026,74917800
2022-11-10,145.1819610595703,145.1819610595703,137.89667216677097,139.61667909909517,118854000
2022-11-11,147.9794464111328,148.28588106740983,142.71070401695297,144.1440507641814,93979700
2022-11-14,146.5757598876953,148.5527731206919,145.73552323030617,147.25783186642536,73374100
2022-11-15,148.31553649902344,151.82473825025608,146.85255082741247,150.47048891741846,89868300
2022-11-16,147.0799102783203,148.14749936078283,145.59715017769167,147.4160140311921,64218300
2022-11-17,148.9877166748047,149.7389762643868,144.47023425105218,144.74701489370946,80389400
2022-11-18,149.55116271972656,150.94496070019653,148.246341800127,150.5594437144723,74829600
2022-11-21,146.30885314941406,148.64172927634687,146.0221928785554,148.4341513417214,58724100
2022-11-22,148.4539337158203,148.69118076144065,145.24128683803002,146.42750698271593,51804100
2022-11-23,149.3336944580078,150.0849540196098,147.62356723542243,147.73230356123182,58301400
2022-11-25,146.40771484375,147.16886915801885,145.4290878682615,146.6054131493823,35195900
2022-11-28,142.56240844726562,144.9545923640779,141.73206660838773,143.4718326160479,69246000
2022-11-29,139.54747009277344,143.14563338917574,138.7369025521412,142.63160575157164,83763800
2022-11-30,146.3286590576172,147.01073115671917,138.93463248466975,139.77485420692707,111380900
2022-12-01,146.60540771484375,147.4159903463265,144.92494955414173,146.50656610739853,71250400
2022-12-02,146.1111602783203,146.29897894842466,143.9759823709456,144.28243209151336,65447400
2022-12-05,144.9447479248047,149.18543519719876,144.0946315261712,146.07164500360574,68826400
2022-12-06,141.26748657226562,145.60703008872727,140.28885957535718,145.3796777864446,64727200
2022-12-07,139.3201141357422,141.7221777874695,138.39091557496423,140.55574731051865,69721100
2022-12-08,141.01048278808594,141.87049392300491,139.47830938217072,140.72382246539036,62128300
2022-12-09,140.526123046875,143.89693468072133,139.28059488984613,140.70404702164143,76097000
2022-12-12,142.82933044433594,142.83921008074833,139.4387448115005,141.0598951045821,70462700
2022-12-13,143.79806518554688,148.24634516014598,142.58220621584587,147.78174582279246,93886200
2022-12-14,141.5640411376953,144.9743859949628,139.5375995292449,143.67944472283807,82291200
2022-12-15,134.93116760253906,140.17025624774567,134.46656823635524,139.48818419596876,98931900
2022-12-16,132.9640350341797,136.06794556798988,132.1930009902241,135.11898755239025,160156900
2022-12-19,130.84861755371094,133.6460931216457,129.81069766078807,133.5571311451233,79592600
2022-12-20,130.77943420410156,131.7185125149171,128.39712953221752,129.87988952300458,77432800
2022-12-21,133.8932342529297,135.23760401600552,131.2242690848365,131.45162141055363,85928000
2022-12-22,130.71023559570312,133.01345799694343,128.80242492111796,132.8058800384377,77852100
2022-12-23,130.344482421875,130.89804371107982,128.14999653723166,129.41528379353238,63814900
2022-12-27,128.5355224609375,129.89966650674359,127.24058112280677,129.87001251300126,69007800
2022-12-28,124.59137725830078,129.52402325835672,124.42333294025542,128.17965363057965,85438400
2022-12-29,128.12034606933594,128.9803420184741,126.26195630324504,126.51896259932623,75703700
2022-12-30,128.43666076660156,128.45643512279935,125.9654017030859,126.93414153068441,77034200
