Date,Actual,Prediction_AE,Prediction_XGB,Prediction_Ensemble,Pred_Binary_Ensemble
2013-01-04,0,0.4378961,0.6197165,0.5288063,1
2013-01-07,1,0.46396548,0.39290297,0.42843422,0
2013-01-08,0,0.45499694,0.24233723,0.3486671,0
2013-01-09,1,0.4440409,0.70808053,0.5760607,1
2013-01-10,0,0.45487577,0.49142125,0.47314852,0
2013-01-11,0,0.46755463,0.4844925,0.47602355,0
2013-01-14,0,0.43070143,0.45117155,0.4409365,0
2013-01-15,1,0.45832807,0.7930726,0.62570035,1
2013-01-16,0,0.48012745,0.32676288,0.40344518,0
2013-01-17,0,0.47994116,0.19027123,0.3351062,0
2013-01-18,1,0.48632744,0.39126956,0.4387985,0
2013-01-22,1,0.4801416,0.26340678,0.3717742,0
2013-01-23,0,0.4810474,0.64400715,0.5625273,1
2013-01-24,0,0.4056605,0.79380816,0.5997343,1
2013-01-25,1,0.49316067,0.84680426,0.66998243,1
2013-01-28,1,0.4905312,0.65851694,0.57452404,1
2013-01-29,0,0.5049745,0.7371953,0.6210849,1
2013-01-30,0,0.49967003,0.8088412,0.6542556,1
2013-01-31,0,0.4962501,0.5824379,0.53934395,1
2013-02-01,0,0.4888278,0.55519974,0.5220138,1
2013-02-04,1,0.46637458,0.3583387,0.41235664,0
2013-02-05,0,0.46037036,0.36172345,0.41104692,0
2013-02-06,1,0.48141012,0.34996143,0.41568577,0
2013-02-07,1,0.4929844,0.6886653,0.59082484,1
2013-02-08,1,0.49289966,0.4088424,0.45087105,0
2013-02-11,0,0.4920051,0.47868893,0.48534703,0
2013-02-12,0,0.45983022,0.6482704,0.5540503,1
2013-02-13,0,0.4802992,0.4102934,0.4452963,0
2013-02-14,0,0.47904468,0.50581825,0.49243146,0
2013-02-15,0,0.45469454,0.5608609,0.5077777,1
2013-02-19,0,0.4663726,0.5505681,0.50847036,1
2013-02-20,0,0.44902638,0.55602074,0.50252354,1
2013-02-21,1,0.4817677,0.60022914,0.54099846,1
2013-02-22,0,0.47180006,0.6893754,0.58058774,1
2013-02-25,1,0.42994094,0.5032762,0.46660858,0
2013-02-26,0,0.46909004,0.4338643,0.45147717,0
2013-02-27,0,0.46480548,0.38473096,0.4247682,0
2013-02-28,0,0.4755591,0.48608607,0.48082256,0
2013-03-01,0,0.43671796,0.5244254,0.4805717,0
2013-03-04,1,0.46532866,0.7414827,0.60340565,1
2013-03-05,0,0.48955378,0.4596561,0.47460493,0
2013-03-06,1,0.47158104,0.44853172,0.46005636,0
2013-03-07,1,0.48662573,0.23951118,0.36306846,0
2013-03-08,1,0.48937836,0.34191868,0.41564852,0
2013-03-11,0,0.4853665,0.59111327,0.5382399,1
2013-03-12,0,0.46935472,0.40164065,0.4354977,0
2013-03-13,1,0.48286358,0.38598147,0.43442252,0
2013-03-14,1,0.48641154,0.60718167,0.5467966,1
2013-03-15,1,0.47855094,0.63205683,0.5553039,1
2013-03-18,0,0.4628109,0.42373016,0.44327053,0
2013-03-19,0,0.48502293,0.31375712,0.39939004,0
2013-03-20,1,0.48650908,0.49752253,0.4920158,0
2013-03-21,1,0.4830799,0.54232466,0.5127023,1
2013-03-22,1,0.48608124,0.52622473,0.506153,1
2013-03-25,0,0.48010746,0.5303666,0.50523704,1
2013-03-26,0,0.48685974,0.44090706,0.4638834,0
2013-03-27,0,0.46979618,0.5191814,0.49448878,0
2013-03-28,0,0.4536424,0.5161499,0.48489612,0
2013-04-01,1,0.4185437,0.75402814,0.58628595,1
2013-04-02,1,0.47480342,0.5847496,0.5297765,1
2013-04-03,0,0.4806219,0.52038014,0.50050104,1
2013-04-04,0,0.46589288,0.61459094,0.5402419,1
2013-04-05,1,0.48357755,0.67084646,0.577212,1
2013-04-08,1,0.55492413,0.44466975,0.49979693,0
2013-04-09,1,0.5498995,0.4669225,0.508411,1
2013-04-10,0,0.5139908,0.47729367,0.49564224,0
2013-04-11,0,0.53713274,0.5530257,0.54507923,1
2013-04-12,0,0.5579624,0.67024,0.6141012,1
2013-04-15,1,0.5444294,0.40676174,0.4755956,0
2013-04-16,0,0.52480614,0.37565583,0.450231,0
2013-04-17,0,0.4854073,0.8022889,0.64384806,1
2013-04-18,0,0.5447134,0.86827695,0.70649517,1
2013-04-19,1,0.5199768,0.81497943,0.6674781,1
2013-04-22,1,0.53105974,0.6654143,0.59823704,1
2013-04-23,0,0.50856084,0.41414452,0.46135268,0
2013-04-24,1,0.47887552,0.3729307,0.4259031,0
2013-04-25,1,0.57604885,0.5696218,0.5728353,1
2013-04-26,1,0.5084601,0.59765816,0.5530591,1
2013-04-29,1,0.51653814,0.40338054,0.45995933,0
2013-04-30,0,0.5205101,0.48879784,0.50465393,1
2013-05-01,1,0.53531194,0.37553367,0.45542282,0
2013-05-02,1,0.52912337,0.558383,0.54375315,1
2013-05-03,1,0.53098786,0.5207123,0.52585006,1
2013-05-06,0,0.52290595,0.5061628,0.51453435,1
2013-05-07,1,0.52178156,0.4490454,0.4854135,0
2013-05-08,0,0.5200309,0.42103785,0.47053438,0
2013-05-09,0,0.5240817,0.51183885,0.5179603,1
2013-05-10,1,0.52346396,0.376998,0.450231,0
2013-05-13,0,0.5229031,0.518819,0.520861,1
2013-05-14,0,0.52235293,0.47487113,0.49861205,0
2013-05-15,1,0.50319844,0.61456,0.55887926,1
2013-05-16,0,0.49446326,0.5588716,0.5266675,1
2013-05-17,1,0.5186425,0.55236554,0.535504,1
2013-05-20,0,0.49802524,0.6317475,0.56488633,1
2013-05-21,1,0.51641214,0.6303047,0.5733584,1
2013-05-22,1,0.5288732,0.6050798,0.56697655,1
2013-05-23,1,0.5205587,0.54924047,0.5348996,1
2013-05-24,0,0.53406084,0.52911687,0.53158885,1
2013-05-28,1,0.528044,0.50221634,0.51513016,1
2013-05-29,1,0.52042913,0.56239057,0.54140985,1
2013-05-30,0,0.51261103,0.5111878,0.5118994,1
2013-05-31,1,0.522811,0.43702766,0.4799193,0
2013-06-03,0,0.5198556,0.5144373,0.51714647,1
2013-06-04,0,0.53308976,0.4008089,0.46694934,0
2013-06-05,0,0.5280596,0.44212094,0.48509026,0
2013-06-06,1,0.5225347,0.43143553,0.47698513,0
2013-06-07,0,0.51209575,0.4706061,0.49135092,0
2013-06-10,0,0.5185431,0.4633039,0.49092352,0
2013-06-11,0,0.5264578,0.39719594,0.46182686,0
2013-06-12,1,0.54443383,0.43215957,0.4882967,0
2013-06-13,0,0.52327037,0.46846485,0.4958676,0
2013-06-14,1,0.5416958,0.48549557,0.5135957,1
2013-06-17,0,0.53051186,0.46510604,0.49780893,0
2013-06-18,0,0.54414475,0.47310853,0.50862664,1
2013-06-19,0,0.53970814,0.55034333,0.5450257,1
2013-06-20,0,0.52088976,0.6301633,0.57552654,1
2013-06-21,0,0.5151293,0.60835725,0.56174326,1
2013-06-24,1,0.53533995,0.8173419,0.67634094,1
2013-06-25,0,0.5539305,0.78172225,0.6678264,1
2013-06-26,0,0.5538856,0.77763206,0.66575885,1
2013-06-27,1,0.5752363,0.7513404,0.66328835,1
2013-06-28,1,0.5010547,0.6107613,0.55590796,1
2013-07-01,1,0.52989054,0.4704792,0.5001849,1
2013-07-02,1,0.51458,0.55060196,0.532591,1
2013-07-03,0,0.55647266,0.71951544,0.63799405,1
2013-07-05,0,0.5535581,0.5932812,0.5734197,1
2013-07-08,1,0.5036198,0.5973195,0.55046964,1
2013-07-09,0,0.5076364,0.5410467,0.5243416,1
2013-07-10,1,0.5060407,0.43422955,0.47013512,0
2013-07-11,0,0.5101044,0.5188289,0.51446664,1
2013-07-12,1,0.506256,0.41442382,0.4603399,0
2013-07-15,1,0.5098938,0.43129143,0.47059262,0
2013-07-16,1,0.5137983,0.4131927,0.4634955,0
2013-07-17,1,0.51479626,0.45771235,0.4862543,0
2013-07-18,0,0.5135962,0.33772716,0.42566168,0
2013-07-19,1,0.50276667,0.29595187,0.3993593,0
2013-07-22,0,0.5146996,0.37884837,0.44677398,0
2013-07-23,1,0.50585854,0.3931704,0.44951445,0
2013-07-24,0,0.5105862,0.5855134,0.5480498,1
2013-07-25,1,0.51143,0.40983757,0.4606338,0
2013-07-26,1,0.5165527,0.41288552,0.46471912,0
2013-07-29,1,0.5178838,0.5063652,0.5121245,1
2013-07-30,0,0.5191082,0.5316784,0.52539325,1
2013-07-31,1,0.50499207,0.28191,0.39345104,0
2013-08-01,1,0.5146798,0.5378372,0.52625847,1
2013-08-02,1,0.51341,0.5462308,0.5298204,1
2013-08-05,0,0.51020366,0.6347752,0.57248944,1
2013-08-06,0,0.5000818,0.49252513,0.49630344,0
2013-08-07,0,0.5131562,0.35906962,0.43611288,0
2013-08-08,0,0.5127046,0.31060514,0.4116549,0
2013-08-09,1,0.5088277,0.5232214,0.51602453,1
2013-08-12,1,0.51283395,0.6936846,0.60325927,1
2013-08-13,1,0.50080943,0.508154,0.5044817,1
2013-08-14,0,0.5000783,0.7064023,0.6032403,1
2013-08-15,1,0.5026693,0.7554294,0.6290493,1
2013-08-16,1,0.5181348,0.6999404,0.6090376,1
2013-08-19,0,0.5112443,0.67889524,0.59506977,1
2013-08-20,1,0.5024068,0.55624217,0.5293245,1
2013-08-21,1,0.5086533,0.4164011,0.4625272,0
2013-08-22,0,0.5087551,0.47755238,0.49315375,0
2013-08-23,1,0.51142645,0.51966083,0.51554364,1
2013-08-26,0,0.5063877,0.67839,0.59238887,1
2013-08-27,1,0.50015926,0.57596797,0.53806365,1
2013-08-28,1,0.5114572,0.610884,0.5611706,1
2013-08-29,0,0.51106894,0.5791306,0.54509974,1
2013-08-30,1,0.5099753,0.5508739,0.5304246,1
2013-09-03,1,0.5133415,0.5006725,0.507007,1
2013-09-04,0,0.5155796,0.49230155,0.5039406,1
2013-09-05,1,0.50836444,0.3856151,0.44698977,0
2013-09-06,1,0.51462734,0.44458285,0.47960508,0
2013-09-09,0,0.5139395,0.6667241,0.5903318,1
2013-09-10,0,0.51087064,0.46586555,0.4883681,0
2013-09-11,1,0.51406294,0.6141123,0.5640876,1
2013-09-12,0,0.5071789,0.32209378,0.41463634,0
2013-09-13,0,0.50301945,0.5978788,0.55044913,1
2013-09-16,1,0.5103588,0.7477654,0.6290621,1
2013-09-17,1,0.5078695,0.7607311,0.6343003,1
2013-09-18,1,0.51098466,0.38190767,0.44644618,0
2013-09-19,0,0.50892293,0.28041255,0.39466774,0
2013-09-20,1,0.50842386,0.3863178,0.44737083,0
2013-09-23,0,0.51820827,0.52802783,0.523118,1
2013-09-24,0,0.5028238,0.38229012,0.44255698,0
2013-09-25,1,0.50280213,0.47928286,0.4910425,0
2013-09-26,0,0.5108274,0.33336386,0.42209566,0
2013-09-27,0,0.507062,0.49670303,0.50188255,1
2013-09-30,1,0.5040684,0.3750997,0.43958402,0
2013-10-01,1,0.5069481,0.27682632,0.39188722,0
2013-10-02,0,0.50600135,0.37088102,0.4384412,0
2013-10-03,0,0.50141037,0.3555284,0.4284694,0
2013-10-04,1,0.5199815,0.40986106,0.4649213,0
2013-10-07,0,0.52148336,0.41146404,0.4664737,0
2013-10-08,1,0.5158367,0.5285579,0.5221973,1
2013-10-09,1,0.5183501,0.4759521,0.4971511,0
2013-10-10,1,0.5228298,0.45433554,0.48858267,0
2013-10-11,1,0.51784074,0.4429489,0.48039484,0
2013-10-14,1,0.5200032,0.6023173,0.5611602,1
2013-10-15,1,0.52364117,0.46921888,0.49643004,0
2013-10-16,1,0.52611464,0.58429813,0.5552064,1
2013-10-17,1,0.5247824,0.70201916,0.6134008,1
2013-10-18,1,0.52776694,0.5588003,0.5432836,1
2013-10-21,0,0.523253,0.51161224,0.51743263,1
2013-10-22,1,0.5193641,0.51917356,0.5192689,1
2013-10-23,1,0.5270426,0.39528233,0.46116248,0
2013-10-24,0,0.52430797,0.4307946,0.47755128,0
2013-10-25,1,0.5224585,0.49308363,0.5077711,1
2013-10-28,0,0.5237662,0.3863908,0.4550785,0
2013-10-29,1,0.5060986,0.40974998,0.4579243,0
2013-10-30,0,0.52018416,0.49017525,0.5051797,1
2013-10-31,0,0.51991713,0.4922521,0.5060846,1
2013-11-01,1,0.5163856,0.52550006,0.5209428,1
2013-11-04,0,0.51958823,0.5251351,0.52236164,1
2013-11-05,0,0.51991993,0.4814927,0.5007063,1
2013-11-06,0,0.5195793,0.5189242,0.5192517,1
2013-11-07,1,0.51048803,0.67192477,0.59120643,1
2013-11-08,0,0.5151926,0.397878,0.4565353,0
2013-11-11,1,0.5138428,0.56510353,0.5394732,1
2013-11-12,1,0.51397884,0.5076323,0.5108056,1
2013-11-13,1,0.51408327,0.51054156,0.5123124,1
2013-11-14,0,0.51812166,0.34055087,0.42933625,0
2013-11-15,0,0.51708424,0.39246103,0.45477265,0
2013-11-18,1,0.51152813,0.6151714,0.5633497,1
2013-11-19,0,0.5151832,0.47459528,0.49488926,0
2013-11-20,1,0.51129854,0.42287642,0.46708748,0
2013-11-21,0,0.5158819,0.41621125,0.46604657,0
2013-11-22,1,0.5162698,0.54975945,0.53301466,1
2013-11-25,1,0.5195918,0.3925111,0.45605147,0
2013-11-26,1,0.51585114,0.52693236,0.52139175,1
2013-11-27,1,0.5252522,0.7327815,0.6290169,1
2013-11-29,0,0.5262388,0.50450647,0.51537263,1
2013-12-02,1,0.51935446,0.64734733,0.5833509,1
2013-12-03,0,0.52864933,0.5144131,0.5215312,1
2013-12-04,1,0.5239717,0.47426057,0.49911612,0
2013-12-05,0,0.5237584,0.4622222,0.49299031,0
2013-12-06,1,0.51772755,0.6133307,0.5655291,1
2013-12-09,0,0.52053875,0.4447902,0.48266447,0
2013-12-10,0,0.52027637,0.46480045,0.4925384,0
2013-12-11,0,0.5173446,0.64525324,0.58129895,1
2013-12-12,0,0.522437,0.43519494,0.47881597,0
2013-12-13,1,0.5186733,0.7103633,0.6145183,1
2013-12-16,0,0.52057016,0.43087822,0.4757242,0
2013-12-17,0,0.52002823,0.54530793,0.5326681,1
2013-12-18,0,0.50758946,0.46067697,0.4841332,0
2013-12-19,1,0.51435304,0.6202585,0.5673058,1
2013-12-20,1,0.5140565,0.47713947,0.495598,0
2013-12-23,0,0.5234197,0.4598057,0.49161267,0
2013-12-24,0,0.51730955,0.4455159,0.4814127,0
2013-12-26,0,0.51600206,0.6189739,0.56748796,1
2013-12-27,0,0.5159378,0.63538617,0.575662,1
2013-12-30,1,0.5105958,0.57409686,0.54234636,1
2013-12-31,0,0.51693535,0.47996834,0.49845183,0
2014-01-02,0,0.5130104,0.53196543,0.5224879,1
2014-01-03,1,0.50856614,0.2952461,0.40190613,0
2014-01-06,0,0.4989324,0.51043004,0.5046812,1
2014-01-07,1,0.49355632,0.44665012,0.4701032,0
2014-01-08,0,0.48648235,0.3868501,0.43666622,0
2014-01-09,0,0.49435523,0.59353876,0.543947,1
2014-01-10,1,0.49157217,0.5244725,0.5080223,1
2014-01-13,1,0.49306116,0.51036036,0.5017108,1
2014-01-14,1,0.4891359,0.3150748,0.40210533,0
2014-01-15,0,0.49535558,0.4335688,0.4644622,0
2014-01-16,0,0.4955831,0.44652358,0.47105333,0
2014-01-17,1,0.5138838,0.5084679,0.5111759,1
2014-01-21,1,0.49133223,0.41930902,0.45532063,0
2014-01-22,1,0.5005044,0.5187556,0.50962996,1
2014-01-23,0,0.50119567,0.3900874,0.44564152,0
2014-01-24,1,0.5109242,0.45384127,0.48238274,0
2014-01-27,0,0.505432,0.40281507,0.45412356,0
2014-01-28,0,0.52422464,0.57830817,0.55126643,1
2014-01-29,0,0.48716298,0.70994884,0.5985559,1
2014-01-30,1,0.4853957,0.6931834,0.58928955,1
2014-01-31,1,0.47935513,0.6822735,0.5808143,1
2014-02-03,1,0.47887525,0.54890376,0.5138895,1
2014-02-04,1,0.4786717,0.3278335,0.4032526,0
2014-02-05,1,0.47900414,0.28180164,0.3804029,0
2014-02-06,1,0.47994426,0.29790527,0.38892478,0
2014-02-07,1,0.48844588,0.35855052,0.4234982,0
2014-02-10,1,0.4898283,0.3119649,0.4008966,0
2014-02-11,0,0.497537,0.34673867,0.42213783,0
2014-02-12,1,0.5047153,0.37690416,0.44080973,0
2014-02-13,0,0.5024381,0.40287367,0.4526559,0
2014-02-14,1,0.50467753,0.52512825,0.5149029,1
2014-02-18,0,0.50096905,0.39037114,0.4456701,0
2014-02-19,0,0.509516,0.4414083,0.47546214,0
2014-02-20,0,0.50265455,0.37231982,0.43748719,0
2014-02-21,1,0.5024277,0.6085618,0.5554948,1
2014-02-24,0,0.4934922,0.4786116,0.4860519,0
2014-02-25,0,0.49787033,0.63639647,0.5671334,1
2014-02-26,1,0.49811834,0.63,0.56405914,1
2014-02-27,0,0.49008206,0.42570993,0.457896,0
2014-02-28,1,0.5027077,0.44610158,0.47440463,0
2014-03-03,1,0.4910322,0.5073498,0.499191,0
2014-03-04,1,0.4933283,0.5188274,0.5060778,1
2014-03-05,0,0.49374235,0.5436241,0.5186832,1
2014-03-06,0,0.49606854,0.49313733,0.49460292,0
2014-03-07,1,0.5008415,0.44213986,0.47149068,0
2014-03-10,1,0.49603686,0.4618369,0.47893688,0
2014-03-11,1,0.507674,0.44880837,0.47824118,0
2014-03-12,0,0.5023919,0.520503,0.5114474,1
2014-03-13,0,0.5138662,0.5111382,0.5125022,1
2014-03-14,1,0.5043007,0.53450364,0.51940215,1
2014-03-17,1,0.49545962,0.42477712,0.46011835,0
2014-03-18,0,0.49834025,0.5430891,0.52071464,1
2014-03-19,0,0.50428927,0.52808625,0.5161878,1
2014-03-20,1,0.5024002,0.4727647,0.48758245,0
2014-03-21,1,0.5133283,0.54824924,0.5307888,1
2014-03-24,1,0.50905156,0.44472644,0.476889,0
2014-03-25,0,0.5054521,0.7143687,0.60991037,1
2014-03-26,0,0.5126196,0.633112,0.57286584,1
2014-03-27,0,0.50166774,0.43622097,0.46894437,0
2014-03-28,0,0.5005855,0.43312466,0.46685508,0
2014-03-31,1,0.49984077,0.3535817,0.42671123,0
2014-04-01,1,0.5010072,0.5492692,0.5251382,1
2014-04-02,0,0.50513875,0.5902249,0.5476818,1
2014-04-03,0,0.5049594,0.4638275,0.48439345,0
2014-04-04,0,0.5160588,0.6435536,0.5798062,1
2014-04-07,0,0.49247694,0.47575608,0.4841165,0
2014-04-08,1,0.4932404,0.46439335,0.47881687,0
2014-04-09,0,0.50171936,0.38535818,0.44353878,0
2014-04-10,0,0.4908045,0.5455419,0.5181732,1
2014-04-11,1,0.49509776,0.48512957,0.49011368,0
2014-04-14,0,0.4948112,0.55347544,0.52414334,1
2014-04-15,1,0.49696824,0.41718844,0.45707834,0
2014-04-16,1,0.49552223,0.48591876,0.4907205,0
2014-04-17,1,0.5019978,0.40487963,0.45343873,0
2014-04-21,1,0.50082445,0.447491,0.47415772,0
2014-04-22,0,0.49860096,0.5458112,0.52220607,1
2014-04-23,1,0.5015305,0.5134796,0.50750506,1
2014-04-24,1,0.5105306,0.4939317,0.5022311,1
2014-04-25,1,0.5077027,0.43127263,0.46948767,0
2014-04-28,0,0.5163669,0.26322767,0.38979727,0
2014-04-29,0,0.5079241,0.6119233,0.55992365,1
2014-04-30,1,0.51062053,0.466036,0.48832828,0
2014-05-01,1,0.50657433,0.47886097,0.49271765,0
2014-05-02,1,0.5049995,0.47844785,0.4917237,0
2014-05-05,0,0.5126834,0.49191496,0.5022992,1
2014-05-06,0,0.50208163,0.4253167,0.46369916,0
2014-05-07,0,0.5025287,0.33758116,0.42005494,0
2014-05-08,0,0.50069237,0.38015264,0.4404225,0
2014-05-09,1,0.50024164,0.48098305,0.49061233,0
2014-05-12,1,0.5045314,0.4233979,0.46396464,0
2014-05-13,1,0.49796426,0.50883466,0.5033995,1
2014-05-14,0,0.4969042,0.45986545,0.47838482,0
2014-05-15,1,0.49139833,0.50535333,0.49837583,0
2014-05-16,1,0.5075371,0.395206,0.45137155,0
2014-05-19,1,0.5048791,0.4891069,0.496993,0
2014-05-20,1,0.49246088,0.4508549,0.47165787,0
2014-05-21,1,0.492176,0.6699944,0.5810852,1
2014-05-22,1,0.49188772,0.44544247,0.4686651,0
2014-05-23,1,0.50246614,0.66259855,0.58253235,1
2014-05-27,0,0.51132333,0.67052376,0.59092355,1
2014-05-28,1,0.49372724,0.40998188,0.45185456,0
2014-05-29,0,0.50922346,0.67366475,0.59144413,1
2014-05-30,0,0.5094039,0.5815877,0.54549575,1
2014-06-02,1,0.49660861,0.38898683,0.44279772,0
2014-06-03,1,0.5085882,0.38688844,0.44773832,0
2014-06-04,1,0.51064014,0.5131129,0.5118765,1
2014-06-05,0,0.50010514,0.6858432,0.5929742,1
2014-06-06,1,0.49678624,0.36799166,0.43238896,0
2014-06-09,1,0.51105976,0.7096739,0.6103668,1
2014-06-10,0,0.4976617,0.47268808,0.4851749,0
2014-06-11,0,0.4945802,0.3459377,0.42025894,0
2014-06-12,0,0.49047855,0.56668717,0.5285829,1
2014-06-13,1,0.48788625,0.6121358,0.55001104,1
2014-06-16,0,0.4967814,0.430141,0.46346122,0
2014-06-17,1,0.48937714,0.39194936,0.44066325,0
2014-06-18,0,0.49034697,0.48296937,0.48665816,0
2014-06-19,0,0.48706087,0.41514924,0.45110506,0
2014-06-20,0,0.4987809,0.532492,0.51563644,1
2014-06-23,0,0.48463005,0.4692772,0.47695363,0
2014-06-24,1,0.48822734,0.41680503,0.4525162,0
2014-06-25,1,0.4917651,0.5237985,0.5077818,1
2014-06-26,1,0.49638787,0.3850164,0.44070214,0
2014-06-27,1,0.503683,0.48428318,0.4939831,0
2014-06-30,1,0.5022514,0.45827788,0.48026463,0
2014-07-01,0,0.49462414,0.5414494,0.5180368,1
2014-07-02,1,0.48971668,0.45503706,0.47237688,0
2014-07-03,1,0.49396947,0.62654024,0.5602549,1
2014-07-07,0,0.5156876,0.6774617,0.59657466,1
2014-07-08,1,0.519339,0.47186664,0.49560285,0
2014-07-09,0,0.5166366,0.38930967,0.45297313,0
2014-07-10,1,0.51550794,0.3334239,0.42446592,0
2014-07-11,1,0.51442087,0.31834614,0.4163835,0
2014-07-14,0,0.5175949,0.4914604,0.5045276,1
2014-07-15,0,0.5161065,0.20067573,0.3583911,0
2014-07-16,0,0.5198959,0.2991917,0.4095438,0
2014-07-17,1,0.5244856,0.49021333,0.5073495,1
2014-07-18,0,0.51659286,0.32951397,0.4230534,0
2014-07-21,1,0.5172826,0.21869978,0.3679912,0
2014-07-22,1,0.5120673,0.5624871,0.5372772,1
2014-07-23,0,0.51920795,0.45684704,0.4880275,0
2014-07-24,1,0.5129671,0.6055541,0.5592606,1
2014-07-25,1,0.51474965,0.61168367,0.5632167,1
2014-07-28,0,0.517774,0.5656289,0.54170144,1
2014-07-29,0,0.5133039,0.48732862,0.50031626,1
2014-07-30,0,0.5132586,0.3196718,0.4164652,0
2014-07-31,1,0.51062554,0.49738246,0.504004,1
2014-08-01,0,0.51530546,0.3249957,0.42015058,0
2014-08-04,0,0.514931,0.43282527,0.47387815,0
2014-08-05,0,0.51024956,0.4089009,0.45957524,0
2014-08-06,0,0.50837386,0.32360017,0.415987,0
2014-08-07,1,0.51720715,0.32505444,0.42113078,0
2014-08-08,1,0.5140726,0.29634038,0.4052065,0
2014-08-11,0,0.51387024,0.33920985,0.42654005,0
2014-08-12,1,0.514735,0.393719,0.45422697,0
2014-08-13,1,0.5144781,0.3371186,0.42579836,0
2014-08-14,1,0.5148046,0.47683582,0.49582022,0
2014-08-15,1,0.51539254,0.49952528,0.5074589,1
2014-08-18,1,0.5194222,0.57614654,0.5477843,1
2014-08-19,1,0.52061665,0.47707912,0.4988479,0
2014-08-20,1,0.5181969,0.51652914,0.517363,1
2014-08-21,1,0.5140756,0.50380176,0.50893867,1
2014-08-22,1,0.51828444,0.41105533,0.46466988,0
2014-08-25,0,0.51662636,0.3576767,0.43715155,0
2014-08-26,1,0.5127404,0.19982119,0.35628077,0
2014-08-27,1,0.520045,0.21108684,0.3655659,0
2014-08-28,1,0.51838547,0.37508008,0.44673276,0
2014-08-29,1,0.5155729,0.29493353,0.40525323,0
2014-09-02,0,0.51820326,0.41101953,0.4646114,0
2014-09-03,0,0.5352255,0.43703282,0.48612916,0
2014-09-04,1,0.52185154,0.34072596,0.43128875,0
2014-09-05,0,0.5095881,0.22588335,0.36773574,0
2014-09-08,0,0.5151106,0.3252987,0.42020464,0
2014-09-09,1,0.5219259,0.33208132,0.42700362,0
2014-09-10,1,0.518437,0.33257255,0.4255048,0
2014-09-11,1,0.5108871,0.5093872,0.51013714,1
2014-09-12,0,0.5096247,0.48399773,0.4968112,0
2014-09-15,0,0.5125605,0.43566874,0.4741146,0
2014-09-16,1,0.5103235,0.5348139,0.5225687,1
2014-09-17,1,0.5145438,0.52880526,0.5216745,1
2014-09-18,0,0.51225084,0.49017546,0.50121313,1
2014-09-19,1,0.51085556,0.5548528,0.5328542,1
2014-09-22,1,0.5167389,0.4149249,0.46583188,0
2014-09-23,0,0.5179982,0.34546155,0.43172988,0
2014-09-24,0,0.5131695,0.4140707,0.46362013,0
2014-09-25,1,0.5194869,0.5838108,0.55164886,1
2014-09-26,0,0.5152451,0.20710093,0.361173,0
2014-09-29,1,0.50445414,0.35804543,0.4312498,0
2014-09-30,0,0.5098589,0.13388911,0.32187402,0
2014-10-01,1,0.5167889,0.57939416,0.54809153,1
2014-10-02,0,0.51465106,0.5354428,0.52504694,1
2014-10-03,0,0.5094223,0.4936458,0.50153404,1
2014-10-06,0,0.43951717,0.39907926,0.41929823,0
2014-10-07,1,0.44484398,0.51057345,0.4777087,0
2014-10-08,1,0.4536016,0.45041242,0.452007,0
2014-10-09,0,0.4627275,0.6237578,0.54324263,1
2014-10-10,0,0.468822,0.5811304,0.5249762,1
2014-10-13,0,0.4633436,0.6394767,0.55141014,1
2014-10-14,0,0.46578944,0.7062558,0.5860226,1
2014-10-15,0,0.5052677,0.61424816,0.55975795,1
2014-10-16,1,0.4594321,0.5030138,0.48122293,0
2014-10-17,1,0.44697678,0.29992697,0.3734519,0
2014-10-20,1,0.44896132,0.34239522,0.39567828,0
2014-10-21,1,0.45043012,0.54029626,0.49536318,0
2014-10-22,1,0.4766023,0.6112458,0.54392403,1
2014-10-23,1,0.48390612,0.41129267,0.4475994,0
2014-10-24,0,0.4916105,0.7460006,0.6188055,1
2014-10-27,1,0.5006784,0.7584435,0.62956095,1
2014-10-28,1,0.49440783,0.37650946,0.43545866,0
2014-10-29,0,0.5065942,0.6160857,0.56134,1
2014-10-30,1,0.5012275,0.5251982,0.51321286,1
2014-10-31,1,0.5030031,0.45605698,0.47953004,0
2014-11-03,0,0.48918572,0.33397976,0.41158274,0
2014-11-04,1,0.4948994,0.37782657,0.43636298,0
2014-11-05,1,0.4944149,0.27391735,0.38416612,0
2014-11-06,1,0.5015975,0.43332934,0.46746343,0
2014-11-07,0,0.5066862,0.45424795,0.48046708,0
2014-11-10,1,0.5033796,0.41836584,0.4608727,0
2014-11-11,1,0.5096142,0.68071526,0.5951648,1
2014-11-12,1,0.5130118,0.5409958,0.52700377,1
2014-11-13,1,0.5135397,0.58669806,0.55011886,1
2014-11-14,0,0.49444136,0.693366,0.59390366,1
2014-11-17,1,0.5017598,0.6616252,0.5816925,1
2014-11-18,0,0.5084903,0.35535714,0.43192375,0
2014-11-19,1,0.5001878,0.59796166,0.54907477,1
2014-11-20,1,0.49301738,0.46869954,0.48085845,0
2014-11-21,1,0.50088465,0.4648853,0.48288497,0
2014-11-24,0,0.49088815,0.47666132,0.48377472,0
2014-11-25,1,0.50530994,0.4262289,0.4657694,0
2014-11-26,0,0.48815337,0.58714676,0.53765005,1
2014-11-28,0,0.48046082,0.43296927,0.45671505,0
2014-12-01,0,0.64076054,0.45597032,0.5483654,1
2014-12-02,1,0.44509178,0.44556123,0.4453265,0
2014-12-03,0,0.41741788,0.26569343,0.34155566,0
2014-12-04,0,0.433468,0.37746933,0.40546867,0
2014-12-05,0,0.4114068,0.3886261,0.40001643,0
2014-12-08,1,0.4773329,0.7400806,0.6087067,1
2014-12-09,0,0.43148968,0.39962462,0.41555715,0
2014-12-10,0,0.44310912,0.5128773,0.4779932,0
2014-12-11,0,0.41745684,0.5804316,0.49894422,0
2014-12-12,0,0.441298,0.61761355,0.5294558,1
2014-12-15,0,0.5425327,0.6788691,0.6107009,1
2014-12-16,1,0.47094277,0.6616813,0.566312,1
2014-12-17,1,0.40587386,0.34169626,0.37378508,0
2014-12-18,0,0.39036947,0.47619995,0.4332847,0
2014-12-19,1,0.42364222,0.6374678,0.530555,1
2014-12-22,0,0.39938223,0.4886839,0.4440331,0
2014-12-23,0,0.38099986,0.43825632,0.4096281,0
2014-12-24,1,0.3779656,0.3769561,0.37746084,0
2014-12-26,0,0.444167,0.30309376,0.37363037,0
2014-12-29,0,0.43957657,0.4563679,0.44797224,0
2014-12-30,0,0.43999657,0.42052782,0.4302622,0
2014-12-31,0,0.45031285,0.66567,0.5579914,1
2015-01-02,0,0.47239247,0.5945939,0.53349316,1
2015-01-05,1,0.4745161,0.70418406,0.5893501,1
2015-01-06,1,0.4321097,0.65626305,0.54418635,1
2015-01-07,1,0.39386818,0.3061513,0.35000974,0
2015-01-08,1,0.10025836,0.37554342,0.23790088,0
2015-01-09,0,0.42205337,0.40063944,0.4113464,0
2015-01-12,1,0.51370543,0.51323813,0.5134718,1
2015-01-13,0,0.44094592,0.61197907,0.5264625,1
2015-01-14,0,0.4121259,0.44235644,0.42724115,0
2015-01-15,0,0.50896597,0.53486925,0.5219176,1
2015-01-16,1,0.4664848,0.5422436,0.5043642,1
2015-01-20,1,0.23445202,0.27642217,0.2554371,0
2015-01-21,1,0.31224084,0.29703498,0.3046379,0
2015-01-22,1,0.1796184,0.29399526,0.23680684,0
2015-01-23,1,0.41318718,0.39291272,0.40304995,0
2015-01-26,0,0.49014333,0.39930826,0.4447258,0
2015-01-27,1,0.50871,0.50021654,0.5044633,1
2015-01-28,1,0.33713984,0.34261456,0.3398772,0
2015-01-29,0,0.053992577,0.24842933,0.15121095,0
2015-01-30,1,0.43250537,0.63398683,0.5332461,1
2015-02-02,1,0.25785682,0.38123986,0.31954834,0
2015-02-03,1,0.4618425,0.48920822,0.47552538,0
2015-02-04,1,0.3596914,0.5218705,0.44078094,0
2015-02-05,0,0.46663734,0.4807649,0.47370112,0
2015-02-06,1,0.4815003,0.3873632,0.43443173,0
2015-02-09,1,0.39213744,0.34148586,0.36681163,0
2015-02-10,1,0.2660768,0.27614793,0.27111238,0
2015-02-11,1,0.2650516,0.22636405,0.24570782,0
2015-02-12,1,0.43590114,0.4171924,0.42654675,0
2015-02-13,1,0.50279313,0.5662014,0.53449726,1
2015-02-17,1,0.47079682,0.54630613,0.5085515,1
2015-02-18,0,0.4793976,0.5122624,0.49583,0
2015-02-19,1,0.5259982,0.5593458,0.542672,1
2015-02-20,1,0.43431595,0.44788307,0.44109952,0
2015-02-23,0,0.11326124,0.29811114,0.20568618,0
2015-02-24,0,0.44190797,0.527604,0.484756,0
2015-02-25,1,0.50926775,0.43488842,0.47207808,0
2015-02-26,0,0.14510848,0.37815112,0.2616298,0
2015-02-27,1,0.4984695,0.2817177,0.3900936,0
2015-03-02,1,0.4428972,0.26995695,0.35642707,0
2015-03-03,0,0.4532439,0.32285485,0.38804936,0
2015-03-04,0,0.49953437,0.29584983,0.39769208,0
2015-03-05,1,0.48368192,0.5631792,0.5234306,1
2015-03-06,1,0.44030055,0.44865584,0.4444782,0
2015-03-09,0,0.319204,0.39398468,0.35659432,0
2015-03-10,0,0.47576904,0.46756807,0.47166854,0
2015-03-11,1,0.491566,0.4201562,0.4558611,0
2015-03-12,0,0.09125234,0.22163673,0.15644453,0
2015-03-13,1,0.4140134,0.39092115,0.40246725,0
2015-03-16,1,0.2891283,0.29181558,0.29047194,0
2015-03-17,1,0.32453722,0.32215664,0.3233469,0
2015-03-18,0,0.20967516,0.3785184,0.29409677,0
2015-03-19,0,0.46442443,0.27379233,0.36910838,0
2015-03-20,1,0.46148467,0.4140472,0.43776596,0
2015-03-23,0,0.4112973,0.16171686,0.28650707,0
2015-03-24,0,0.4596909,0.2371239,0.3484074,0
2015-03-25,1,0.4770724,0.395164,0.4361182,0
2015-03-26,0,0.22216454,0.23927516,0.23071985,0
2015-03-27,1,0.44646212,0.33685705,0.3916596,0
2015-03-30,0,0.11893843,0.2103757,0.16465706,0
2015-03-31,0,0.4534409,0.37989396,0.41666743,0
2015-04-01,1,0.41445312,0.44319338,0.42882323,0
2015-04-02,1,0.3766983,0.25169063,0.31419444,0
2015-04-06,0,0.08060482,0.28950742,0.18505612,0
2015-04-07,0,0.4664831,0.2799003,0.3731917,0
2015-04-08,1,0.49496084,0.40436912,0.44966498,0
2015-04-09,1,0.49947155,0.6155436,0.5575076,1
2015-04-10,0,0.499528,0.43879622,0.4691621,0
2015-04-13,0,0.49882713,0.36944088,0.434134,0
2015-04-14,1,0.49874467,0.34326988,0.42100728,0
2015-04-15,0,0.5010298,0.5010127,0.50102127,1
2015-04-16,0,0.5007248,0.42428014,0.46250248,0
2015-04-17,1,0.506595,0.6746118,0.5906034,1
2015-04-20,0,0.50132847,0.28349876,0.39241362,0
2015-04-21,1,0.50262606,0.41656828,0.45959717,0
2015-04-22,1,0.5028986,0.37633193,0.43961525,0
2015-04-23,1,0.50481594,0.51997757,0.51239675,1
2015-04-24,1,0.5073159,0.44638842,0.47685215,0
2015-04-27,0,0.49942526,0.500247,0.49983615,0
2015-04-28,0,0.52163315,0.30485776,0.41324544,0
2015-04-29,0,0.50022864,0.61174977,0.5559892,1
2015-04-30,1,0.5022023,0.5875732,0.5448877,1
2015-05-01,0,0.507092,0.37716147,0.44212675,0
2015-05-04,0,0.4956013,0.37943527,0.4375183,0
2015-05-05,0,0.49580055,0.5778683,0.5368344,1
2015-05-06,1,0.5011008,0.7734303,0.63726556,1
2015-05-07,1,0.49472803,0.53848374,0.51660585,1
2015-05-08,0,0.49394378,0.5688886,0.5314162,1
2015-05-11,0,0.49235222,0.5751846,0.5337684,1
2015-05-12,1,0.49624816,0.74929786,0.622773,1
2015-05-13,1,0.4957008,0.5338154,0.5147581,1
2015-05-14,0,0.49928614,0.4802244,0.48975527,0
2015-05-15,1,0.49885893,0.5039839,0.50142145,1
2015-05-18,0,0.5021719,0.46484327,0.48350757,0
2015-05-19,0,0.505662,0.30963743,0.40764973,0
2015-05-20,1,0.506457,0.57833624,0.5423966,1
2015-05-21,1,0.5020222,0.5899559,0.54598904,1
2015-05-22,0,0.5030407,0.61959565,0.56131816,1
2015-05-26,1,0.50638014,0.6710949,0.5887375,1
2015-05-27,0,0.5047126,0.33311406,0.4189133,0
2015-05-28,0,0.5052268,0.5990656,0.5521462,1
2015-05-29,1,0.49758992,0.65998185,0.5787859,1
2015-06-01,0,0.4992209,0.4998476,0.49953425,0
2015-06-02,1,0.4963818,0.5027285,0.49955517,0
2015-06-03,0,0.49523497,0.48266563,0.4889503,0
2015-06-04,0,0.49557266,0.48235407,0.48896337,0
2015-06-05,0,0.4938332,0.5508095,0.52232134,1
2015-06-08,0,0.49921453,0.74318403,0.62119925,1
2015-06-09,1,0.49883214,0.6639016,0.5813669,1
2015-06-10,0,0.49603835,0.6510438,0.57354105,1
2015-06-11,0,0.49481124,0.67540586,0.5851085,1
2015-06-12,0,0.49485263,0.75118357,0.6230181,1
2015-06-15,1,0.49741203,0.7950951,0.6462536,1
2015-06-16,0,0.49585223,0.7971672,0.6465097,1
2015-06-17,1,0.49480748,0.7114591,0.6031333,1
2015-06-18,0,0.49496225,0.73300743,0.6139848,1
2015-06-19,1,0.49979028,0.75711715,0.62845373,1
2015-06-22,0,0.49491444,0.6309946,0.56295455,1
2015-06-23,1,0.49428838,0.7180676,0.606178,1
2015-06-24,0,0.49985036,0.85008913,0.67496973,1
2015-06-25,0,0.4955311,0.62712735,0.56132925,1
2015-06-26,0,0.5009045,0.7529345,0.6269195,1
2015-06-29,1,0.5010067,0.71806216,0.60953444,1
2015-06-30,1,0.4945474,0.6267976,0.5606725,1
2015-07-01,0,0.49320135,0.47057587,0.4818886,0
2015-07-02,0,0.49388352,0.6178743,0.55587894,1
2015-07-06,0,0.49694157,0.6346918,0.56581664,1
2015-07-07,0,0.50027096,0.6886342,0.5944526,1
2015-07-08,0,0.4519384,0.52999866,0.49096853,0
2015-07-09,1,0.47835228,0.61571616,0.5470342,1
2015-07-10,1,0.4915662,0.45359048,0.47257835,0
2015-07-13,0,0.4882489,0.24103317,0.36464104,0
2015-07-14,1,0.48257667,0.14723581,0.31490624,0
2015-07-15,1,0.49368903,0.41918886,0.45643896,0
2015-07-16,1,0.50325143,0.34171313,0.42248228,0
2015-07-17,1,0.503044,0.43345195,0.46824798,0
2015-07-20,0,0.50716966,0.3903504,0.44876003,0
2015-07-21,0,0.49880877,0.45049036,0.47464955,0
2015-07-22,0,0.5017912,0.31565416,0.40872267,0
2015-07-23,0,0.49004155,0.28767082,0.38885617,0
2015-07-24,0,0.48206168,0.17081796,0.32643983,0
2015-07-27,1,0.4675444,0.38081983,0.42418212,0
2015-07-28,0,0.47493526,0.3102428,0.39258903,0
2015-07-29,0,0.47455034,0.48004314,0.47729674,0
2015-07-30,0,0.46045643,0.53645873,0.49845758,0
2015-07-31,0,0.4702266,0.4283049,0.44926575,0
2015-08-03,0,0.4800147,0.6806897,0.5803522,1
2015-08-04,1,0.48826334,0.75421643,0.6212399,1
2015-08-05,1,0.5047872,0.6366138,0.5707005,1
2015-08-06,1,0.4809528,0.42771056,0.4543317,0
2015-08-07,1,0.46318108,0.4606619,0.46192148,0
2015-08-10,0,0.4963251,0.58589584,0.54111046,1
2015-08-11,1,0.4874595,0.65009695,0.5687782,1
2015-08-12,0,0.50316733,0.4464885,0.47482792,0
2015-08-13,1,0.4896174,0.3902629,0.43994015,0
2015-08-14,1,0.48778394,0.3997701,0.44377702,0
2015-08-17,0,0.4888952,0.31997126,0.40443325,0
2015-08-18,0,0.48413005,0.4849384,0.48453423,0
2015-08-19,0,0.48943302,0.5032406,0.49633682,0
2015-08-20,0,0.4905706,0.7381054,0.61433804,1
2015-08-21,0,0.47141755,0.67533654,0.573377,1
2015-08-24,1,0.5396596,0.6563215,0.5979906,1
2015-08-25,1,0.5044975,0.5789787,0.54173815,1
2015-08-26,1,0.49689826,0.5041132,0.50050575,1
2015-08-27,1,0.49474192,0.62333405,0.559038,1
2015-08-28,0,0.4888905,0.6246786,0.5567846,1
2015-08-31,0,0.4940833,0.6914745,0.5927789,1
2015-09-01,1,0.4804128,0.75528145,0.61784714,1
2015-09-02,0,0.49102604,0.5660986,0.5285623,1
2015-09-03,0,0.49275482,0.7380627,0.6154088,1
2015-09-04,1,0.48416856,0.75267607,0.6184223,1
2015-09-08,0,0.49135637,0.5886816,0.540019,1
2015-09-09,1,0.49189422,0.73602897,0.6139616,1
2015-09-10,1,0.49296087,0.4628853,0.4779231,0
2015-09-11,1,0.49590164,0.6116033,0.5537525,1
2015-09-14,1,0.5036801,0.68142647,0.59255326,1
2015-09-15,1,0.49961647,0.84103656,0.67032653,1
2015-09-16,0,0.5049654,0.8134889,0.65922713,1
2015-09-17,0,0.49434865,0.6825561,0.58845234,1
2015-09-18,1,0.5003309,0.65171844,0.57602465,1
2015-09-21,0,0.5015638,0.35434937,0.42795658,0
2015-09-22,1,0.49583748,0.4698377,0.4828376,0
2015-09-23,1,0.49879166,0.32373288,0.41126227,0
2015-09-24,0,0.50203955,0.42071348,0.46137652,0
2015-09-25,0,0.49960375,0.26555705,0.3825804,0
2015-09-28,0,0.48788682,0.39611042,0.4419986,0
2015-09-29,1,0.4805798,0.550601,0.5155904,1
2015-09-30,0,0.49547952,0.4515578,0.47351867,0
2015-10-01,1,0.4865262,0.7041499,0.59533805,1
2015-10-02,1,0.4943401,0.4736383,0.48398918,0
2015-10-05,1,0.4896841,0.6596071,0.57464564,1
2015-10-06,0,0.49827313,0.6987927,0.5985329,1
2015-10-07,0,0.5002034,0.55484533,0.52752435,1
2015-10-08,1,0.50169647,0.505929,0.50381273,1
2015-10-09,0,0.4953592,0.32073236,0.40804577,0
2015-10-12,1,0.49702522,0.271623,0.3843241,0
2015-10-13,0,0.49131724,0.55847514,0.5248962,1
2015-10-14,1,0.4972348,0.35299435,0.42511457,0
2015-10-15,0,0.49553397,0.38672262,0.4411283,0
2015-10-16,1,0.49668106,0.2807777,0.3887294,0
2015-10-19,1,0.4906996,0.4876804,0.48918998,0
2015-10-20,0,0.486344,0.3323222,0.4093331,0
2015-10-21,1,0.49736914,0.5398025,0.5185858,1
2015-10-22,1,0.48907384,0.42729738,0.4581856,0
2015-10-23,0,0.46501988,0.25052038,0.35777014,0
2015-10-26,0,0.49140066,0.44075143,0.46607605,0
2015-10-27,1,0.4978312,0.44142088,0.46962604,0
2015-10-28,1,0.46379232,0.40843385,0.4361131,0
2015-10-29,0,0.48813185,0.48339865,0.48576525,0
2015-10-30,1,0.4928137,0.5659826,0.52939814,1
2015-11-02,1,0.48766103,0.47501418,0.4813376,0
2015-11-03,0,0.4827876,0.5004433,0.49161544,0
2015-11-04,0,0.4984042,0.56419474,0.5312995,1
2015-11-05,1,0.49930406,0.58148813,0.5403961,1
2015-11-06,0,0.508076,0.40903497,0.4585555,0
2015-11-09,0,0.5045696,0.43380788,0.46918875,0
2015-11-10,0,0.49975988,0.50819457,0.50397724,1
2015-11-11,0,0.5077675,0.54933715,0.5285523,1
2015-11-12,0,0.50932395,0.49908128,0.5042026,1
2015-11-13,1,0.5011941,0.65750235,0.5793482,1
2015-11-16,0,0.49330106,0.35391805,0.42360955,0
2015-11-17,1,0.50708365,0.49655044,0.50181705,1
2015-11-18,1,0.5118341,0.38120562,0.44651985,0
2015-11-19,1,0.50065565,0.39495096,0.44780332,0
2015-11-20,0,0.5126495,0.5281813,0.5204154,1
2015-11-23,1,0.50480294,0.44698697,0.47589496,0
2015-11-24,0,0.5033312,0.3614282,0.4323797,0
2015-11-25,0,0.49588698,0.46063542,0.4782612,0
2015-11-27,1,0.4937468,0.35983127,0.42678905,0
2015-11-30,0,0.50033724,0.41438025,0.45735875,0
2015-12-01,0,0.4990028,0.2991104,0.3990566,0
2015-12-02,0,0.49712002,0.25765088,0.37738544,0
2015-12-03,1,0.50148237,0.33028415,0.41588324,0
2015-12-04,0,0.4809571,0.24133213,0.3611446,0
2015-12-07,0,0.49478036,0.24611768,0.370449,0
2015-12-08,0,0.4952825,0.45965478,0.47746864,0
2015-12-09,1,0.5014013,0.5047365,0.5030689,1
2015-12-10,0,0.49923036,0.4136284,0.45642936,0
2015-12-11,0,0.4984589,0.62151885,0.55998886,1
2015-12-14,0,0.49592063,0.76808155,0.6320011,1
2015-12-15,1,0.49497616,0.6324292,0.5637027,1
2015-12-16,0,0.4958909,0.6778295,0.5868602,1
2015-12-17,0,0.49521866,0.7441843,0.6197015,1
2015-12-18,1,0.48753044,0.5829216,0.53522605,1
2015-12-21,0,0.49162778,0.7135867,0.60260725,1
2015-12-22,1,0.4975774,0.57917297,0.5383752,1
2015-12-23,0,0.4939319,0.678042,0.585987,1
2015-12-24,0,0.49884325,0.4612802,0.4800617,0
2015-12-28,1,0.5070807,0.5462471,0.5266639,1
2015-12-29,0,0.49284887,0.553931,0.52338994,1
2015-12-30,0,0.49965593,0.54151595,0.52058595,1
2015-12-31,1,0.49704057,0.54579794,0.5214193,1
2016-01-04,0,0.48067483,0.7567587,0.6187168,1
2016-01-05,0,0.49442416,0.7471075,0.6207658,1
2016-01-06,0,0.55242705,0.68796265,0.62019485,1
2016-01-07,1,0.558945,0.7823389,0.67064196,1
2016-01-08,1,0.5514076,0.87017184,0.7107897,1
2016-01-11,1,0.5438184,0.73193616,0.6378773,1
2016-01-12,0,0.53988516,0.765704,0.6527946,1
2016-01-13,1,0.5462581,0.7188542,0.63255614,1
2016-01-14,0,0.5114175,0.6535602,0.5824889,1
2016-01-15,0,0.55032617,0.77161837,0.66097224,1
2016-01-19,1,0.54459655,0.64758945,0.596093,1
2016-01-20,0,0.5242319,0.6710287,0.59763026,1
2016-01-21,1,0.5405562,0.60992336,0.5752398,1
2016-01-22,0,0.47914135,0.6353046,0.55722296,1
2016-01-25,1,0.5294504,0.5070701,0.51826024,1
2016-01-26,0,0.5204135,0.60978806,0.5651008,1
2016-01-27,1,0.5491974,0.59452313,0.57186025,1
2016-01-28,1,0.5310138,0.5581174,0.54456556,1
2016-01-29,0,0.4993365,0.4620065,0.48067153,0
2016-02-01,0,0.5287913,0.37546852,0.4521299,0
2016-02-02,1,0.5291368,0.4988196,0.5139782,1
2016-02-03,1,0.51003784,0.46174896,0.4858934,0
2016-02-04,0,0.5182303,0.4790848,0.49865755,0
2016-02-05,1,0.52389777,0.63682425,0.580361,1
2016-02-08,0,0.51886743,0.44138926,0.48012835,0
2016-02-09,0,0.5243777,0.60907495,0.5667263,1
2016-02-10,0,0.51766443,0.4808059,0.49923515,0
2016-02-11,1,0.52333546,0.51759255,0.520464,1
2016-02-12,1,0.5233891,0.4869108,0.50514996,1
2016-02-16,1,0.50790566,0.32274008,0.41532287,0
2016-02-17,0,0.50944537,0.42075077,0.46509808,0
2016-02-18,0,0.50443035,0.46036777,0.48239905,0
2016-02-19,1,0.5122564,0.37880227,0.44552934,0
2016-02-22,0,0.5089194,0.5268145,0.51786697,1
2016-02-23,1,0.51292574,0.49135816,0.50214195,1
2016-02-24,1,0.5069355,0.19937937,0.35315743,0
2016-02-25,1,0.50763035,0.5617271,0.5346787,1
2016-02-26,0,0.5026196,0.5071978,0.5049087,1
2016-02-29,1,0.50785375,0.4508722,0.47936296,0
2016-03-01,1,0.49958867,0.3500611,0.4248249,0
2016-03-02,1,0.50202256,0.7111922,0.6066074,1
2016-03-03,1,0.5024829,0.6525195,0.5775012,1
2016-03-04,0,0.50463915,0.4479132,0.47627616,0
2016-03-07,0,0.50242865,0.6096052,0.5560169,1
2016-03-08,1,0.5086143,0.5722203,0.5404173,1
2016-03-09,1,0.503959,0.5409829,0.52247095,1
2016-03-10,1,0.50605947,0.41533315,0.4606963,0
2016-03-11,1,0.5029186,0.46219826,0.48255843,0
2016-03-14,1,0.5047911,0.4834296,0.49411035,0
2016-03-15,1,0.5049063,0.4187741,0.4618402,0
2016-03-16,0,0.512854,0.6396936,0.5762738,1
2016-03-17,1,0.50891423,0.7283378,0.618626,1
2016-03-18,0,0.50627756,0.63642484,0.5713512,1
2016-03-21,1,0.5140094,0.72519135,0.6196004,1
2016-03-22,0,0.5171862,0.63682073,0.5770035,1
2016-03-23,0,0.5086665,0.6078543,0.55826044,1
2016-03-24,0,0.51174986,0.53187346,0.52181166,1
2016-03-28,1,0.5070145,0.48421898,0.49561673,0
2016-03-29,1,0.509789,0.36318374,0.43648636,0
2016-03-30,0,0.5121552,0.46802726,0.4900912,0
2016-03-31,1,0.5041897,0.4876882,0.49593896,0
2016-04-01,1,0.51300895,0.72095436,0.6169816,1
2016-04-04,0,0.5077065,0.597297,0.5525018,1
2016-04-05,1,0.513996,0.5745622,0.5442791,1
2016-04-06,0,0.51482236,0.5036396,0.509231,1
2016-04-07,1,0.50194454,0.68532795,0.5936363,1
2016-04-08,1,0.50965357,0.5305344,0.520094,1
2016-04-11,1,0.5072745,0.5156829,0.51147866,1
2016-04-12,1,0.5097488,0.45065337,0.4802011,0
2016-04-13,1,0.50791544,0.63563937,0.5717774,1
2016-04-14,0,0.5066389,0.69024974,0.59844434,1
2016-04-15,0,0.49585798,0.50024235,0.49805015,0
2016-04-18,0,0.4987413,0.71557933,0.60716033,1
2016-04-19,1,0.51330805,0.54224783,0.5277779,1
2016-04-20,0,0.51657104,0.6365567,0.57656384,1
2016-04-21,0,0.5260363,0.66732645,0.59668136,1
2016-04-22,0,0.52456766,0.6821981,0.6033829,1
2016-04-25,0,0.52593267,0.60460275,0.5652677,1
2016-04-26,0,0.5254234,0.68715227,0.60628784,1
2016-04-27,0,0.48152924,0.6007351,0.5411322,1
2016-04-28,0,0.5008594,0.65699226,0.57892585,1
2016-04-29,0,0.51909125,0.82874227,0.67391676,1
2016-05-02,1,0.5362588,0.8178139,0.67703635,1
2016-05-03,0,0.54451096,0.7689011,0.65670604,1
2016-05-04,0,0.5255424,0.80954427,0.6675433,1
2016-05-05,0,0.52818,0.8228619,0.67552096,1
2016-05-06,1,0.5208702,0.8118789,0.66637456,1
2016-05-09,1,0.52452457,0.78726715,0.6558958,1
2016-05-10,0,0.5200634,0.74480265,0.63243306,1
2016-05-11,0,0.5295588,0.77876276,0.65416074,1
2016-05-12,1,0.51391155,0.6827308,0.5983212,1
2016-05-13,1,0.52537555,0.6564831,0.5909293,1
2016-05-16,0,0.51844066,0.47632927,0.49738497,0
2016-05-17,1,0.510699,0.7059755,0.6083372,1
2016-05-18,0,0.5152957,0.63520026,0.575248,1
2016-05-19,1,0.5126233,0.4517042,0.48216376,0
2016-05-20,1,0.5181333,0.57552284,0.54682803,1
2016-05-23,1,0.5144111,0.48951918,0.50196517,1
2016-05-24,1,0.51485443,0.60266966,0.5587621,1
2016-05-25,1,0.51583076,0.49983293,0.5078318,1
2016-05-26,0,0.5132352,0.51764065,0.51543796,1
2016-05-27,0,0.51486737,0.67397654,0.594422,1
2016-05-31,0,0.51083696,0.6518661,0.5813515,1
2016-06-01,0,0.5115726,0.58455205,0.5480623,1
2016-06-02,1,0.5113169,0.4597088,0.48551285,0
2016-06-03,1,0.5154959,0.58984125,0.5526686,1
2016-06-06,1,0.5123111,0.57907563,0.5456934,1
2016-06-07,0,0.5150341,0.5469241,0.5309791,1
2016-06-08,1,0.5149415,0.6077596,0.5613506,1
2016-06-09,0,0.5152853,0.57146865,0.543377,1
2016-06-10,0,0.51265556,0.61175907,0.56220734,1
2016-06-13,1,0.5105995,0.6288991,0.5697493,1
2016-06-14,0,0.5167245,0.5685442,0.54263437,1
2016-06-15,1,0.5230409,0.68961215,0.6063265,1
2016-06-16,0,0.5268314,0.6671147,0.59697306,1
2016-06-17,0,0.5253496,0.67263776,0.59899366,1
2016-06-20,1,0.5262244,0.6035575,0.564891,1
2016-06-21,0,0.5292408,0.6619361,0.59558845,1
2016-06-22,1,0.5250203,0.68082595,0.60292315,1
2016-06-23,0,0.52664423,0.5838906,0.55526745,1
2016-06-24,0,0.52253723,0.47258762,0.4975624,0
2016-06-27,1,0.5225165,0.61785424,0.57018536,1
2016-06-28,1,0.526387,0.6160296,0.5712083,1
2016-06-29,1,0.5264188,0.57570565,0.5510622,1
2016-06-30,1,0.52222824,0.5447687,0.53349847,1
2016-07-01,0,0.5208037,0.5983167,0.5595602,1
2016-07-05,1,0.52007675,0.50387704,0.5119769,1
2016-07-06,1,0.5193782,0.5399171,0.52964765,1
2016-07-07,1,0.5138348,0.6661408,0.58998775,1
2016-07-08,1,0.5146001,0.7430411,0.6288206,1
2016-07-11,1,0.5197269,0.66730064,0.5935137,1
2016-07-12,0,0.52312094,0.79029167,0.65670633,1
2016-07-13,1,0.52237666,0.56753063,0.54495364,1
2016-07-14,0,0.51241475,0.6303656,0.57139015,1
2016-07-15,1,0.52653843,0.82546216,0.6760003,1
2016-07-18,1,0.51636595,0.5033311,0.50984854,1
2016-07-19,1,0.532434,0.82386625,0.6781501,1
2016-07-20,0,0.52614415,0.82227445,0.6742093,1
2016-07-21,0,0.5220411,0.39562714,0.4588341,0
2016-07-22,0,0.5201744,0.38810498,0.45413968,0
2016-07-25,0,0.51491034,0.65033776,0.5826241,1
2016-07-26,1,0.506233,0.52484435,0.5155387,1
2016-07-27,1,0.51659024,0.5235448,0.5200675,1
2016-07-28,0,0.51752126,0.37497777,0.4462495,0
2016-07-29,1,0.53813523,0.5833722,0.5607537,1
2016-08-01,0,0.5263121,0.20023063,0.36327136,0
2016-08-02,1,0.5422803,0.50975865,0.52601945,1
2016-08-03,1,0.5335113,0.63306415,0.5832877,1
2016-08-04,1,0.54113823,0.8608021,0.7009702,1
2016-08-05,1,0.53711855,0.48491952,0.51101905,1
2016-08-08,1,0.552736,0.5891565,0.5709462,1
2016-08-09,0,0.5533509,0.6374176,0.59538424,1
2016-08-10,0,0.5404962,0.5800509,0.5602735,1
2016-08-11,1,0.53339064,0.56889176,0.5511412,1
2016-08-12,1,0.5301299,0.75102365,0.6405768,1
2016-08-15,0,0.51809824,0.6341178,0.576108,1
2016-08-16,0,0.52695096,0.6106732,0.5688121,1
2016-08-17,0,0.5245377,0.52356976,0.5240537,1
2016-08-18,1,0.52301776,0.7395105,0.6312641,1
2016-08-19,0,0.5149877,0.5147358,0.51486176,1
2016-08-22,1,0.51622427,0.43217504,0.47419965,0
2016-08-23,0,0.508366,0.43349493,0.47093046,0
2016-08-24,0,0.5115044,0.37785175,0.44467807,0
2016-08-25,0,0.5067749,0.35936746,0.4330712,0
2016-08-26,0,0.5078552,0.667525,0.5876901,1
2016-08-29,0,0.50329334,0.40723577,0.45526457,0
2016-08-30,1,0.50498796,0.36303166,0.4340098,0
2016-08-31,1,0.50163734,0.30702788,0.4043326,0
2016-09-01,1,0.49697688,0.46778032,0.4823786,0
2016-09-02,0,0.5024253,0.3934694,0.44794735,0
2016-09-06,1,0.50634336,0.5681825,0.5372629,1
2016-09-07,0,0.50558794,0.54075533,0.52317166,1
2016-09-08,0,0.51360464,0.5337969,0.5237008,1
2016-09-09,1,0.51280916,0.40440717,0.45860815,0
2016-09-12,1,0.49012697,0.37732762,0.4337273,0
2016-09-13,1,0.50720847,0.42964998,0.4684292,0
2016-09-14,1,0.5075307,0.5162618,0.51189625,1
2016-09-15,0,0.5135174,0.46095428,0.48723584,0
2016-09-16,0,0.5244962,0.74231356,0.63340485,1
2016-09-19,0,0.5333632,0.49730992,0.5153366,1
2016-09-20,0,0.52142763,0.597703,0.5595653,1
2016-09-21,1,0.52475846,0.49644408,0.5106013,1
2016-09-22,0,0.5330267,0.709972,0.62149936,1
2016-09-23,1,0.5352323,0.59245205,0.5638422,1
2016-09-26,1,0.5203396,0.54240775,0.5313737,1
2016-09-27,1,0.5233414,0.54662555,0.5349835,1
2016-09-28,0,0.51722014,0.3818253,0.44952273,0
2016-09-29,1,0.5199477,0.5270843,0.523516,1
2016-09-30,0,0.5060468,0.37616727,0.44110703,0
2016-10-03,1,0.51277363,0.609494,0.5611338,1
2016-10-04,1,0.5090097,0.46943405,0.48922187,0
2016-10-05,1,0.50126415,0.44985494,0.47555953,0
2016-10-06,1,0.5062323,0.41222164,0.45922697,0
2016-10-07,1,0.5122545,0.3211004,0.41667745,0
2016-10-10,1,0.51794505,0.3479977,0.43297136,0
2016-10-11,1,0.52776027,0.5660489,0.54690456,1
2016-10-12,0,0.51818764,0.44523773,0.4817127,0
2016-10-13,1,0.51903415,0.4548746,0.4869544,0
2016-10-14,0,0.5176142,0.29676318,0.40718868,0
2016-10-17,0,0.5132165,0.320968,0.41709226,0
2016-10-18,0,0.511279,0.5798805,0.54557973,1
2016-10-19,0,0.5033045,0.44971916,0.47651184,0
2016-10-20,0,0.5033288,0.14443713,0.32388297,0
2016-10-21,1,0.5019472,0.51183915,0.50689316,1
2016-10-24,1,0.50063723,0.29599538,0.39831632,0
2016-10-25,0,0.51537466,0.17269562,0.34403515,0
2016-10-26,0,0.5124738,0.32073748,0.41660565,0
2016-10-27,0,0.49692592,0.46506047,0.4809932,0
2016-10-28,0,0.50030243,0.708516,0.6044092,1
2016-10-31,0,0.49652404,0.6671042,0.5818141,1
2016-11-01,1,0.53373724,0.81702334,0.6753803,1
2016-11-02,0,0.4997195,0.37462008,0.4371698,0
2016-11-03,0,0.51707214,0.4435126,0.48029238,0
2016-11-04,1,0.50941277,0.44414032,0.47677654,0
2016-11-07,1,0.49715787,0.38381785,0.44048786,0
2016-11-08,0,0.48834255,0.5232284,0.50578547,1
2016-11-09,0,0.48536173,0.29719162,0.39127666,0
2016-11-10,1,0.5626707,0.55434215,0.5585064,1
2016-11-11,0,0.49595952,0.49654704,0.49625328,0
2016-11-14,1,0.5527411,0.6779854,0.61536324,1
2016-11-15,1,0.5038092,0.46611634,0.48496276,0
2016-11-16,0,0.4832367,0.45858553,0.47091112,0
2016-11-17,1,0.49620786,0.58302116,0.5396145,1
2016-11-18,1,0.49498937,0.45004055,0.47251496,0
2016-11-21,1,0.48391628,0.5791153,0.5315158,1
2016-11-22,0,0.49417502,0.56309026,0.52863264,1
2016-11-23,1,0.4934818,0.5358543,0.51466805,1
2016-11-25,0,0.49721038,0.4020787,0.44964454,0
2016-11-28,0,0.5022406,0.2921047,0.39717263,0
2016-11-29,0,0.49758703,0.2838135,0.39070028,0
2016-11-30,0,0.5003355,0.34526607,0.42280078,0
2016-12-01,1,0.49640125,0.46699402,0.48169762,0
2016-12-02,0,0.48908818,0.54470503,0.5168966,1
2016-12-05,1,0.4945506,0.5682111,0.53138083,1
2016-12-06,1,0.48741436,0.37316158,0.43028796,0
2016-12-07,1,0.48582584,0.27267137,0.37924862,0
2016-12-08,1,0.4926728,0.63423926,0.56345606,1
2016-12-09,0,0.49776608,0.17254996,0.33515802,0
2016-12-12,1,0.5044864,0.5391577,0.52182204,1
2016-12-13,0,0.5107631,0.35219502,0.43147907,0
2016-12-14,1,0.5174738,0.72114867,0.6193112,1
2016-12-15,1,0.5167687,0.6397874,0.57827806,1
2016-12-16,1,0.51429915,0.48810026,0.5011997,1
2016-12-19,1,0.516103,0.55316055,0.5346318,1
2016-12-20,1,0.5101757,0.45017385,0.48017478,0
2016-12-21,0,0.5103419,0.62123644,0.56578916,1
2016-12-22,1,0.5045421,0.26507184,0.384807,0
2016-12-23,1,0.4941729,0.11724115,0.30570704,0
2016-12-27,0,0.4987044,0.24877803,0.3737412,0
2016-12-28,0,0.49798077,0.21152106,0.35475093,0
2016-12-29,0,0.4936116,0.50561905,0.4996153,0
2016-12-30,1,0.5000577,0.37770772,0.4388827,0
2017-01-03,0,0.48788562,0.20227005,0.34507784,0
2017-01-04,1,0.48819208,0.31112194,0.399657,0
2017-01-05,1,0.4724474,0.38487333,0.42866036,0
2017-01-06,1,0.4522839,0.5583637,0.50532377,1
2017-01-09,1,0.4774986,0.6284194,0.55295897,1
2017-01-10,1,0.48670813,0.4183475,0.45252782,0
2017-01-11,0,0.47866344,0.63214594,0.55540466,1
2017-01-12,0,0.4835807,0.35958198,0.42158133,0
2017-01-13,1,0.4807724,0.5404487,0.5106106,1
2017-01-17,0,0.45014668,0.38214734,0.416147,0
2017-01-18,0,0.4837867,0.49324635,0.4885165,0
2017-01-19,1,0.47578764,0.40587616,0.4408319,0
2017-01-20,1,0.47418246,0.5203048,0.49724364,0
2017-01-23,0,0.47423705,0.29235947,0.38329828,0
2017-01-24,1,0.4690369,0.41280532,0.44092113,0
2017-01-25,1,0.44397038,0.44175604,0.44286323,0
2017-01-26,1,0.47903275,0.42156604,0.45029938,0
2017-01-27,0,0.47891197,0.6355409,0.5572264,1
2017-01-30,0,0.46533212,0.30668038,0.38600624,0
2017-01-31,1,0.45907417,0.47009924,0.4645867,0
2017-02-01,0,0.3332831,0.3433905,0.3383368,0
2017-02-02,1,0.5164571,0.33888382,0.42767045,0
2017-02-03,1,0.5106988,0.32277787,0.41673833,0
2017-02-06,1,0.5012666,0.45570427,0.47848544,0
2017-02-07,1,0.4920618,0.3782548,0.4351583,0
2017-02-08,1,0.5100537,0.4636709,0.4868623,0
2017-02-09,0,0.49653098,0.5297832,0.51315707,1
2017-02-10,1,0.51765096,0.37674716,0.44719905,0
2017-02-13,1,0.5058315,0.40470088,0.45526618,0
2017-02-14,1,0.47581902,0.34698814,0.4114036,0
2017-02-15,0,0.49289295,0.46146375,0.47717834,0
2017-02-16,1,0.5041897,0.38697624,0.445583,0
2017-02-17,1,0.49554354,0.44755694,0.47155023,0
2017-02-21,1,0.4899014,0.4257448,0.4578231,0
2017-02-22,0,0.48968932,0.48565713,0.48767322,0
2017-02-23,1,0.48954493,0.33221343,0.4108792,0
2017-02-24,1,0.47391397,0.3575387,0.41572633,0
2017-02-27,1,0.47657824,0.3453711,0.41097468,0
2017-02-28,1,0.46256468,0.49614182,0.47935325,0
2017-03-01,0,0.39863485,0.40106967,0.39985228,0
2017-03-02,1,0.4716282,0.40715808,0.43939313,0
2017-03-03,0,0.45420808,0.3648102,0.40950912,0
2017-03-06,1,0.45153263,0.29291362,0.37222314,0
2017-03-07,0,0.44789302,0.30549315,0.37669307,0
2017-03-08,0,0.4356984,0.2282964,0.3319974,0
2017-03-09,1,0.42289484,0.31353292,0.3682139,0
2017-03-10,1,0.43371284,0.5518945,0.49280366,0
2017-03-13,0,0.42820174,0.40256855,0.41538513,0
2017-03-14,1,0.42577317,0.6051518,0.51546246,1
2017-03-15,1,0.36571708,0.44169158,0.40370435,0
2017-03-16,0,0.4335207,0.53254575,0.48303324,0
2017-03-17,1,0.35301238,0.25065333,0.30183285,0
2017-03-20,0,0.43340003,0.43587846,0.43463925,0
2017-03-21,1,0.40019003,0.34144753,0.3708188,0
2017-03-22,0,0.42376536,0.2903617,0.35706353,0
2017-03-23,0,0.43212843,0.25898436,0.34555638,0
2017-03-24,1,0.42205673,0.33005157,0.37605417,0
2017-03-27,1,0.3918767,0.289672,0.34077436,0
2017-03-28,1,0.3468225,0.3915463,0.3691844,0
2017-03-29,0,0.43793204,0.33624113,0.38708657,0
2017-03-30,0,0.4468108,0.29119068,0.36900073,0
2017-03-31,1,0.43831414,0.2818347,0.3600744,0
2017-04-03,1,0.43019718,0.2261459,0.32817155,0
2017-04-04,0,0.41717592,0.28444922,0.35081255,0
2017-04-05,0,0.4115212,0.3005619,0.35604155,0
2017-04-06,0,0.4612839,0.34211916,0.4017015,0
2017-04-07,0,0.45190758,0.35631412,0.40411085,0
2017-04-10,0,0.44184318,0.50305027,0.47244674,0
2017-04-11,1,0.44025013,0.64635617,0.54330313,1
2017-04-12,0,0.4328823,0.35714456,0.39501345,0
2017-04-13,1,0.41256675,0.34192485,0.37724578,0
2017-04-17,0,0.40784332,0.21300152,0.31042242,0
2017-04-18,0,0.3910581,0.38949692,0.3902775,0
2017-04-19,1,0.37766016,0.6052343,0.49144724,0
2017-04-20,0,0.3943799,0.5987384,0.49655914,0
2017-04-21,1,0.4013116,0.5323371,0.46682435,0
2017-04-24,1,0.42732942,0.6861732,0.5567513,1
2017-04-25,0,0.43809605,0.420011,0.42905354,0
2017-04-26,1,0.43078822,0.51713467,0.47396144,0
2017-04-27,0,0.44834682,0.34536552,0.3968562,0
2017-04-28,1,0.4306085,0.4045247,0.4175666,0
2017-05-01,1,0.45575187,0.445994,0.45087293,0
2017-05-02,0,0.47235477,0.48564678,0.47900078,0
2017-05-03,0,0.4663733,0.28265977,0.37451655,0
2017-05-04,1,0.46804953,0.32901883,0.39853418,0
2017-05-05,1,0.466727,0.4044503,0.43558866,0
2017-05-08,1,0.4589372,0.22069472,0.33981597,0
2017-05-09,0,0.48428845,0.39612442,0.44020644,0
2017-05-10,1,0.47257802,0.64042175,0.5564999,1
2017-05-11,1,0.4750483,0.52238566,0.49871698,0
2017-05-12,0,0.48687437,0.52311337,0.50499386,1
2017-05-15,0,0.4833539,0.7358069,0.6095804,1
2017-05-16,0,0.47704744,0.702454,0.5897507,1
2017-05-17,1,0.44357264,0.5875248,0.5155487,1
2017-05-18,1,0.48200575,0.6891849,0.5855953,1
2017-05-19,1,0.46795413,0.61098075,0.53946745,1
2017-05-22,0,0.46236998,0.53027636,0.49632317,0
2017-05-23,0,0.4480795,0.5402541,0.4941668,0
2017-05-24,1,0.4182289,0.595343,0.5067859,1
2017-05-25,0,0.42342094,0.43947402,0.43144748,0
2017-05-26,1,0.41155618,0.5237193,0.46763775,0
2017-05-30,0,0.41289017,0.451644,0.43226707,0
2017-05-31,1,0.39258614,0.3899591,0.3912726,0
2017-06-01,1,0.41290784,0.25687638,0.3348921,0
2017-06-02,0,0.42127004,0.44509667,0.43318337,0
2017-06-05,1,0.42246196,0.33787665,0.3801693,0
2017-06-06,1,0.42589957,0.44529146,0.4355955,0
2017-06-07,0,0.42954612,0.36313564,0.39634088,0
2017-06-08,0,0.41649163,0.5378011,0.47714636,0
2017-06-09,0,0.51489544,0.46382034,0.4893579,0
2017-06-12,1,0.427821,0.56819654,0.4980088,0
2017-06-13,0,0.38170254,0.48683238,0.43426746,0
2017-06-14,0,0.3937655,0.5849928,0.48937917,0
2017-06-15,0,0.3852885,0.59554654,0.49041754,0
2017-06-16,1,0.4027184,0.64037573,0.5215471,1
2017-06-19,0,0.3438054,0.44036824,0.3920868,0
2017-06-20,1,0.35686147,0.51225907,0.43456027,0
2017-06-21,0,0.35053244,0.3731703,0.36185136,0
2017-06-22,1,0.3461465,0.59515786,0.47065216,0
2017-06-23,0,0.37066606,0.4381187,0.40439236,0
2017-06-26,0,0.37319282,0.5661431,0.46966797,0
2017-06-27,1,0.35648504,0.57685465,0.46666986,0
2017-06-28,0,0.36642805,0.38632762,0.37637782,0
2017-06-29,1,0.37375876,0.54696655,0.46036267,0
2017-06-30,0,0.37943906,0.36764857,0.3735438,0
2017-07-03,1,0.36369732,0.40555257,0.38462496,0
2017-07-05,0,0.36440006,0.4990524,0.43172622,0
2017-07-06,1,0.35882354,0.45491594,0.40686974,0
2017-07-07,1,0.484327,0.2990298,0.3916784,0
2017-07-10,1,0.48011145,0.38500276,0.4325571,0
2017-07-11,1,0.48406443,0.50111216,0.49258828,0
2017-07-12,1,0.4852384,0.49919662,0.4922175,0
2017-07-13,1,0.4885342,0.5287488,0.5086415,1
2017-07-14,1,0.49674532,0.5280804,0.51241285,1
2017-07-17,1,0.49624282,0.5936774,0.54496014,1
2017-07-18,1,0.49956998,0.41003904,0.4548045,0
2017-07-19,0,0.50006145,0.5986757,0.5493686,1
2017-07-20,0,0.50063205,0.46965834,0.4851452,0
2017-07-21,1,0.49610776,0.3668119,0.43145984,0
2017-07-24,1,0.49729484,0.37779218,0.4375435,0
2017-07-25,1,0.49728432,0.49857873,0.49793154,0
2017-07-26,0,0.5015564,0.5329149,0.51723564,1
2017-07-27,0,0.47444192,0.52097285,0.49770737,0
2017-07-28,0,0.4867228,0.33443022,0.41057652,0
2017-07-31,1,0.47977048,0.63967,0.5597203,1
2017-08-01,1,0.47699514,0.379382,0.42818856,0
2017-08-02,0,0.51201826,0.51184565,0.51193196,1
2017-08-03,1,0.496953,0.6470134,0.5719832,1
2017-08-04,1,0.49607903,0.46608433,0.48108166,0
2017-08-07,1,0.4951332,0.617951,0.5565421,1
2017-08-08,1,0.4964977,0.49059388,0.49354577,0
2017-08-09,0,0.49915543,0.5598151,0.5294853,1
2017-08-10,1,0.47569096,0.66039956,0.56804526,1
2017-08-11,1,0.4964209,0.46066508,0.47854298,0
2017-08-14,1,0.49943435,0.54144216,0.52043825,1
2017-08-15,0,0.49984595,0.72793335,0.61388963,1
2017-08-16,0,0.49287927,0.6280572,0.5604682,1
2017-08-17,0,0.48335138,0.62712556,0.5552385,1
2017-08-18,0,0.48737094,0.5644945,0.5259327,1
2017-08-21,1,0.48265505,0.49376947,0.48821226,0
2017-08-22,1,0.4860674,0.3986311,0.44234926,0
2017-08-23,0,0.47864676,0.37102988,0.4248383,0
2017-08-24,1,0.48142916,0.64530605,0.5633676,1
2017-08-25,1,0.48142883,0.3165964,0.39901263,0
2017-08-28,1,0.48845315,0.45386633,0.47115976,0
2017-08-29,1,0.48829287,0.4242252,0.45625904,0
2017-08-30,1,0.49377692,0.46275306,0.478265,0
2017-08-31,1,0.4958852,0.41175172,0.45381844,0
2017-09-01,0,0.49530584,0.4877451,0.49152547,0
2017-09-05,0,0.48618075,0.63929504,0.5627379,1
2017-09-06,0,0.48792824,0.38690636,0.4374173,0
2017-09-07,0,0.4828264,0.5896869,0.5362567,1
2017-09-08,1,0.48162636,0.5657316,0.52367896,1
2017-09-11,0,0.48468712,0.43359223,0.45913967,0
2017-09-12,0,0.47923243,0.51902515,0.4991288,0
2017-09-13,0,0.4849962,0.3600188,0.4225075,0
2017-09-14,1,0.4806488,0.3679633,0.42430604,0
2017-09-15,0,0.4688793,0.30148503,0.38518217,0
2017-09-18,1,0.4858515,0.35620642,0.42102897,0
2017-09-19,0,0.479706,0.3497117,0.41470885,0
2017-09-20,0,0.4701054,0.38463354,0.42736948,0
2017-09-21,0,0.49425486,0.5407347,0.5174948,1
2017-09-22,0,0.47449958,0.56995213,0.52222586,1
2017-09-25,1,0.48110497,0.6405608,0.56083286,1
2017-09-26,1,0.4831499,0.3689801,0.426065,0
2017-09-27,0,0.48241866,0.2263083,0.35436347,0
2017-09-28,1,0.48184526,0.42463773,0.4532415,0
2017-09-29,0,0.47970128,0.37293875,0.42632002,0
2017-10-02,1,0.4842287,0.5167026,0.50046563,1
2017-10-03,0,0.48206097,0.33315545,0.4076082,0
2017-10-04,1,0.47932106,0.52132106,0.50032103,1
2017-10-05,0,0.49938935,0.5368248,0.51810706,1
2017-10-06,1,0.4978577,0.41384548,0.45585158,0
2017-10-09,1,0.49718422,0.57612014,0.5366522,1
2017-10-10,1,0.49671385,0.5864652,0.5415895,1
2017-10-11,0,0.49868828,0.62837636,0.56353235,1
2017-10-12,1,0.49725807,0.6232755,0.5602668,1
2017-10-13,1,0.49949124,0.45137528,0.47543326,0
2017-10-16,1,0.5028328,0.5774063,0.5401195,1
2017-10-17,0,0.5014757,0.46274745,0.48211157,0
2017-10-18,0,0.5001679,0.33373266,0.4169503,0
2017-10-19,1,0.49857992,0.33560625,0.4170931,0
2017-10-20,0,0.50030434,0.40553004,0.4529172,0
2017-10-23,1,0.4984629,0.42284453,0.46065372,0
2017-10-24,0,0.5002606,0.36082348,0.43054205,0
2017-10-25,1,0.49806398,0.44343406,0.47074902,0
2017-10-26,1,0.5013723,0.3054682,0.40342024,0
2017-10-27,1,0.50612056,0.3549809,0.43055072,0
2017-10-30,1,0.5077156,0.4106875,0.45920154,0
2017-10-31,0,0.5066236,0.4764406,0.49153212,0
2017-11-01,1,0.5055268,0.44426218,0.47489446,0
2017-11-02,1,0.5068844,0.47940382,0.4931441,0
2017-11-03,1,0.50959563,0.49552366,0.50255966,1
2017-11-06,1,0.5128983,0.5666885,0.5397934,1
2017-11-07,1,0.5108088,0.49336812,0.5020885,1
2017-11-08,0,0.5134839,0.5418184,0.52765113,1
2017-11-09,0,0.51039934,0.4670424,0.48872086,0
2017-11-10,0,0.50570697,0.413866,0.45978647,0
2017-11-13,0,0.5031584,0.385394,0.4442762,0
2017-11-14,0,0.4994619,0.6176092,0.5585356,1
2017-11-15,1,0.50132704,0.5605613,0.53094417,1
2017-11-16,0,0.5047635,0.6209355,0.5628495,1
2017-11-17,0,0.5018968,0.6079153,0.554906,1
2017-11-20,1,0.5005806,0.5142368,0.50740874,1
2017-11-21,1,0.5037961,0.46421278,0.48400444,0
2017-11-22,1,0.50295436,0.6824555,0.5927049,1
2017-11-24,0,0.49884808,0.497265,0.49805653,0
2017-11-27,0,0.4972861,0.6799446,0.58861536,1
2017-11-28,0,0.49823117,0.6409951,0.5696131,1
2017-11-29,1,0.50590384,0.52927524,0.51758957,1
2017-11-30,0,0.5061432,0.3951135,0.45062834,0
2017-12-01,0,0.5009762,0.38155848,0.44126734,0
2017-12-04,0,0.49685687,0.31253725,0.40469706,0
2017-12-05,0,0.49936587,0.32045707,0.40991145,0
2017-12-06,1,0.5010661,0.31508207,0.40807408,0
2017-12-07,1,0.49823952,0.32747793,0.41285872,0
2017-12-08,1,0.49733222,0.41833958,0.4578359,0
2017-12-11,0,0.5022739,0.35179463,0.42703426,0
2017-12-12,1,0.49642676,0.31776077,0.40709376,0
2017-12-13,0,0.49787614,0.52303416,0.51045513,1
2017-12-14,1,0.49734396,0.36589146,0.4316177,0
2017-12-15,1,0.5008729,0.30814853,0.40451074,0
2017-12-18,0,0.5036147,0.5742992,0.538957,1
2017-12-19,0,0.49849713,0.4677877,0.48314244,0
2017-12-20,1,0.49798667,0.39435723,0.44617194,0
2017-12-21,0,0.4989365,0.39097795,0.44495723,0
2017-12-22,0,0.49823892,0.19700967,0.3476243,0
2017-12-26,1,0.49677992,0.2517267,0.3742533,0
2017-12-27,1,0.49863,0.34566435,0.42214715,0
2017-12-28,0,0.49807805,0.2877643,0.39292118,0
2017-12-29,1,0.49778137,0.58224195,0.54001164,1
2018-01-02,0,0.50195307,0.3927785,0.44736576,0
2018-01-03,1,0.4993346,0.4786272,0.4889809,0
2018-01-04,1,0.49972355,0.40500924,0.4523664,0
2018-01-05,0,0.5050405,0.46143267,0.4832366,0
2018-01-08,0,0.5065196,0.4693399,0.48792976,0
2018-01-09,0,0.50623333,0.6832564,0.59474486,1
2018-01-10,1,0.5018635,0.45335525,0.47760937,0
2018-01-11,1,0.50984555,0.34893847,0.429392,0
2018-01-12,0,0.5073279,0.44190153,0.47461474,0
2018-01-16,1,0.50527346,0.4022056,0.45373952,0
2018-01-17,1,0.50839823,0.42484334,0.4666208,0
2018-01-18,0,0.5114291,0.38193202,0.44668055,0
2018-01-19,0,0.50855225,0.38806137,0.4483068,0
2018-01-22,1,0.5110382,0.4478681,0.47945315,0
2018-01-23,0,0.50498456,0.37079042,0.4378875,0
2018-01-24,0,0.5002369,0.52203137,0.51113415,1
2018-01-25,1,0.505273,0.41123325,0.45825312,0
2018-01-26,0,0.4967288,0.44132555,0.46902716,0
2018-01-29,0,0.4934336,0.5309614,0.5121975,1
2018-01-30,1,0.48265886,0.46206394,0.4723614,0
2018-01-31,1,0.49283665,0.4676797,0.48025817,0
2018-02-01,0,0.48158336,0.41407704,0.4478302,0
2018-02-02,0,0.47959194,0.6623672,0.5709796,1
2018-02-05,1,0.47461975,0.5479781,0.5112989,1
2018-02-06,0,0.45782596,0.33949882,0.3986624,0
2018-02-07,0,0.49590665,0.51555216,0.50572944,1
2018-02-08,1,0.48890263,0.48599568,0.48744917,0
2018-02-09,1,0.479712,0.47209698,0.4759045,0
2018-02-12,1,0.48564032,0.41077223,0.44820628,0
2018-02-13,1,0.50820166,0.50678986,0.50749576,1
2018-02-14,1,0.49991813,0.38013673,0.44002742,0
2018-02-15,0,0.4916591,0.5144672,0.50306314,1
2018-02-16,0,0.4995998,0.5816019,0.5406009,1
2018-02-20,0,0.504865,0.5086768,0.5067709,1
2018-02-21,1,0.50349796,0.50551325,0.50450563,1
2018-02-22,1,0.5080055,0.6002703,0.5541379,1
2018-02-23,1,0.5119179,0.61202127,0.5619696,1
2018-02-26,0,0.51185447,0.47736657,0.49461052,0
2018-02-27,0,0.5069883,0.4915309,0.4992596,0
2018-02-28,0,0.5072397,0.5376551,0.5224474,1
2018-03-01,1,0.50349593,0.54086196,0.52217895,1
2018-03-02,1,0.50931907,0.366775,0.43804705,0
2018-03-05,0,0.5115855,0.46000284,0.48579416,0
2018-03-06,0,0.512481,0.5177673,0.51512414,1
2018-03-07,1,0.50749004,0.6127948,0.5601424,1
2018-03-08,1,0.5087279,0.64596885,0.57734835,1
2018-03-09,1,0.5104543,0.58752394,0.5489891,1
2018-03-12,0,0.5136757,0.6857261,0.5997009,1
2018-03-13,0,0.51014864,0.6364089,0.5732788,1
2018-03-14,1,0.5089967,0.72458136,0.61678904,1
2018-03-15,0,0.5119636,0.67572707,0.59384537,1
2018-03-16,0,0.5008646,0.53122646,0.5160456,1
2018-03-19,0,0.506873,0.4373353,0.47210416,0
2018-03-20,0,0.51258445,0.3969174,0.45475093,0
2018-03-21,0,0.50135016,0.60601276,0.5536815,1
2018-03-22,0,0.49637017,0.5789323,0.53765124,1
2018-03-23,1,0.50239253,0.5277135,0.51505303,1
2018-03-26,0,0.47229865,0.34485748,0.40857807,0
2018-03-27,0,0.50054777,0.5852576,0.5429027,1
2018-03-28,1,0.49370828,0.6182231,0.55596566,1
2018-03-29,0,0.49189687,0.45388886,0.47289288,0
2018-04-02,1,0.4927509,0.53539073,0.5140708,1
2018-04-03,1,0.49911314,0.47908342,0.48909828,0
2018-04-04,1,0.48419884,0.3999405,0.44206965,0
2018-04-05,0,0.50592756,0.7119082,0.6089179,1
2018-04-06,1,0.5044152,0.6709026,0.5876589,1
2018-04-09,1,0.49597797,0.5052272,0.5006026,1
2018-04-10,0,0.50072646,0.67957824,0.5901524,1
2018-04-11,1,0.4969562,0.6114564,0.5542063,1
2018-04-12,1,0.49261537,0.5580279,0.52532166,1
2018-04-13,1,0.48891938,0.5115739,0.50024664,1
2018-04-16,1,0.4900577,0.34157813,0.41581792,0
2018-04-17,0,0.4881819,0.4106239,0.4494029,0
2018-04-18,0,0.49115998,0.34458348,0.4178717,0
2018-04-19,0,0.4914935,0.6198504,0.55567193,1
2018-04-20,0,0.47756213,0.44465798,0.46111006,0
2018-04-23,0,0.51934004,0.51565075,0.5174954,1
2018-04-24,1,0.523592,0.5465257,0.53505886,1
2018-04-25,1,0.569805,0.51007503,0.53994,1
2018-04-26,0,0.55216014,0.50166607,0.5269131,1
2018-04-27,1,0.5423723,0.7770417,0.65970695,1
2018-04-30,1,0.5435384,0.43209302,0.4878157,0
2018-05-01,1,0.5293995,0.33058578,0.42999265,0
2018-05-02,1,0.5005723,0.5026638,0.501618,1
2018-05-03,1,0.4994089,0.62576884,0.5625889,1
2018-05-04,1,0.4919319,0.5727877,0.5323598,1
2018-05-07,1,0.49929577,0.42194518,0.46062046,0
2018-05-08,1,0.4978695,0.45426852,0.476069,0
2018-05-09,1,0.49391547,0.34272733,0.4183214,0
2018-05-10,0,0.49721405,0.43133837,0.4642762,0
2018-05-11,0,0.48267454,0.22984594,0.35626024,0
2018-05-14,0,0.48806247,0.27419525,0.38112885,0
2018-05-15,1,0.4844291,0.3485869,0.416508,0
2018-05-16,0,0.50217247,0.28643796,0.39430523,0
2018-05-17,0,0.5018604,0.26974022,0.3858003,0
2018-05-18,1,0.51670194,0.29030204,0.403502,0
2018-05-21,0,0.51751477,0.2967601,0.40713745,0
2018-05-22,1,0.51331615,0.3208028,0.41705948,0
2018-05-23,0,0.5190673,0.46577993,0.4924236,0
2018-05-24,1,0.5100281,0.47010252,0.49006534,0
2018-05-25,0,0.5117516,0.3442234,0.42798752,0
2018-05-29,0,0.50845075,0.59047675,0.54946375,1
2018-05-30,0,0.50240326,0.5161205,0.50926185,1
2018-05-31,1,0.50291353,0.5382544,0.520584,1
2018-06-01,1,0.4990246,0.565397,0.5322108,1
2018-06-04,1,0.49322352,0.5831433,0.5381834,1
2018-06-05,1,0.49658427,0.44428927,0.47043675,0
2018-06-06,0,0.49572515,0.29277024,0.3942477,0
2018-06-07,0,0.49793535,0.2348945,0.36641493,0
2018-06-08,0,0.49922398,0.35561827,0.42742112,0
2018-06-11,1,0.4987668,0.22808369,0.36342525,0
2018-06-12,0,0.49793524,0.24137011,0.3696527,0
2018-06-13,1,0.49414164,0.4190565,0.45659906,0
2018-06-14,0,0.49459255,0.32873204,0.41166228,0
2018-06-15,0,0.503525,0.43579078,0.4696579,0
2018-06-18,0,0.5105339,0.28856164,0.3995478,0
2018-06-19,1,0.5322199,0.37169236,0.45195612,0
2018-06-20,0,0.5204449,0.36199552,0.44122022,0
2018-06-21,0,0.52250886,0.50251687,0.51251286,1
2018-06-22,0,0.5248805,0.66351986,0.5942002,1
2018-06-25,1,0.5291601,0.60547256,0.5673163,1
2018-06-26,0,0.5379474,0.36012292,0.44903517,0
2018-06-27,1,0.5302725,0.5801509,0.55521166,1
2018-06-28,0,0.5334083,0.32680658,0.4301074,0
2018-06-29,1,0.5170149,0.67742765,0.59722126,1
2018-07-02,0,0.5190315,0.42482492,0.47192824,0
2018-07-03,1,0.5027156,0.5794414,0.5410785,1
2018-07-05,1,0.5137576,0.366507,0.4401323,0
2018-07-06,1,0.50705135,0.4863939,0.49672264,0
2018-07-09,0,0.5025759,0.4048613,0.4537186,0
2018-07-10,0,0.5026295,0.33865422,0.42064187,0
2018-07-11,1,0.5012759,0.48314583,0.49221087,0
2018-07-12,1,0.5031462,0.37418172,0.43866396,0
2018-07-13,0,0.50417817,0.28785646,0.3960173,0
2018-07-16,1,0.50719845,0.37622717,0.4417128,0
2018-07-17,0,0.5086789,0.43257257,0.47062576,0
2018-07-18,1,0.50206053,0.46549857,0.48377955,0
2018-07-19,0,0.50876224,0.46384874,0.48630548,0
2018-07-20,1,0.50624585,0.43079385,0.46851987,0
2018-07-23,1,0.50805163,0.41852096,0.46328628,0
2018-07-24,1,0.5119064,0.33811215,0.42500925,0
2018-07-25,0,0.5094831,0.38684687,0.448165,0
2018-07-26,0,0.5068972,0.38972744,0.44831234,0
2018-07-27,0,0.4859016,0.70776874,0.59683514,1
2018-07-30,1,0.49733335,0.551988,0.5246607,1
2018-07-31,1,0.50122285,0.4908404,0.49603164,0
2018-08-01,1,0.500059,0.6506441,0.5753516,1
2018-08-02,1,0.5138169,0.76650554,0.6401612,1
2018-08-03,1,0.5081477,0.6400073,0.5740775,1
2018-08-06,0,0.5081275,0.5858188,0.54697317,1
2018-08-07,1,0.51042163,0.48735735,0.4988895,0
2018-08-08,1,0.5180577,0.42383242,0.47094506,0
2018-08-09,0,0.5214159,0.4028804,0.46214813,0
2018-08-10,1,0.52507436,0.3273698,0.4262221,0
2018-08-13,1,0.52209616,0.42016065,0.4711284,0
2018-08-14,1,0.51690376,0.28348908,0.40019643,0
2018-08-15,1,0.52631277,0.40363467,0.46497372,0
2018-08-16,1,0.5258838,0.36782494,0.44685435,0
2018-08-17,0,0.52763844,0.37697923,0.45230883,0
2018-08-20,0,0.5222236,0.2642222,0.3932229,0
2018-08-21,1,0.51879764,0.31677932,0.41778848,0
2018-08-22,1,0.5189699,0.31498045,0.41697517,0
2018-08-23,1,0.5235242,0.3554608,0.43949252,0
2018-08-24,1,0.5247589,0.39456803,0.45966345,0
2018-08-27,1,0.52757883,0.38052276,0.45405078,0
2018-08-28,1,0.5253128,0.6328385,0.57907563,1
2018-08-29,1,0.5220431,0.51924473,0.52064395,1
2018-08-30,1,0.5225936,0.6819519,0.60227275,1
2018-08-31,1,0.51823956,0.5958017,0.55702066,1
2018-09-04,0,0.5221559,0.5799079,0.5510319,1
2018-09-05,0,0.52617276,0.40692693,0.46654984,0
2018-09-06,0,0.51695406,0.5556721,0.53631306,1
2018-09-07,0,0.51554656,0.6362034,0.575875,1
2018-09-10,1,0.50070655,0.7100933,0.60539997,1
2018-09-11,0,0.53012466,0.5811455,0.5556351,1
2018-09-12,1,0.49832168,0.7736247,0.6359732,1
2018-09-13,0,0.5127784,0.6316666,0.5722225,1
2018-09-14,0,0.5109104,0.60412955,0.55752,1
2018-09-17,1,0.4992748,0.54280436,0.5210396,1
2018-09-18,1,0.5093871,0.4544016,0.48189434,0
2018-09-19,1,0.50507104,0.34023577,0.4226534,0
2018-09-20,0,0.50745696,0.34485593,0.42615646,0
2018-09-21,1,0.44431698,0.2914207,0.36786884,0
2018-09-24,1,0.50959504,0.4636047,0.48659986,0
2018-09-25,0,0.5093132,0.4256665,0.46748987,0
2018-09-26,1,0.50603855,0.4252695,0.46565402,0
2018-09-27,1,0.5093148,0.44720587,0.47826034,0
2018-09-28,1,0.50752175,0.41715676,0.46233925,0
2018-10-01,1,0.5047963,0.34580806,0.4253022,0
2018-10-02,1,0.5084803,0.40017372,0.45432702,0
2018-10-03,0,0.5055576,0.42024383,0.4629007,0
2018-10-04,0,0.5070359,0.38759196,0.44731393,0
2018-10-05,0,0.5095706,0.3580306,0.43380058,0
2018-10-08,1,0.510347,0.38248843,0.44641772,0
2018-10-09,0,0.5109664,0.43541032,0.47318837,0
2018-10-10,0,0.5079627,0.69375813,0.6008604,1
2018-10-11,1,0.5080807,0.54096544,0.5245231,1
2018-10-12,0,0.50746953,0.47498545,0.4912275,0
2018-10-15,1,0.5120524,0.6702987,0.59117556,1
2018-10-16,0,0.5013286,0.5618244,0.5315765,1
2018-10-17,0,0.5171934,0.7404538,0.6288236,1
2018-10-18,1,0.51244783,0.78214014,0.647294,1
2018-10-19,1,0.50877154,0.6149847,0.5618781,1
2018-10-22,1,0.5128709,0.70580167,0.60933626,1
2018-10-23,0,0.5128921,0.6287406,0.5708164,1
2018-10-24,1,0.5143094,0.76631534,0.6403124,1
2018-10-25,0,0.51404005,0.7780105,0.6460253,1
2018-10-26,0,0.50925887,0.72995234,0.6196056,1
2018-10-29,1,0.5365806,0.72787744,0.63222903,1
2018-10-30,1,0.51604605,0.64242107,0.5792335,1
2018-10-31,1,0.51553756,0.71125704,0.6133973,1
2018-11-01,0,0.51122344,0.7056448,0.6084341,1
2018-11-02,0,0.5037911,0.65932596,0.5815585,1
2018-11-05,1,0.52535695,0.55134565,0.5383513,1
2018-11-06,1,0.5218322,0.5821223,0.5519773,1
2018-11-07,0,0.5073711,0.61548537,0.56142825,1
2018-11-08,0,0.51733196,0.5702276,0.5437798,1
2018-11-09,0,0.5127307,0.7506266,0.6316787,1
2018-11-12,0,0.52802205,0.7016066,0.6148143,1
2018-11-13,0,0.5363302,0.62252074,0.57942545,1
2018-11-14,1,0.57036626,0.6943797,0.632373,1
2018-11-15,1,0.55282116,0.5663325,0.55957687,1
2018-11-16,0,0.5379976,0.57362497,0.5558113,1
2018-11-19,0,0.5388218,0.6954992,0.6171605,1
2018-11-20,0,0.55954516,0.7464833,0.65301424,1
2018-11-21,0,0.5875175,0.611731,0.5996243,1
2018-11-23,1,0.59721226,0.6384739,0.6178431,1
2018-11-26,0,0.5922806,0.64960593,0.6209433,1
2018-11-27,1,0.5741595,0.65128076,0.61272013,1
2018-11-28,0,0.5560565,0.6861295,0.62109303,1
2018-11-29,0,0.5636857,0.76159763,0.66264164,1
2018-11-30,1,0.5527667,0.7637214,0.658244,1
2018-12-03,0,0.5510602,0.77128094,0.6611706,1
2018-12-04,0,0.51532716,0.8111179,0.66322255,1
2018-12-06,0,0.53351355,0.77509373,0.65430367,1
2018-12-07,1,0.5354661,0.7975665,0.6665163,1
2018-12-10,0,0.5424358,0.52005905,0.53124744,1
2018-12-11,1,0.5430919,0.74451274,0.6438023,1
2018-12-12,1,0.53538525,0.6287019,0.5820436,1
2018-12-13,0,0.5378047,0.6340904,0.5859476,1
2018-12-14,0,0.51433647,0.8591127,0.68672454,1
2018-12-17,1,0.55235434,0.84606606,0.69921017,1
2018-12-18,0,0.55220443,0.8000779,0.67614114,1
2018-12-19,0,0.53833926,0.75203234,0.6451858,1
2018-12-20,0,0.5443421,0.7822931,0.66331756,1
2018-12-21,0,0.5455352,0.80140936,0.6734723,1
2018-12-24,1,0.5683937,0.737961,0.6531774,1
2018-12-26,0,0.5510453,0.5729147,0.56198,1
2018-12-27,1,0.5649835,0.62927616,0.5971298,1
2018-12-28,1,0.5527928,0.80864286,0.6807178,1
2018-12-31,1,0.5461898,0.721022,0.6336059,1
2019-01-02,0,0.5434483,0.75372785,0.64858806,1
2019-01-03,1,0.55818105,0.77946556,0.6688233,1
2019-01-04,0,0.5697664,0.62721944,0.5984929,1
2019-01-07,1,0.559358,0.7192155,0.63928676,1
2019-01-08,1,0.51134014,0.42278183,0.46706098,0
2019-01-09,1,0.50785315,0.4100658,0.45895946,0
2019-01-10,0,0.4984684,0.4757197,0.48709404,0
2019-01-11,0,0.50396156,0.64203066,0.57299614,1
2019-01-14,1,0.5043036,0.6650872,0.5846954,1
2019-01-15,1,0.50068486,0.5323301,0.5165075,1
2019-01-16,1,0.50039124,0.6122656,0.5563284,1
2019-01-17,1,0.49617314,0.65459424,0.57538366,1
2019-01-18,0,0.4994704,0.48684376,0.4931571,0
2019-01-22,1,0.49572432,0.74267584,0.6192001,1
2019-01-23,0,0.4986621,0.51109993,0.504881,1
2019-01-24,1,0.5022607,0.5665252,0.53439295,1
2019-01-25,0,0.49930385,0.5947632,0.54703355,1
2019-01-28,0,0.5023142,0.5824444,0.5423793,1
2019-01-29,1,0.50105035,0.51380765,0.507429,1
2019-01-30,1,0.5124015,0.6678714,0.59013647,1
2019-01-31,1,0.5019405,0.697116,0.59952825,1
2019-02-01,1,0.50419873,0.7547832,0.629491,1
2019-02-04,1,0.5041816,0.73382324,0.61900246,1
2019-02-05,1,0.49428406,0.6489194,0.57160175,1
2019-02-06,0,0.4937515,0.4775487,0.4856501,0
2019-02-07,1,0.4967066,0.78380173,0.64025414,1
2019-02-08,0,0.4982955,0.7182123,0.6082539,1
2019-02-11,1,0.4966343,0.6808527,0.5887435,1
2019-02-12,0,0.49552098,0.7379141,0.6167175,1
2019-02-13,1,0.49818078,0.49247348,0.49532712,0
2019-02-14,0,0.5001687,0.5525717,0.52637017,1
2019-02-15,1,0.49847734,0.55384195,0.52615964,1
2019-02-19,1,0.500911,0.50095373,0.50093234,1
2019-02-20,0,0.50085944,0.5567488,0.5288041,1
2019-02-21,1,0.49865147,0.59074533,0.5446984,1
2019-02-22,1,0.5005271,0.55570126,0.5281142,1
2019-02-25,1,0.4994613,0.7021457,0.6008035,1
2019-02-26,1,0.5000614,0.49555346,0.49780744,0
2019-02-27,0,0.50121236,0.6266994,0.5639559,1
2019-02-28,1,0.4967429,0.5452458,0.52099437,1
2019-03-01,1,0.49841243,0.53833187,0.5183722,1
2019-03-04,0,0.50062525,0.54723006,0.5239277,1
2019-03-05,0,0.4956239,0.27763516,0.38662952,0
2019-03-06,0,0.49577418,0.37914976,0.43746197,0
2019-03-07,1,0.49520087,0.6966435,0.5959222,1
2019-03-08,1,0.49707797,0.4568253,0.47695163,0
2019-03-11,1,0.5020254,0.6432838,0.5726546,1
2019-03-12,1,0.503509,0.55411613,0.5288125,1
2019-03-13,1,0.5030754,0.3470071,0.42504126,0
2019-03-14,1,0.5013286,0.4394333,0.47038096,0
2019-03-15,1,0.5118091,0.4249546,0.46838185,0
2019-03-18,0,0.50273293,0.40854165,0.45563728,0
2019-03-19,1,0.50153255,0.37177622,0.4366544,0
2019-03-20,1,0.5044812,0.5341856,0.51933336,1
2019-03-21,0,0.51690996,0.5466959,0.5318029,1
2019-03-22,0,0.49610063,0.6862415,0.5911711,1
2019-03-25,0,0.49885958,0.6431992,0.5710294,1
2019-03-26,1,0.49717227,0.590583,0.54387766,1
2019-03-27,1,0.49730867,0.66758955,0.5824491,1
2019-03-28,1,0.4945709,0.57543045,0.5350007,1
2019-03-29,1,0.49596152,0.51509875,0.5055301,1
2019-04-01,1,0.4987627,0.63080204,0.5647824,1
2019-04-02,1,0.50259346,0.7197656,0.61117953,1
2019-04-03,1,0.5031576,0.8003521,0.65175486,1
2019-04-04,1,0.50341153,0.6037182,0.5535649,1
2019-04-05,1,0.50177103,0.7436687,0.6227199,1
2019-04-08,0,0.5076006,0.72190577,0.6147532,1
2019-04-09,1,0.5205042,0.53269184,0.526598,1
2019-04-10,0,0.5250553,0.596438,0.56074667,1
2019-04-11,0,0.515622,0.54957205,0.53259706,1
2019-04-12,1,0.52008426,0.48612428,0.50310427,1
2019-04-15,1,0.50903773,0.7104187,0.6097282,1
2019-04-16,1,0.5166574,0.60439634,0.56052685,1
2019-04-17,1,0.53603756,0.60099477,0.56851614,1
2019-04-18,1,0.51900405,0.80169547,0.6603497,1
2019-04-22,1,0.5232024,0.67377156,0.598487,1
2019-04-23,0,0.5471654,0.55987304,0.55351925,1
2019-04-24,0,0.5263566,0.6841348,0.6052457,1
2019-04-25,0,0.5137505,0.6856781,0.5997143,1
2019-04-26,1,0.5114981,0.6741795,0.59283876,1
2019-04-29,0,0.5113026,0.7513948,0.6313487,1
2019-04-30,1,0.4787517,0.65706146,0.56790656,1
2019-05-01,0,0.5212092,0.6962448,0.608727,1
2019-05-02,1,0.5124979,0.58730084,0.54989934,1
2019-05-03,0,0.53729403,0.8602462,0.6987701,1
2019-05-06,0,0.5328587,0.47686952,0.5048641,1
2019-05-07,1,0.4972433,0.60620373,0.5517235,1
2019-05-08,0,0.50461847,0.526254,0.51543623,1
2019-05-09,0,0.49868953,0.62537915,0.56203437,1
2019-05-10,0,0.49255612,0.6806744,0.58661526,1
2019-05-13,1,0.48373258,0.35044158,0.41708708,0
2019-05-14,1,0.4988254,0.43703604,0.46793073,0
2019-05-15,0,0.508164,0.42993703,0.46905053,0
2019-05-16,0,0.49960083,0.6526939,0.5761474,1
2019-05-17,0,0.5070317,0.63902307,0.5730274,1
2019-05-20,1,0.5117918,0.7479425,0.6298672,1
2019-05-21,0,0.51529014,0.4651831,0.49023664,0
2019-05-22,0,0.5135956,0.6318437,0.57271963,1
2019-05-23,0,0.51164234,0.62665755,0.56915,1
2019-05-24,0,0.51546097,0.5027535,0.50910723,1
2019-05-28,0,0.5105414,0.5827304,0.54663587,1
2019-05-29,1,0.5125257,0.47150275,0.49201423,0
2019-05-30,0,0.5118972,0.3138483,0.41287273,0
2019-05-31,0,0.52276134,0.6717819,0.5972716,1
2019-06-03,1,0.52872443,0.6226484,0.57568645,1
2019-06-04,1,0.5357574,0.21133627,0.37354684,0
2019-06-05,1,0.5316106,0.63523614,0.5834234,1
2019-06-06,1,0.54187,0.54281723,0.5423436,1
2019-06-07,1,0.5727879,0.5779127,0.5753503,1
2019-06-10,1,0.56793,0.70265466,0.6352923,1
2019-06-11,0,0.5626116,0.70908594,0.63584876,1
2019-06-12,0,0.55545676,0.4051154,0.48028606,0
2019-06-13,0,0.55528176,0.542445,0.5488634,1
2019-06-14,1,0.54489386,0.5410945,0.54299414,1
2019-06-17,1,0.5451505,0.40533528,0.4752429,0
2019-06-18,0,0.57674205,0.52840406,0.5525731,1
2019-06-19,1,0.54233575,0.36991048,0.4561231,0
2019-06-20,0,0.55441594,0.30468947,0.4295527,0
2019-06-21,0,0.5453098,0.28986898,0.41758937,0
2019-06-24,0,0.54219806,0.36749333,0.4548457,0
2019-06-25,1,0.5267347,0.3904712,0.45860296,0
2019-06-26,0,0.5566364,0.5478771,0.5522567,1
2019-06-27,0,0.53210354,0.46620804,0.4991558,0
2019-06-28,1,0.52131283,0.49131274,0.5063128,1
2019-07-01,1,0.537602,0.61970454,0.5786533,1
2019-07-02,1,0.54208475,0.6419675,0.5920261,1
2019-07-03,0,0.54051805,0.54342693,0.5419725,1
2019-07-05,0,0.5390682,0.31135997,0.4252141,0
2019-07-08,1,0.51232564,0.492287,0.50230634,1
2019-07-09,1,0.5212406,0.51182616,0.5165334,1
2019-07-10,0,0.5252868,0.6116077,0.56844723,1
2019-07-11,1,0.51005363,0.7155077,0.6127807,1
2019-07-12,1,0.5213524,0.3899446,0.4556485,0
2019-07-15,0,0.5287654,0.4169683,0.47286683,0
2019-07-16,0,0.5215901,0.3693297,0.4454599,0
2019-07-17,1,0.5177829,0.4747216,0.49625227,0
2019-07-18,0,0.52735686,0.39741033,0.4623836,0
2019-07-19,1,0.5030786,0.6513996,0.5772391,1
2019-07-22,1,0.5368252,0.4075823,0.47220373,0
2019-07-23,0,0.5240705,0.39321926,0.45864487,0
2019-07-24,0,0.5307857,0.18733832,0.35906202,0
2019-07-25,1,0.51199,0.3164235,0.41420674,0
2019-07-26,1,0.5223458,0.30299196,0.41266888,0
2019-07-29,0,0.5289862,0.3972525,0.46311936,0
2019-07-30,1,0.5208687,0.42345756,0.47216314,0
2019-07-31,0,0.5019726,0.61736184,0.5596672,1
2019-08-01,0,0.509286,0.58773386,0.54850996,1
2019-08-02,0,0.50352216,0.7054004,0.6044613,1
2019-08-05,1,0.48516235,0.41981268,0.45248753,0
2019-08-06,1,0.49988824,0.46201384,0.48095104,0
2019-08-07,1,0.50331676,0.3858352,0.44457597,0
2019-08-08,0,0.5081351,0.3388243,0.42347968,0
2019-08-09,0,0.5010798,0.5194518,0.5102658,1
2019-08-12,1,0.50505877,0.44432938,0.47469407,0
2019-08-13,0,0.5875047,0.334152,0.46082836,0
2019-08-14,0,0.49193063,0.62916565,0.5605481,1
2019-08-15,1,0.49115723,0.531367,0.5112621,1
2019-08-16,1,0.5179099,0.45726934,0.4875896,0
2019-08-19,1,0.5161726,0.61189055,0.5640316,1
2019-08-20,1,0.50577927,0.6314084,0.56859386,1
2019-08-21,0,0.510923,0.49828014,0.5046016,1
2019-08-22,0,0.50489163,0.4870661,0.49597886,0
2019-08-23,1,0.480211,0.47943756,0.47982427,0
2019-08-26,0,0.5065552,0.4350905,0.47082287,0
2019-08-27,1,0.48515156,0.669192,0.5771718,1
2019-08-28,1,0.51227427,0.39874905,0.45551166,0
2019-08-29,0,0.5088911,0.505228,0.5070596,1
2019-08-30,0,0.49962407,0.6771055,0.5883648,1
2019-09-03,1,0.5112728,0.7725177,0.64189523,1
2019-09-04,1,0.52195084,0.5630262,0.5424885,1
2019-09-05,0,0.5262557,0.6146501,0.5704529,1
2019-09-06,1,0.5101479,0.49297804,0.50156295,1
2019-09-09,1,0.51823795,0.5116781,0.514958,1
2019-09-10,1,0.5551908,0.4505797,0.5028852,1
2019-09-11,0,0.6239252,0.31060347,0.46726435,0
2019-09-12,0,0.5098994,0.44353494,0.47671717,0
2019-09-13,1,0.4995575,0.6446718,0.57211465,1
2019-09-16,1,0.5289954,0.48430142,0.5066484,1
2019-09-17,1,0.5226784,0.5187902,0.5207343,1
2019-09-18,0,0.5295998,0.5220231,0.52581143,1
2019-09-19,0,0.5033051,0.3962357,0.4497704,0
2019-09-20,1,0.47792393,0.44638544,0.4621547,0
2019-09-23,0,0.5111955,0.4134289,0.4623122,0
2019-09-24,1,0.48856416,0.53128976,0.509927,1
2019-09-25,0,0.51747876,0.46426663,0.49087268,0
2019-09-26,0,0.5097875,0.4814812,0.49563435,0
2019-09-27,1,0.50156856,0.63885325,0.57021093,1
2019-09-30,1,0.53121144,0.41721743,0.47421443,0
2019-10-01,0,0.51598215,0.52558494,0.52078354,1
2019-10-02,1,0.4956544,0.63865525,0.5671548,1
2019-10-03,1,0.52036536,0.45908567,0.48972553,0
2019-10-04,1,0.5267898,0.6750022,0.600896,1
2019-10-07,0,0.5187586,0.52494943,0.52185404,1
2019-10-08,1,0.53583026,0.48463494,0.51023257,1
2019-10-09,1,0.532864,0.35391027,0.44338712,0
2019-10-10,1,0.53848207,0.5790548,0.5587684,1
2019-10-11,0,0.5481037,0.55557317,0.5518384,1
2019-10-14,0,0.54470956,0.3737647,0.45923713,0
2019-10-15,0,0.54703957,0.46852174,0.5077807,1
2019-10-16,1,0.5451575,0.5121133,0.5286354,1
2019-10-17,1,0.5447229,0.47030777,0.5075153,1
2019-10-18,1,0.5398223,0.52403784,0.5319301,1
2019-10-21,0,0.5407095,0.60458416,0.57264686,1
2019-10-22,1,0.5463346,0.35548925,0.45091194,0
2019-10-23,1,0.5453291,0.35950422,0.45241666,0
2019-10-24,1,0.54781234,0.39886078,0.47333658,0
2019-10-25,1,0.54811436,0.39958173,0.47384804,0
2019-10-28,0,0.5474874,0.2758922,0.4116898,0
2019-10-29,0,0.5476597,0.42892402,0.48829186,0
2019-10-30,1,0.5398618,0.4784648,0.5091633,1
2019-10-31,1,0.5311439,0.538235,0.5346894,1
2019-11-01,1,0.5501672,0.4733967,0.51178193,1
2019-11-04,0,0.54978263,0.27306852,0.4114256,0
2019-11-05,1,0.55428004,0.2579277,0.40610385,0
2019-11-06,1,0.5533807,0.35785556,0.45561814,0
2019-11-07,1,0.55117315,0.26070416,0.40593866,0
2019-11-08,1,0.54639685,0.35393173,0.4501643,0
2019-11-11,0,0.546069,0.3949487,0.47050887,0
2019-11-12,1,0.5486314,0.36721998,0.4579257,0
2019-11-13,0,0.5484798,0.41928616,0.48388296,0
2019-11-14,1,0.54805183,0.41608417,0.482068,0
2019-11-15,1,0.54492116,0.5109964,0.52795875,1
2019-11-18,0,0.5442777,0.377613,0.46094537,0
2019-11-19,0,0.54539007,0.3036255,0.4245078,0
2019-11-20,0,0.5421558,0.40205702,0.4721064,0
2019-11-21,0,0.5389451,0.58601373,0.5624794,1
2019-11-22,1,0.53531706,0.47929996,0.5073085,1
2019-11-25,0,0.53191173,0.36448875,0.44820023,0
2019-11-26,1,0.53944755,0.5617842,0.5506159,1
2019-11-27,0,0.53676903,0.44488788,0.49082845,0
2019-11-29,0,0.53979623,0.4088655,0.47433087,0
2019-12-02,0,0.539525,0.62666416,0.5830946,1
2019-12-03,1,0.53136575,0.5073116,0.51933867,1
2019-12-04,1,0.5251596,0.44121647,0.48318803,0
2019-12-05,1,0.5265695,0.613164,0.5698668,1
2019-12-06,0,0.5292141,0.60717535,0.56819475,1
2019-12-09,1,0.52786076,0.5725004,0.55018055,1
2019-12-10,1,0.5236267,0.54615426,0.5348905,1
2019-12-11,1,0.5343873,0.45476067,0.49457398,0
2019-12-12,1,0.52307963,0.31075624,0.41691792,0
2019-12-13,1,0.5288253,0.41604736,0.4724363,0
2019-12-16,1,0.54075485,0.4876931,0.514224,1
2019-12-17,0,0.54721844,0.34526578,0.4462421,0
2019-12-18,1,0.5469841,0.24440745,0.39569575,0
2019-12-19,0,0.54576355,0.344818,0.44529077,0
2019-12-20,1,0.5366069,0.3043415,0.4204742,0
2019-12-23,1,0.5429969,0.44850773,0.4957523,0
2019-12-24,1,0.544314,0.28676435,0.4155392,0
2019-12-26,0,0.55448055,0.29043964,0.42246008,0
2019-12-27,1,0.5512749,0.24892843,0.40010166,0
2019-12-30,1,0.548039,0.36714908,0.45759404,0
2019-12-31,1,0.54676485,0.34378418,0.44527453,0
2020-01-02,0,0.5572315,0.25195417,0.4045928,0
2020-01-03,1,0.55391216,0.24514876,0.39953047,0
2020-01-06,0,0.5536053,0.32414833,0.4388768,0
2020-01-07,1,0.550306,0.29133898,0.4208225,0
2020-01-08,1,0.530339,0.47157547,0.50095725,1
2020-01-09,1,0.5307894,0.51589143,0.5233404,1
2020-01-10,1,0.51025873,0.6254149,0.5678368,1
2020-01-13,0,0.5284295,0.3760136,0.45222157,0
2020-01-14,0,0.4906347,0.6611275,0.5758811,1
2020-01-15,1,0.50630575,0.6413817,0.5738437,1
2020-01-16,1,0.5306646,0.75547606,0.64307034,1
2020-01-17,0,0.52151424,0.61499375,0.568254,1
2020-01-21,1,0.49502724,0.6839445,0.5894859,1
2020-01-22,1,0.50611115,0.7803411,0.64322615,1
2020-01-23,0,0.5122813,0.8213859,0.66683364,1
2020-01-24,0,0.4806633,0.63589156,0.5582774,1
2020-01-27,1,0.42669266,0.7672979,0.5969953,1
2020-01-28,1,0.47479266,0.5351873,0.50499,1
2020-01-29,0,0.47080928,0.5111597,0.4909845,0
2020-01-30,0,0.49691084,0.69880223,0.5978565,1
2020-01-31,0,0.4449038,0.57160026,0.508252,1
2020-02-03,1,0.43138516,0.5315915,0.48148832,0
2020-02-04,1,0.46584558,0.42682803,0.4463368,0
2020-02-05,1,0.46505854,0.68354666,0.5743026,1
2020-02-06,0,0.47773144,0.57349944,0.52561545,1
2020-02-07,1,0.48180637,0.7801501,0.6309782,1
2020-02-10,0,0.49027917,0.77232,0.63129956,1
2020-02-11,1,0.4619495,0.7775623,0.6197559,1
2020-02-12,0,0.4623826,0.5946756,0.5285291,1
2020-02-13,1,0.46033606,0.68019634,0.5702662,1
2020-02-14,0,0.4826664,0.59002936,0.53634787,1
2020-02-18,1,0.3605432,0.5527117,0.45662746,0
2020-02-19,0,0.47723785,0.6345366,0.5558872,1
2020-02-20,0,0.41977766,0.8244879,0.6221328,1
2020-02-21,0,0.41622016,0.7833322,0.5997762,1
2020-02-24,0,0.34864345,0.58087224,0.46475786,0
2020-02-25,1,0.5637044,0.73928744,0.65149593,1
2020-02-26,0,0.3626467,0.5449088,0.45377776,0
2020-02-27,0,0.57843155,0.51979846,0.549115,1
2020-02-28,1,0.04127032,0.29083467,0.16605249,0
2020-03-02,0,0.069699205,0.46433955,0.2670194,0
2020-03-03,1,0.42666057,0.6798295,0.553245,1
2020-03-04,0,0.4382566,0.59532577,0.51679116,1
2020-03-05,0,0.43795082,0.7320853,0.58501804,1
2020-03-06,0,0.31327212,0.6192214,0.46624675,0
2020-03-09,1,0.23898709,0.61372775,0.42635742,0
2020-03-10,0,0.11441391,0.40103465,0.2577243,0
2020-03-11,0,0.37308285,0.73926294,0.5561729,1
2020-03-12,1,0.26684046,0.4894777,0.37815908,0
2020-03-13,0,0.031908203,0.38244984,0.20717902,0
2020-03-16,1,0.32963783,0.6762837,0.5029608,1
2020-03-17,0,0.10300068,0.45092547,0.27696308,0
2020-03-18,0,0.21988952,0.58725405,0.40357178,0
2020-03-19,0,0.36950025,0.6918467,0.5306735,1
2020-03-20,0,0.35578468,0.48490027,0.42034248,0
2020-03-23,1,0.38154945,0.76133364,0.57144153,1
2020-03-24,0,0.060224354,0.40513787,0.23268111,0
2020-03-25,1,0.25484094,0.66156507,0.45820302,0
2020-03-26,0,0.3159756,0.64858943,0.48228252,0
2020-03-27,1,0.32536772,0.6401857,0.4827767,0
2020-03-30,0,0.5769225,0.74643546,0.66167897,1
2020-03-31,0,0.3100209,0.6632932,0.48665702,0
2020-04-01,1,0.32630664,0.61411464,0.47021064,0
2020-04-02,0,0.25487962,0.5686253,0.41175246,0
2020-04-03,1,0.4791819,0.62819827,0.5536901,1
2020-04-06,0,0.31344226,0.4091871,0.36131468,0
2020-04-07,1,0.26892048,0.65218693,0.4605537,0
2020-04-08,1,0.50080055,0.64422923,0.5725149,1
2020-04-09,1,0.5010144,0.6578801,0.57944727,1
2020-04-13,1,0.51825875,0.23407167,0.3761652,0
2020-04-14,0,0.5196495,0.30610135,0.4128754,0
2020-04-15,1,0.5090208,0.594128,0.5515744,1
2020-04-16,0,0.49581206,0.6185371,0.55717456,1
2020-04-17,0,0.4793424,0.59401524,0.5366788,1
2020-04-20,0,0.48945525,0.72377306,0.6066142,1
2020-04-21,1,0.45099038,0.6206103,0.53580034,1
2020-04-22,0,0.50573087,0.7597788,0.6327548,1
2020-04-23,1,0.4985648,0.64867926,0.57362205,1
2020-04-24,1,0.5078584,0.3928001,0.45032924,0
2020-04-27,0,0.50659215,0.6372136,0.5719029,1
2020-04-28,1,0.48269808,0.7081395,0.5954188,1
2020-04-29,1,0.51957047,0.53819025,0.52888036,1
2020-04-30,0,0.529168,0.5278956,0.5285318,1
2020-05-01,1,0.49052688,0.61655456,0.5535407,1
2020-05-04,1,0.5251348,0.515562,0.5203484,1
2020-05-05,1,0.5268295,0.76326764,0.64504856,1
2020-05-06,1,0.5216167,0.7744903,0.6480535,1
2020-05-07,1,0.5221485,0.6440099,0.5830792,1
2020-05-08,1,0.5465938,0.32810995,0.43735188,0
2020-05-11,0,0.55091834,0.35838765,0.454653,0
2020-05-12,0,0.4881591,0.6839849,0.58607197,1
2020-05-13,1,0.4809837,0.5895283,0.535256,1
2020-05-14,0,0.5229559,0.5361811,0.5295685,1
2020-05-15,1,0.5174644,0.5001481,0.5088062,1
2020-05-18,0,0.51934564,0.729416,0.6243808,1
2020-05-19,1,0.5086752,0.6584941,0.58358467,1
2020-05-20,0,0.5317023,0.7557731,0.6437377,1
2020-05-21,1,0.50802666,0.72434133,0.616184,1
2020-05-22,0,0.5310485,0.61601627,0.57353234,1
2020-05-26,1,0.48731855,0.43223414,0.45977634,0
2020-05-27,1,0.52198994,0.60944146,0.5657157,1
2020-05-28,0,0.51446414,0.5929582,0.5537112,1
2020-05-29,1,0.5144459,0.6746747,0.59456027,1
2020-06-01,1,0.5250521,0.5844485,0.5547503,1
2020-06-02,1,0.52466583,0.53637934,0.5305226,1
2020-06-03,0,0.52202874,0.5744635,0.54824615,1
2020-06-04,1,0.5183944,0.3947758,0.4565851,0
2020-06-05,1,0.5383435,0.4424624,0.49040294,0
2020-06-08,1,0.5317237,0.54602283,0.53887326,1
2020-06-09,1,0.54697126,0.37598863,0.46147996,0
2020-06-10,0,0.54769874,0.4829153,0.515307,1
2020-06-11,1,0.45378533,0.5680665,0.5109259,1
2020-06-12,1,0.48368546,0.5567205,0.520203,1
2020-06-15,1,0.53039885,0.50296825,0.5166836,1
2020-06-16,0,0.5111562,0.65992117,0.5855387,1
2020-06-17,1,0.5093769,0.67521256,0.5922947,1
2020-06-18,0,0.51684827,0.7320631,0.6244557,1
2020-06-19,1,0.46627444,0.53057045,0.49842244,0
2020-06-22,1,0.53176737,0.5188485,0.5253079,1
2020-06-23,0,0.500036,0.57811785,0.5390769,1
2020-06-24,1,0.48009256,0.4963644,0.4882285,0
2020-06-25,0,0.526296,0.64353424,0.58491516,1
2020-06-26,1,0.45670888,0.4353785,0.44604367,0
2020-06-29,1,0.5259514,0.45067218,0.48831177,0
2020-06-30,0,0.5164274,0.5052391,0.51083326,1
2020-07-01,0,0.5118426,0.59587955,0.5538611,1
2020-07-02,1,0.5050422,0.5712141,0.53812814,1
2020-07-06,0,0.52981377,0.7527795,0.6412966,1
2020-07-07,1,0.5097503,0.57976234,0.5447563,1
2020-07-08,1,0.5317399,0.47225836,0.50199914,1
2020-07-09,1,0.46784422,0.60544366,0.5366439,1
2020-07-10,0,0.47499672,0.471619,0.47330785,0
2020-07-13,1,0.46690693,0.6019296,0.5344183,1
2020-07-14,1,0.39890072,0.6272726,0.5130867,1
2020-07-15,0,0.4534152,0.643716,0.54856557,1
2020-07-16,0,0.46896914,0.6358719,0.5524205,1
2020-07-17,1,0.47132963,0.64872396,0.56002676,1
2020-07-20,0,0.40658313,0.62571347,0.5161483,1
2020-07-21,1,0.47704962,0.5885612,0.5328054,1
2020-07-22,0,0.46205717,0.6017932,0.5319252,1
2020-07-23,0,0.53073883,0.5861806,0.55845976,1
2020-07-24,1,0.42788127,0.46136066,0.44462097,0
2020-07-27,0,0.44968793,0.3876063,0.4186471,0
2020-07-28,1,0.4893012,0.6714149,0.580358,1
2020-07-29,1,0.45635125,0.38125134,0.4188013,0
2020-07-30,1,0.43503794,0.36823633,0.40163714,0
2020-07-31,1,0.46738347,0.47442016,0.47090182,0
2020-08-03,1,0.4373319,0.40749273,0.4224123,0
2020-08-04,1,0.45410767,0.43682384,0.44546574,0
2020-08-05,1,0.44086716,0.3865634,0.41371527,0
2020-08-06,0,0.33652142,0.2532254,0.29487342,0
2020-08-07,1,0.39623865,0.572015,0.4841268,0
2020-08-10,0,0.31619605,0.3335533,0.3248747,0
2020-08-11,1,0.40888467,0.6383452,0.52361494,1
2020-08-12,1,0.2804664,0.27503788,0.27775216,0
2020-08-13,0,0.30918884,0.24089639,0.27504262,0
2020-08-14,0,0.38635388,0.2935486,0.33995125,0
2020-08-17,1,0.40591875,0.37417758,0.39004815,0
2020-08-18,1,0.38051808,0.2802573,0.3303877,0
2020-08-19,1,0.38988212,0.2891167,0.3394994,0
2020-08-20,1,0.33256468,0.3643622,0.34846345,0
2020-08-21,1,0.17579158,0.25938702,0.21758929,0
2020-08-24,0,0.347084,0.36541784,0.3562509,0
2020-08-25,1,0.34624502,0.3359518,0.34109843,0
2020-08-26,0,0.32954913,0.329171,0.32936007,0
2020-08-27,0,0.3529123,0.45295697,0.40293464,0
2020-08-28,1,0.34974846,0.35089725,0.35032284,0
2020-08-31,1,0.19615966,0.23696817,0.21656391,0
2020-09-01,0,0.22091061,0.27700946,0.24896003,0
2020-09-02,0,0.37592772,0.37675378,0.37634075,0
2020-09-03,1,0.4610347,0.43415612,0.44759542,0
2020-09-04,0,0.12704866,0.42505848,0.27605358,0
2020-09-08,1,0.3647926,0.47801942,0.421406,0
2020-09-09,0,0.26689008,0.33393523,0.30041265,0
2020-09-10,0,0.45358416,0.5774039,0.51549405,1
2020-09-11,1,0.40713808,0.5714387,0.4892884,0
2020-09-14,1,0.35341358,0.34006914,0.34674138,0
2020-09-15,0,0.44024768,0.34276515,0.39150643,0
2020-09-16,0,0.47785065,0.57516193,0.5265063,1
2020-09-17,0,0.44289944,0.42949915,0.4361993,0
2020-09-18,1,0.49870744,0.45751226,0.47810984,0
2020-09-21,1,0.178948,0.23003712,0.20449257,0
2020-09-22,0,0.4431346,0.4344387,0.43878666,0
2020-09-23,1,0.5023874,0.45715696,0.47977218,0
2020-09-24,1,0.3524504,0.18786623,0.27015832,0
2020-09-25,1,0.34177792,0.19893329,0.2703556,0
2020-09-28,0,0.47314534,0.3597101,0.41642773,0
2020-09-29,1,0.49117947,0.32745844,0.40931895,0
2020-09-30,1,0.42071006,0.22411585,0.32241297,0
2020-10-01,0,0.4915453,0.44873226,0.4701388,0
2020-10-02,1,0.48328084,0.44290942,0.46309513,0
2020-10-05,0,0.47312203,0.35875958,0.41594082,0
2020-10-06,1,0.49630994,0.48471457,0.49051225,0
2020-10-07,0,0.5127841,0.2977061,0.40524513,0
2020-10-08,1,0.51629865,0.6558201,0.58605933,1
2020-10-09,1,0.5037037,0.37783125,0.44076747,0
2020-10-12,0,0.35829592,0.5992284,0.47876215,0
2020-10-13,1,0.49951652,0.6215697,0.5605431,1
2020-10-14,0,0.5024824,0.4591426,0.4808125,0
2020-10-15,0,0.49635935,0.5316125,0.51398593,1
2020-10-16,0,0.50914633,0.67602324,0.5925848,1
2020-10-19,1,0.51451254,0.72488725,0.6196999,1
2020-10-20,0,0.48684016,0.45617315,0.47150666,0
2020-10-21,0,0.5009588,0.54411113,0.52253497,1
2020-10-22,0,0.50554657,0.6176867,0.56161666,1
2020-10-23,1,0.5076908,0.67413545,0.5909131,1
2020-10-26,1,0.49047637,0.3876441,0.43906024,0
2020-10-27,0,0.49675852,0.54565674,0.52120763,1
2020-10-28,1,0.52317417,0.5546057,0.53888994,1
2020-10-29,0,0.4563362,0.5357644,0.4960503,0
2020-10-30,0,0.5220733,0.64628285,0.5841781,1
2020-11-02,1,0.49954823,0.5040984,0.5018233,1
2020-11-03,1,0.48891982,0.41501042,0.45196512,0
2020-11-04,1,0.4769941,0.29459354,0.3857938,0
2020-11-05,0,0.49034575,0.32143778,0.40589178,0
2020-11-06,0,0.50877464,0.56338185,0.5360782,1
2020-11-09,0,0.5147383,0.69917583,0.6069571,1
2020-11-10,1,0.5098622,0.63372964,0.57179594,1
2020-11-11,0,0.48868182,0.4632167,0.47594926,0
2020-11-12,1,0.5191637,0.7261376,0.6226506,1
2020-11-13,1,0.51359135,0.60369813,0.5586448,1
2020-11-16,0,0.49537146,0.30681062,0.40109104,0
2020-11-17,0,0.5132489,0.6218696,0.56755924,1
2020-11-18,1,0.515368,0.7309893,0.6231786,1
2020-11-19,0,0.5054079,0.5662884,0.53584814,1
2020-11-20,0,0.51493573,0.6958119,0.60537386,1
2020-11-23,1,0.52606404,0.6812793,0.60367167,1
2020-11-24,1,0.49611196,0.495787,0.49594948,0
2020-11-25,1,0.50525945,0.550704,0.52798176,1
2020-11-27,1,0.5066422,0.5850494,0.5458458,1
2020-11-30,1,0.45020556,0.5790044,0.514605,1
2020-12-01,1,0.49614197,0.5133977,0.5047698,1
2020-12-02,0,0.505583,0.34794936,0.42676616,0
2020-12-03,0,0.51332724,0.36846513,0.44089618,0
2020-12-04,1,0.5144762,0.6718107,0.59314346,1
2020-12-07,1,0.50278556,0.45831835,0.48055196,0
2020-12-08,0,0.50300264,0.33381778,0.4184102,0
2020-12-09,1,0.51120394,0.7457449,0.6284744,1
2020-12-10,0,0.48932013,0.49212492,0.49072254,0
2020-12-11,0,0.51101446,0.68610144,0.59855795,1
2020-12-14,1,0.51469857,0.7264605,0.62057954,1
2020-12-15,0,0.47000906,0.6883304,0.57916975,1
2020-12-16,1,0.51488376,0.42616552,0.47052464,0
2020-12-17,0,0.51237905,0.46857595,0.4904775,0
2020-12-18,1,0.5067978,0.67771405,0.59225595,1
2020-12-21,1,0.48699644,0.5022509,0.49462366,0
2020-12-22,0,0.46640402,0.3037781,0.38509107,0
2020-12-23,1,0.51049817,0.62855583,0.56952703,1
2020-12-24,1,0.50214994,0.40142643,0.4517882,0
2020-12-28,0,0.42943928,0.57760054,0.5035199,1
2020-12-29,0,0.49172986,0.40838978,0.45005983,0
2020-12-30,0,0.51022387,0.6619047,0.5860643,1
2020-12-31,0,0.50936115,0.7739301,0.6416456,1
2021-01-04,1,0.50846446,0.63198084,0.5702226,1
2021-01-05,0,0.49946463,0.44070885,0.47008675,0
2021-01-06,1,0.50954103,0.68068755,0.5951143,1
2021-01-07,1,0.5246453,0.27433184,0.39948857,0
2021-01-08,0,0.527007,0.341306,0.43415648,0
2021-01-11,0,0.52422285,0.6167602,0.57049155,1
2021-01-12,1,0.5216322,0.41470265,0.46816742,0
2021-01-13,0,0.5240948,0.40073338,0.4624141,0
2021-01-14,0,0.52563965,0.85651755,0.6910786,1
2021-01-15,1,0.525686,0.7166485,0.6211673,1
2021-01-19,1,0.5309372,0.5129535,0.52194536,1
2021-01-20,1,0.522423,0.61670214,0.56956255,1
2021-01-21,1,0.52397484,0.28107134,0.4025231,0
2021-01-22,1,0.5211501,0.29134148,0.4062458,0
2021-01-25,1,0.5145135,0.13678463,0.32564905,0
2021-01-26,0,0.5247673,0.20405258,0.36440992,0
2021-01-27,0,0.52164817,0.09426532,0.30795676,0
2021-01-28,0,0.52112895,0.48245537,0.5017922,1
2021-01-29,1,0.52439094,0.75637037,0.6403806,1
2021-02-01,1,0.52723634,0.2963072,0.41177177,0
2021-02-02,0,0.5333164,0.6883285,0.61082244,1
2021-02-03,1,0.52991295,0.5958279,0.5628704,1
2021-02-04,0,0.52779627,0.09832672,0.3130615,0
2021-02-05,1,0.526757,0.56823534,0.5474962,1
2021-02-08,0,0.5270437,0.29151323,0.40927845,0
2021-02-09,0,0.5270212,0.405168,0.4660946,0
2021-02-10,0,0.52636826,0.46619752,0.49628288,0
2021-02-11,1,0.52871346,0.7396835,0.6341985,1
2021-02-12,0,0.53416336,0.46544567,0.4998045,0
2021-02-16,0,0.5293782,0.7208532,0.6251157,1
2021-02-17,0,0.5330384,0.5492649,0.54115164,1
2021-02-18,1,0.53263,0.7460778,0.6393539,1
2021-02-19,0,0.53027415,0.4123413,0.47130772,0
2021-02-22,0,0.52529263,0.8397692,0.6825309,1
2021-02-23,0,0.50503826,0.75498164,0.63000995,1
2021-02-24,0,0.51619804,0.79415613,0.6551771,1
2021-02-25,1,0.5283458,0.7252814,0.62681365,1
2021-02-26,1,0.51577795,0.5440526,0.5299153,1
2021-03-01,0,0.47734872,0.31162754,0.39448813,0
2021-03-02,0,0.52493596,0.8245582,0.6747471,1
2021-03-03,0,0.522745,0.51386124,0.51830316,1
2021-03-04,1,0.518268,0.5563327,0.53730035,1
2021-03-05,0,0.50762975,0.53787875,0.52275425,1
2021-03-08,1,0.533455,0.51822126,0.52583814,1
2021-03-09,0,0.4894489,0.23250683,0.36097786,0
2021-03-10,1,0.521567,0.7489138,0.63524044,1
2021-03-11,0,0.52884626,0.5765141,0.5526802,1
2021-03-12,1,0.5262196,0.5916581,0.55893886,1
2021-03-15,1,0.5123263,0.2776054,0.39496586,0
2021-03-16,0,0.53157234,0.27292955,0.40225095,0
2021-03-17,0,0.5283412,0.56272554,0.54553336,1
2021-03-18,0,0.54073286,0.8266699,0.6837014,1
2021-03-19,1,0.536128,0.5672411,0.5516845,1
2021-03-22,0,0.51747406,0.22459936,0.3710367,0
2021-03-23,0,0.53441095,0.84826577,0.69133836,1
2021-03-24,1,0.53699875,0.8624694,0.6997341,1
2021-03-25,1,0.5252882,0.46164414,0.4934662,0
2021-03-26,1,0.5286573,0.41805434,0.47335583,0
2021-03-29,0,0.5321528,0.6639426,0.5980477,1
2021-03-30,1,0.53631496,0.62006414,0.57818955,1
2021-03-31,1,0.52887243,0.83934915,0.68411076,1
2021-04-01,1,0.5315844,0.78470033,0.6581423,1
2021-04-05,1,0.52273524,0.4774528,0.50009406,1
2021-04-06,1,0.5299101,0.35916278,0.44453645,0
2021-04-07,1,0.52186906,0.4054284,0.46364874,0
2021-04-08,1,0.52429974,0.35093918,0.43761945,0
2021-04-09,0,0.525123,0.39969534,0.46240917,0
2021-04-12,1,0.51412535,0.32902083,0.4215731,0
2021-04-13,0,0.52020574,0.47364548,0.4969256,0
2021-04-14,1,0.51535237,0.32805657,0.42170447,0
2021-04-15,0,0.5147213,0.3717666,0.44324392,0
2021-04-16,1,0.5127524,0.47818094,0.49546668,0
2021-04-19,0,0.5149073,0.36807206,0.4414897,0
2021-04-20,1,0.512497,0.3854507,0.44897383,0
2021-04-21,0,0.5119052,0.3232667,0.41758597,0
2021-04-22,1,0.51062024,0.3788254,0.44472283,0
2021-04-23,1,0.5119865,0.4295256,0.47075605,0
2021-04-26,0,0.50938535,0.45787805,0.4836317,0
2021-04-27,0,0.5086963,0.51942015,0.51405823,1
2021-04-28,0,0.50647724,0.44884112,0.47765917,0
2021-04-29,0,0.51162267,0.46611312,0.48886788,0
2021-04-30,1,0.50381315,0.50079924,0.5023062,1
2021-05-03,0,0.50300205,0.5907395,0.54687077,1
2021-05-04,1,0.5120926,0.6008264,0.5564595,1
2021-05-05,1,0.49962878,0.57930297,0.5394659,1
2021-05-06,1,0.5013898,0.48844856,0.49491918,0
2021-05-07,0,0.50072944,0.5945612,0.54764533,1
2021-05-10,0,0.506035,0.5213942,0.51371455,1
2021-05-11,0,0.50333995,0.6043478,0.55384386,1
2021-05-12,1,0.5082822,0.34650552,0.42739385,0
2021-05-13,1,0.50373936,0.29616407,0.3999517,0
2021-05-14,0,0.5067065,0.37008476,0.43839562,0
2021-05-17,0,0.508731,0.4665847,0.48765785,0
2021-05-18,0,0.5073441,0.485622,0.49648306,0
2021-05-19,1,0.50673044,0.4256454,0.46618792,0
2021-05-20,0,0.51024693,0.43031824,0.47028258,0
2021-05-21,1,0.5096943,0.42082965,0.46526197,0
2021-05-24,0,0.5078988,0.4101825,0.45904064,0
2021-05-25,0,0.5073522,0.5464341,0.52689314,1
2021-05-26,0,0.5039717,0.55628914,0.5301304,1
2021-05-27,0,0.5067446,0.62652165,0.5666331,1
2021-05-28,0,0.5044561,0.593599,0.54902756,1
2021-06-01,1,0.5033497,0.6162093,0.5597795,1
2021-06-02,0,0.5049108,0.5930329,0.5489719,1
2021-06-03,1,0.5041734,0.57676387,0.54046863,1
2021-06-04,1,0.5089325,0.7147245,0.61182845,1
2021-06-07,1,0.50577736,0.66462404,0.58520067,1
2021-06-08,1,0.50918067,0.60948944,0.55933505,1
2021-06-09,0,0.5067607,0.5446364,0.52569854,1
2021-06-10,1,0.50945663,0.5935814,0.55151904,1
2021-06-11,1,0.50689673,0.50824463,0.5075707,1
2021-06-14,0,0.51807666,0.67288995,0.5954833,1
2021-06-15,1,0.5065753,0.51443106,0.5105032,1
2021-06-16,1,0.51257557,0.567861,0.5402183,1
2021-06-17,0,0.5160303,0.63353735,0.5747838,1
2021-06-18,1,0.5089617,0.58721656,0.54808915,1
2021-06-21,1,0.5115019,0.5451488,0.5283253,1
2021-06-22,0,0.511292,0.57391125,0.5426016,1
2021-06-23,0,0.5068351,0.44643298,0.47663403,0
2021-06-24,0,0.50906056,0.44081393,0.47493726,0
2021-06-25,1,0.5082908,0.45429233,0.4812916,0
2021-06-28,1,0.5101578,0.3058656,0.4080117,0
2021-06-29,1,0.51157176,0.33264783,0.42210978,0
2021-06-30,1,0.51036,0.42306033,0.46671015,0
2021-07-01,1,0.5094924,0.4475595,0.47852594,0
2021-07-02,1,0.5159776,0.32083058,0.4184041,0
2021-07-06,1,0.5181824,0.28382444,0.40100342,0
2021-07-07,0,0.5170792,0.3734096,0.44524437,0
2021-07-08,1,0.51469135,0.4340174,0.4743544,0
2021-07-09,0,0.50309014,0.54024106,0.5216656,1
2021-07-12,1,0.5020261,0.5244754,0.5132507,1
2021-07-13,1,0.50045633,0.60969394,0.55507517,1
2021-07-14,0,0.50542474,0.3885739,0.4469993,0
2021-07-15,0,0.5044671,0.52605695,0.515262,1
2021-07-16,0,0.502823,0.56718564,0.5350043,1
2021-07-19,1,0.49488863,0.6929955,0.59394205,1
2021-07-20,0,0.5020291,0.5141902,0.5081097,1
2021-07-21,1,0.49966177,0.44276622,0.471214,0
2021-07-22,1,0.4999151,0.37705514,0.43848512,0
2021-07-23,1,0.500425,0.40027556,0.45035028,0
2021-07-26,0,0.49864113,0.33879372,0.41871744,0
2021-07-27,0,0.49118298,0.55769545,0.5244392,1
2021-07-28,1,0.4959866,0.47334144,0.48466402,0
2021-07-29,1,0.49646372,0.6112836,0.55387366,1
2021-07-30,0,0.48625848,0.47329837,0.4797784,0
2021-08-02,1,0.4870499,0.6147198,0.55088484,1
2021-08-03,0,0.49421114,0.5185094,0.5063603,1
2021-08-04,1,0.49232814,0.5686084,0.5304683,1
2021-08-05,0,0.49114522,0.5814108,0.536278,1
2021-08-06,0,0.48760495,0.60861933,0.54811215,1
2021-08-09,0,0.48929748,0.51974905,0.5045233,1
2021-08-10,1,0.4887772,0.6170647,0.55292094,1
2021-08-11,1,0.49664813,0.48014513,0.48839664,0
2021-08-12,1,0.5015681,0.6717219,0.586645,1
2021-08-13,1,0.5022179,0.5911957,0.5467068,1
2021-08-16,0,0.50193703,0.66004205,0.58098954,1
2021-08-17,0,0.50419784,0.6595204,0.5818591,1
2021-08-18,1,0.48652834,0.74933517,0.6179317,1
2021-08-19,1,0.49684384,0.73907214,0.617958,1
2021-08-20,1,0.49874634,0.54813063,0.52343845,1
2021-08-23,0,0.49870893,0.48801938,0.49336416,0
2021-08-24,0,0.4977212,0.5801509,0.538936,1
2021-08-25,0,0.48583454,0.5557541,0.52079433,1
2021-08-26,1,0.49279723,0.5101609,0.5014791,1
2021-08-27,1,0.49777532,0.7175274,0.60765135,1
2021-08-30,0,0.5060563,0.67301595,0.58953613,1
2021-08-31,1,0.50400126,0.8005487,0.65227497,1
2021-09-01,1,0.5014137,0.71962404,0.6105189,1
2021-09-02,1,0.49875185,0.5201908,0.5094713,1
2021-09-03,1,0.49754438,0.43116653,0.46435547,0
2021-09-07,0,0.49976993,0.484918,0.49234396,0
2021-09-08,0,0.49950582,0.6425632,0.57103455,1
2021-09-09,0,0.49917307,0.54850936,0.5238412,1
2021-09-10,1,0.4517974,0.6072597,0.52952856,1
2021-09-13,0,0.5011799,0.6252886,0.5632342,1
2021-09-14,1,0.4919065,0.6504941,0.5712003,1
2021-09-15,0,0.49672753,0.455551,0.47613925,0
2021-09-16,0,0.4878375,0.5571033,0.52247036,1
2021-09-17,0,0.47323284,0.63455206,0.55389243,1
2021-09-20,1,0.48887664,0.70943826,0.59915745,1
2021-09-21,1,0.49173898,0.49991685,0.4958279,0
2021-09-22,1,0.49045217,0.43936262,0.4649074,0
2021-09-23,1,0.4873388,0.36754218,0.4274405,0
2021-09-24,0,0.48880446,0.38032594,0.4345652,0
2021-09-27,0,0.48516467,0.4513354,0.46825004,0
2021-09-28,1,0.48854452,0.53968513,0.51411486,1
2021-09-29,0,0.5019276,0.56172,0.5318238,1
2021-09-30,1,0.49631312,0.5233814,0.5098473,1
2021-10-01,0,0.49888778,0.5462097,0.52254874,1
2021-10-04,1,0.49431485,0.5917004,0.5430076,1
2021-10-05,1,0.50060755,0.42224568,0.46142662,0
2021-10-06,1,0.49807662,0.43064386,0.46436024,0
2021-10-07,0,0.44655168,0.41405264,0.43030214,0
2021-10-08,0,0.46746054,0.47562885,0.47154468,0
2021-10-11,0,0.45503744,0.41879985,0.43691865,0
2021-10-12,0,0.48054117,0.6500332,0.5652872,1
2021-10-13,1,0.4706119,0.68509907,0.57785547,1
2021-10-14,1,0.4322884,0.6445562,0.53842235,1
2021-10-15,1,0.43550986,0.57783884,0.50667435,1
2021-10-18,1,0.44120094,0.3565132,0.39885706,0
2021-10-19,1,0.43226507,0.44566438,0.43896472,0
2021-10-20,1,0.42132497,0.43591765,0.4286213,0
2021-10-21,0,0.42498767,0.37243676,0.39871222,0
2021-10-22,0,0.43055838,0.38143852,0.40599847,0
2021-10-25,1,0.4297919,0.35396117,0.39187652,0
2021-10-26,0,0.44314018,0.43696737,0.44005376,0
2021-10-27,1,0.44204652,0.46714273,0.4545946,0
2021-10-28,0,0.44739613,0.31922534,0.38331074,0
2021-10-29,0,0.4634694,0.38515607,0.4243127,0
2021-11-01,1,0.45204824,0.39494565,0.42349696,0
2021-11-02,1,0.4444182,0.37812498,0.41127157,0
2021-11-03,0,0.43338713,0.39566606,0.41452658,0
2021-11-04,1,0.45449963,0.3753747,0.41493717,0
2021-11-05,0,0.4550393,0.42006454,0.43755192,0
2021-11-08,1,0.4572469,0.318966,0.38810647,0
2021-11-09,0,0.44931787,0.44372928,0.44652358,0
2021-11-10,0,0.4926289,0.5701725,0.5314007,1
2021-11-11,1,0.47626412,0.5948664,0.53556526,1
2021-11-12,1,0.45860907,0.5075972,0.48310316,0
2021-11-15,1,0.46375152,0.6373433,0.5505474,1
2021-11-16,1,0.44686696,0.6252142,0.5360406,1
2021-11-17,1,0.4522932,0.52329624,0.4877947,0
2021-11-18,1,0.4648072,0.4958424,0.4803248,0
2021-11-19,1,0.44341737,0.24935253,0.34638494,0
2021-11-22,1,0.44348398,0.26556492,0.35452443,0
2021-11-23,1,0.41400066,0.17088464,0.29244265,0
2021-11-24,0,0.39494857,0.2784839,0.33671623,0
2021-11-26,1,0.45274866,0.34951794,0.4011333,0
2021-11-29,1,0.4126847,0.2714365,0.34206063,0
2021-11-30,0,0.4248459,0.24338906,0.33411747,0
2021-12-01,0,0.46240923,0.28532547,0.37386733,0
2021-12-02,0,0.43829283,0.30491862,0.37160572,0
2021-12-03,1,0.4607286,0.19185108,0.32628983,0
2021-12-06,1,0.4191649,0.16977389,0.2944694,0
2021-12-07,1,0.40672994,0.22635797,0.31654394,0
2021-12-08,0,0.41786632,0.21486901,0.31636766,0
2021-12-09,1,0.42719284,0.16838905,0.29779094,0
2021-12-10,0,0.40350166,0.2565097,0.33000568,0
2021-12-13,0,0.4789329,0.23098387,0.3549584,0
2021-12-14,1,0.46501645,0.2533576,0.359187,0
2021-12-15,0,0.43607888,0.25871447,0.34739667,0
2021-12-16,0,0.50388503,0.32690752,0.41539627,0
2021-12-17,0,0.452168,0.2378411,0.34500456,0
2021-12-20,1,0.4181085,0.35664552,0.38737702,0
2021-12-21,1,0.4177875,0.21285489,0.3153212,0
2021-12-22,1,0.41267768,0.20050131,0.30658948,0
2021-12-23,1,0.4092256,0.19625208,0.30273885,0
2021-12-27,0,0.41887704,0.2899332,0.3544051,0
2021-12-28,1,0.43281022,0.3356771,0.38424367,0
2021-12-29,0,0.41499186,0.14729719,0.28114453,0
2021-12-30,0,0.4356422,0.1710938,0.303368,0
2021-12-31,1,0.43789333,0.18005782,0.30897558,0
2022-01-03,0,0.44579345,0.26217863,0.35398602,0
2022-01-04,0,0.45652217,0.28452533,0.37052375,0
2022-01-05,0,0.4830782,0.4687859,0.47593206,0
2022-01-06,1,0.48573634,0.42775548,0.45674592,0
2022-01-07,1,0.47816747,0.38929665,0.43373206,0
2022-01-10,1,0.4575321,0.451305,0.45441854,0
2022-01-11,1,0.46273,0.50805056,0.48539028,0
2022-01-12,0,0.47957546,0.3801279,0.42985168,0
2022-01-13,1,0.5082505,0.404384,0.45631725,0
2022-01-14,0,0.47266987,0.5128446,0.49275726,0
2022-01-18,0,0.5050517,0.42146236,0.463257,0
2022-01-19,0,0.5195922,0.46183428,0.49071324,0
2022-01-20,0,0.5111684,0.47147778,0.4913231,0
2022-01-21,0,0.5188741,0.5276856,0.52327985,1
2022-01-24,0,0.50952977,0.634529,0.57202935,1
2022-01-25,0,0.4988835,0.58341664,0.5411501,1
2022-01-26,0,0.52452195,0.5588765,0.54169923,1
2022-01-27,1,0.5239799,0.6629399,0.5934599,1
2022-01-28,1,0.41211557,0.35716814,0.38464186,0
2022-01-31,0,0.4267028,0.52805084,0.47737682,0
2022-02-01,1,0.46673316,0.4817418,0.47423747,0
2022-02-02,0,0.4624991,0.4505404,0.45651975,0
2022-02-03,0,0.48093045,0.49949458,0.4902125,0
2022-02-04,0,0.46279418,0.57349104,0.5181426,1
2022-02-07,1,0.47484607,0.79235405,0.63360006,1
2022-02-08,1,0.44310233,0.5655525,0.5043274,1
2022-02-09,0,0.46886697,0.4155103,0.44218862,0
2022-02-10,0,0.48284814,0.54269856,0.51277333,1
2022-02-11,1,0.5036561,0.68951434,0.5965852,1
2022-02-14,1,0.45096612,0.74234354,0.59665483,1
2022-02-15,0,0.45666268,0.6277899,0.5422263,1
2022-02-16,0,0.4649116,0.5549957,0.5099537,1
2022-02-17,0,0.4954016,0.47700933,0.48620546,0
2022-02-18,0,0.51053053,0.6124624,0.5614965,1
2022-02-22,0,0.5025854,0.60000026,0.55129284,1
2022-02-23,1,0.527879,0.69933987,0.61360943,1
2022-02-24,1,0.4177841,0.617576,0.51768005,1
2022-02-25,1,0.46851867,0.4804473,0.47448298,0
2022-02-28,0,0.45189616,0.6406393,0.54626775,1
2022-03-01,1,0.49171624,0.45986575,0.47579098,0
2022-03-02,0,0.466904,0.65395397,0.560429,1
2022-03-03,0,0.492806,0.44929802,0.471052,0
2022-03-04,0,0.48740122,0.68135834,0.5843798,1
2022-03-07,0,0.51632774,0.6723825,0.5943551,1
2022-03-08,1,0.51569307,0.58386135,0.5497772,1
2022-03-09,0,0.4573184,0.596359,0.5268387,1
2022-03-10,0,0.49065655,0.55357116,0.52211386,1
2022-03-11,0,0.5104371,0.5908861,0.55066156,1
2022-03-14,1,0.495281,0.7316239,0.61345243,1
2022-03-15,1,0.44464114,0.4767844,0.4607128,0
2022-03-16,1,0.4474609,0.57607085,0.51176584,1
2022-03-17,1,0.45081502,0.544685,0.49775,0
2022-03-18,1,0.44329277,0.50566566,0.4744792,0
2022-03-21,1,0.4645281,0.6712839,0.567906,1
2022-03-22,1,0.45021144,0.529299,0.4897552,0
2022-03-23,1,0.46286544,0.710985,0.5869252,1
2022-03-24,1,0.45537353,0.34183735,0.39860544,0
2022-03-25,1,0.47325724,0.29414427,0.38370076,0
2022-03-28,1,0.45652,0.20134126,0.32893062,0
2022-03-29,0,0.46571517,0.25028238,0.3579988,0
2022-03-30,0,0.4798517,0.27716747,0.37850958,0
2022-03-31,0,0.4877839,0.3542121,0.420998,0
2022-04-01,1,0.47612995,0.71959335,0.59786165,1
2022-04-04,0,0.45187318,0.5488756,0.5003744,1
2022-04-05,0,0.49433923,0.66221035,0.5782748,1
2022-04-06,1,0.48026964,0.7034855,0.5918776,1
2022-04-07,0,0.49891225,0.62742543,0.5631688,1
2022-04-08,0,0.502708,0.50400364,0.50335586,1
2022-04-11,1,0.5259974,0.4023349,0.46416616,0
2022-04-12,1,0.5096605,0.35045215,0.43005633,0
2022-04-13,0,0.49444756,0.5094496,0.5019486,1
2022-04-14,0,0.54261446,0.4819772,0.51229584,1
2022-04-18,1,0.5006551,0.39365792,0.44715652,0
2022-04-19,0,0.49088985,0.41282377,0.4518568,0
2022-04-20,0,0.49761277,0.3800553,0.43883404,0
2022-04-21,0,0.5172441,0.32977897,0.42351153,0
2022-04-22,1,0.5226766,0.51642376,0.5195502,1
2022-04-25,0,0.4987317,0.40431243,0.45152205,0
2022-04-26,0,0.54101455,0.46361116,0.50231284,1
2022-04-27,1,0.49648166,0.5553046,0.5258931,1
2022-04-28,0,0.5064335,0.51922613,0.5128298,1
2022-04-29,1,0.52090645,0.58719796,0.55405223,1
2022-05-02,1,0.49366337,0.6352191,0.5644412,1
2022-05-03,1,0.47978896,0.5091895,0.49448922,0
2022-05-04,0,0.49016872,0.35746613,0.42381743,0
2022-05-05,1,0.5520456,0.55426586,0.5531557,1
2022-05-06,0,0.4887213,0.6721238,0.5804225,1
2022-05-09,1,0.50488234,0.52555954,0.51522094,1
2022-05-10,0,0.49295333,0.5228226,0.50788796,1
2022-05-11,0,0.5864812,0.63648945,0.61148536,1
2022-05-12,1,0.509748,0.6607283,0.5852381,1
2022-05-13,0,0.48530972,0.4888024,0.48705608,0
2022-05-16,1,0.4818296,0.5743929,0.5281113,1
2022-05-17,0,0.48529112,0.4815564,0.48342377,0
2022-05-18,0,0.49675325,0.6131102,0.5549317,1
2022-05-19,1,0.49119762,0.5549488,0.5230732,1
2022-05-20,1,0.48863262,0.58268934,0.535661,1
2022-05-23,0,0.48432922,0.6334725,0.55890083,1
2022-05-24,1,0.48021448,0.42854294,0.45437872,0
2022-05-25,1,0.48209214,0.6021115,0.54210186,1
2022-05-26,1,0.4896379,0.4887744,0.48920614,0
2022-05-27,0,0.49749002,0.49838257,0.4979363,0
2022-05-31,0,0.49887913,0.47723296,0.48805606,0
2022-06-01,1,0.49384797,0.62301457,0.55843127,1
2022-06-02,0,0.5105676,0.66816694,0.5893673,1
2022-06-03,1,0.49982545,0.5953492,0.54758734,1
2022-06-06,1,0.5037813,0.6135222,0.55865175,1
2022-06-07,0,0.4962312,0.5771064,0.5366688,1
2022-06-08,0,0.5012257,0.540066,0.52064586,1
2022-06-09,0,0.5262208,0.55871254,0.54246664,1
2022-06-10,0,0.53163433,0.53018737,0.53091085,1
2022-06-13,1,0.5387951,0.5636073,0.5512012,1
2022-06-14,1,0.50592864,0.63950366,0.5727161,1
2022-06-15,0,0.49866867,0.6568726,0.5777706,1
2022-06-16,1,0.50654125,0.46840683,0.48747402,0
2022-06-17,1,0.49343923,0.5927638,0.5431015,1
2022-06-21,0,0.4801537,0.45365334,0.4669035,0
2022-06-22,1,0.47346777,0.39857283,0.4360203,0
2022-06-23,1,0.48265728,0.5268095,0.5047334,1
2022-06-24,0,0.49942416,0.71092296,0.6051736,1
2022-06-27,0,0.5001027,0.55512726,0.52761495,1
2022-06-28,1,0.49374196,0.39231887,0.44303042,0
2022-06-29,0,0.49942818,0.52069706,0.51006263,1
2022-06-30,1,0.49976388,0.48684794,0.49330592,0
2022-07-01,1,0.4982517,0.7036019,0.6009268,1
2022-07-05,1,0.49814615,0.62978566,0.5639659,1
2022-07-06,1,0.5021652,0.6602057,0.58118546,1
2022-07-07,1,0.5023774,0.6089308,0.5556541,1
2022-07-08,0,0.5059175,0.59136856,0.548643,1
2022-07-11,1,0.51690364,0.4653358,0.4911197,0
2022-07-12,0,0.497656,0.37547436,0.43656516,0
2022-07-13,1,0.49025568,0.31113777,0.40069672,0
2022-07-14,1,0.48898324,0.31127372,0.40012848,0
2022-07-15,0,0.49088308,0.32520342,0.40804327,0
2022-07-18,1,0.5144947,0.37122524,0.44285998,0
2022-07-19,1,0.4860719,0.27893975,0.38250583,0
2022-07-20,1,0.4896898,0.32715458,0.40842217,0
2022-07-21,0,0.49180633,0.29477745,0.3932919,0
2022-07-22,0,0.5031151,0.2980842,0.40059966,0
2022-07-25,0,0.5045873,0.42620805,0.46539766,0
2022-07-26,1,0.50361395,0.3596458,0.4316299,0
2022-07-27,1,0.4775717,0.37735382,0.42746276,0
2022-07-28,1,0.479172,0.444519,0.46184552,0
2022-07-29,0,0.48007625,0.26654965,0.37331295,0
2022-08-01,0,0.4960054,0.42149875,0.45875207,0
2022-08-02,1,0.499266,0.4150986,0.4571823,0
2022-08-03,0,0.48881903,0.2611882,0.37500364,0
2022-08-04,0,0.49670157,0.56230485,0.5295032,1
2022-08-05,0,0.4874968,0.32202545,0.40476114,0
2022-08-08,1,0.49023825,0.34950924,0.41987374,0
2022-08-09,1,0.48342595,0.34129786,0.41236192,0
2022-08-10,0,0.47188446,0.3938299,0.4328572,0
2022-08-11,1,0.4970055,0.37671855,0.43686202,0
2022-08-12,1,0.477583,0.40471223,0.44114763,0
2022-08-15,0,0.48744592,0.47675213,0.48209903,0
2022-08-16,1,0.4906175,0.40615645,0.44838697,0
2022-08-17,0,0.47411162,0.5050194,0.48956552,0
2022-08-18,0,0.49196965,0.50282544,0.49739754,0
2022-08-19,0,0.5037229,0.305451,0.40458697,0
2022-08-22,0,0.52271056,0.2705959,0.39665323,0
2022-08-23,1,0.50798213,0.4165336,0.46225786,0
2022-08-24,1,0.5042285,0.33374217,0.4189853,0
2022-08-25,0,0.48335686,0.26252708,0.37294197,0
2022-08-26,0,0.580387,0.5820574,0.5812222,1
2022-08-29,0,0.5119545,0.6097691,0.5608618,1
2022-08-30,0,0.5513066,0.41830215,0.4848044,0
2022-08-31,1,0.5539423,0.42470476,0.48932356,0
2022-09-01,0,0.5167048,0.51809984,0.5174023,1
2022-09-02,0,0.57824343,0.58655727,0.5824003,1
2022-09-06,1,0.55975604,0.5884639,0.57411,1
2022-09-07,0,0.5148685,0.4636328,0.48925066,0
2022-09-08,1,0.531474,0.73928773,0.63538086,1
2022-09-09,1,0.50601137,0.42458734,0.46529937,0
2022-09-12,0,0.47600555,0.35693866,0.4164721,0
2022-09-13,1,0.585539,0.5970922,0.5913156,1
2022-09-14,0,0.5062752,0.6002095,0.5532423,1
2022-09-15,0,0.54005,0.5796427,0.5598464,1
2022-09-16,1,0.5116234,0.7707472,0.6411853,1
2022-09-19,1,0.4884531,0.3589949,0.423724,0
2022-09-20,0,0.4831073,0.6026362,0.5428718,1
2022-09-21,0,0.53812754,0.57825875,0.55819315,1
2022-09-22,0,0.5122478,0.6309231,0.5715854,1
2022-09-23,1,0.5221084,0.6405898,0.5813491,1
2022-09-26,1,0.50603426,0.53113294,0.5185836,1
2022-09-27,0,0.5131918,0.52884144,0.5210166,1
2022-09-28,0,0.49398023,0.63900334,0.5664918,1
2022-09-29,0,0.56519794,0.68523943,0.6252187,1
2022-09-30,1,0.5667105,0.75059664,0.65865356,1
2022-10-03,1,0.49567443,0.46847662,0.4820755,0
2022-10-04,1,0.51444364,0.35822114,0.4363324,0
2022-10-05,0,0.50697255,0.6007299,0.55385125,1
2022-10-06,0,0.5275126,0.60776496,0.56763875,1
2022-10-07,1,0.5222226,0.6791774,0.6007,1
2022-10-10,0,0.5113245,0.74587446,0.6285995,1
2022-10-11,0,0.5151688,0.88118166,0.6981752,1
2022-10-12,1,0.51476073,0.77311486,0.6439378,1
2022-10-13,0,0.42964643,0.4493446,0.4394955,0
2022-10-14,1,0.5117192,0.63819134,0.5749553,1
2022-10-17,1,0.48579603,0.496611,0.49120352,0
2022-10-18,1,0.5016029,0.5511814,0.5263921,1
2022-10-19,0,0.51518416,0.50181895,0.5085015,1
2022-10-20,1,0.5187384,0.37698323,0.4478608,0
2022-10-21,1,0.45871547,0.54275066,0.5007331,1
2022-10-24,1,0.47813097,0.82053024,0.6493306,1
2022-10-25,0,0.46097806,0.61128026,0.5361292,1
2022-10-26,0,0.49475825,0.5350601,0.51490915,1
2022-10-27,1,0.5144993,0.6205372,0.56751823,1
2022-10-28,0,0.351599,0.3731268,0.36236292,0
2022-10-31,0,0.48969868,0.73517174,0.6124352,1
2022-11-01,0,0.5179974,0.60399646,0.5609969,1
2022-11-02,0,0.5227119,0.5160497,0.5193808,1
2022-11-03,0,0.52676004,0.6184993,0.5726297,1
2022-11-04,1,0.49852362,0.6468883,0.572706,1
2022-11-07,1,0.5247314,0.5983591,0.56154525,1
2022-11-08,0,0.520446,0.71518916,0.6178176,1
2022-11-09,1,0.52923465,0.7392578,0.63424623,1
2022-11-10,1,0.41914102,0.30755535,0.3633482,0
2022-11-11,0,0.48767626,0.66586167,0.576769,1
2022-11-14,1,0.5131023,0.62426394,0.56868315,1
2022-11-15,0,0.4882288,0.56394494,0.52608687,1
2022-11-16,1,0.49721014,0.55562216,0.5264162,1
2022-11-17,1,0.4415998,0.45792523,0.44976252,0
2022-11-18,0,0.47670725,0.5009667,0.488837,0
2022-11-21,1,0.50421417,0.36986384,0.43703902,0
2022-11-22,1,0.47509533,0.6230404,0.54906785,1
2022-11-23,0,0.45182493,0.5074975,0.47966123,0
2022-11-25,0,0.52052236,0.63290066,0.57671154,1
2022-11-28,0,0.5104536,0.6680257,0.5892396,1
2022-11-29,1,0.50890404,0.5893444,0.54912424,1
2022-11-30,1,0.46388403,0.29147327,0.37767863,0
2022-12-01,0,0.51124394,0.38100743,0.4461257,0
2022-12-02,0,0.51514876,0.38442138,0.44978505,0
2022-12-05,0,0.51772594,0.49975228,0.5087391,1
2022-12-06,0,0.518615,0.31518748,0.41690123,0
2022-12-07,1,0.51942,0.5672655,0.54334277,1
2022-12-08,0,0.52174497,0.590469,0.556107,1
2022-12-09,1,0.51137185,0.52875507,0.52006346,1
2022-12-12,1,0.5066575,0.46560946,0.48613346,0
2022-12-13,0,0.490994,0.22077255,0.35588327,0
2022-12-14,0,0.5187969,0.4331198,0.47595835,0
2022-12-15,0,0.5231793,0.49896634,0.5110728,1
2022-12-16,0,0.5128967,0.76161766,0.6372572,1
2022-12-19,0,0.53331244,0.7774431,0.65537775,1
2022-12-20,1,0.51774955,0.7911779,0.65446377,1
2022-12-21,0,0.5044656,0.65255475,0.57851017,1
2022-12-22,0,0.5228026,0.79351985,0.6581612,1
2022-12-23,0,0.5187098,0.7620816,0.6403957,1
2022-12-27,0,0.5206286,0.75018555,0.6354071,1
2022-12-28,1,0.52105016,0.7657703,0.6434102,1
2022-12-29,1,0.5046917,0.7457211,0.6252064,1
2022-12-30,0,0.50628614,0.71615285,0.6112195,1
2023-01-03,1,0.5200658,0.7046104,0.61233807,1
2023-01-04,0,0.5040643,0.6841049,0.5940846,1
2023-01-05,1,0.5147406,0.6941629,0.6044518,1
2023-01-06,1,0.48163095,0.43596363,0.45879728,0
2023-01-09,1,0.4968675,0.5771871,0.5370273,1
2023-01-10,1,0.49849302,0.43211043,0.46530172,0
2023-01-11,0,0.503222,0.418471,0.46084648,0
2023-01-12,1,0.5008962,0.5211352,0.5110157,1
2023-01-13,1,0.5054764,0.50955194,0.5075142,1
2023-01-17,0,0.5084549,0.6546725,0.5815637,1
2023-01-18,1,0.5075566,0.6407942,0.5741754,1
2023-01-19,1,0.50847304,0.6156442,0.5620586,1
2023-01-20,1,0.50839853,0.6105027,0.5594506,1
2023-01-23,1,0.5085435,0.57094336,0.5397434,1
2023-01-24,0,0.50767803,0.49702787,0.50235295,1
2023-01-25,1,0.5126977,0.46030483,0.48650128,0
2023-01-26,1,0.5124687,0.5704806,0.54147464,1
2023-01-27,0,0.51357895,0.5038801,0.5087295,1
2023-01-30,1,0.51470995,0.50600237,0.5103562,1
2023-01-31,1,0.5118687,0.54219764,0.5270332,1
2023-02-01,1,0.5140364,0.7227112,0.6183738,1
2023-02-02,1,0.50874007,0.32015455,0.4144473,0
2023-02-03,0,0.5042254,0.29771516,0.40097028,0
2023-02-06,1,0.5158607,0.6036333,0.559747,1
2023-02-07,0,0.5090686,0.38747102,0.4482698,0
2023-02-08,0,0.5170213,0.52979296,0.5234071,1
2023-02-09,1,0.51782656,0.5695477,0.5436871,1
2023-02-10,1,0.519803,0.5481809,0.53399193,1
2023-02-13,0,0.5181997,0.5641251,0.5411624,1
2023-02-14,1,0.5183976,0.63635486,0.57737625,1
2023-02-15,0,0.5197644,0.55979407,0.53977925,1
2023-02-16,0,0.5164938,0.6273947,0.57194424,1
2023-02-17,0,0.5162837,0.521868,0.5190759,1
2023-02-21,1,0.51270247,0.43741187,0.47505718,0
2023-02-22,1,0.5153438,0.44887778,0.4821108,0
2023-02-23,0,0.5165696,0.47032008,0.49344486,0
2023-02-24,1,0.51187074,0.541476,0.5266734,1
2023-02-27,0,0.5177693,0.42327484,0.47052205,0
2023-02-28,0,0.51075464,0.46984905,0.49030185,0
2023-03-01,1,0.50498784,0.4647295,0.48485866,0
2023-03-02,1,0.5144801,0.58747506,0.5509776,1
2023-03-03,1,0.5178033,0.5694063,0.5436048,1
2023-03-06,0,0.50776726,0.45687416,0.48232073,0
2023-03-07,1,0.5074959,0.4163041,0.4619,0
2023-03-08,0,0.5133262,0.5005811,0.50695366,1
2023-03-09,0,0.50498044,0.28877404,0.39687723,0
2023-03-10,1,0.50948507,0.3427284,0.42610675,0
2023-03-13,1,0.51818836,0.6228464,0.5705174,1
2023-03-14,1,0.51523924,0.4611069,0.48817307,0
2023-03-15,1,0.5161054,0.45314687,0.48462614,0
2023-03-16,0,0.5156981,0.646666,0.581182,1
2023-03-17,1,0.50712836,0.47437078,0.49074957,0
2023-03-20,1,0.51400524,0.44375458,0.47887993,0
2023-03-21,0,0.5139816,0.3650821,0.43953183,0
2023-03-22,1,0.512756,0.4027689,0.45776245,0
2023-03-23,1,0.5150238,0.42838988,0.47170687,0
2023-03-24,0,0.5179376,0.48159352,0.49976557,0
2023-03-27,0,0.5155822,0.41167948,0.46363086,0
2023-03-28,1,0.5197092,0.62594664,0.57282794,1
2023-03-29,1,0.5218682,0.44436356,0.4831159,0
2023-03-30,1,0.51942,0.33548266,0.42745134,0
2023-03-31,1,0.5123011,0.43073052,0.4715158,0
2023-04-03,0,0.5120207,0.40446547,0.45824307,0
2023-04-04,0,0.5160725,0.40879363,0.46243307,0
2023-04-05,1,0.51612353,0.4280998,0.47211167,0
2023-04-06,0,0.5215377,0.545402,0.53346986,1
2023-04-10,0,0.51997954,0.47559848,0.49778903,0
2023-04-11,0,0.48178813,0.5014828,0.49163544,0
2023-04-12,1,0.480655,0.51051295,0.49558398,0
2023-04-13,0,0.4925585,0.6152099,0.5538842,1
2023-04-14,1,0.49362603,0.50292253,0.49827427,0
2023-04-17,1,0.49661696,0.45701712,0.47681704,0
2023-04-18,1,0.49806634,0.47290796,0.48548716,0
2023-04-19,0,0.4995392,0.43663746,0.46808833,0
2023-04-20,0,0.49155617,0.47820222,0.4848792,0
2023-04-21,1,0.49006465,0.5172948,0.50367975,1
2023-04-24,0,0.49130085,0.5360172,0.513659,1
2023-04-25,0,0.48401442,0.42053777,0.4522761,0
2023-04-26,1,0.4865178,0.48188174,0.48419976,0
2023-04-27,1,0.4941084,0.6543894,0.5742489,1
2023-04-28,0,0.49609238,0.6458097,0.57095104,1
2023-05-01,0,0.49411815,0.46887192,0.48149502,0
2023-05-02,0,0.4945434,0.5049785,0.49976093,0
2023-05-03,0,0.49217287,0.40209413,0.44713348,0
2023-05-04,1,0.4873002,0.40331623,0.4453082,0
2023-05-05,0,0.49525246,0.39366466,0.44445854,0
2023-05-08,0,0.501263,0.50078076,0.50102186,1
2023-05-09,1,0.49683014,0.4177604,0.45729527,0
2023-05-10,1,0.49973574,0.42363563,0.4616857,0
2023-05-11,0,0.50290114,0.49769562,0.5002984,1
2023-05-12,0,0.49451622,0.5768017,0.53565896,1
2023-05-15,0,0.49319825,0.5386868,0.5159425,1
2023-05-16,1,0.49174857,0.4485447,0.47014666,0
2023-05-17,1,0.4891946,0.36909825,0.4291464,0
2023-05-18,1,0.48951527,0.46112505,0.47532016,0
2023-05-19,0,0.49370262,0.49901283,0.49635774,0
2023-05-22,0,0.4941527,0.41736147,0.45575708,0
2023-05-23,1,0.4866563,0.43327582,0.45996606,0
2023-05-24,1,0.48786807,0.41323525,0.45055166,0
2023-05-25,1,0.49020454,0.5209817,0.5055931,1
2023-05-26,1,0.49489284,0.53447276,0.51468277,1
2023-05-30,0,0.49345058,0.42099804,0.4572243,0
2023-05-31,1,0.49187055,0.3815598,0.4367152,0
2023-06-01,1,0.5009224,0.48249778,0.49171007,0
2023-06-02,0,0.5032052,0.4871084,0.4951568,0
2023-06-05,0,0.49978817,0.4365347,0.46816143,0
2023-06-06,0,0.49653104,0.60890007,0.55271554,1
2023-06-07,1,0.4901841,0.3542315,0.4222078,0
2023-06-08,1,0.4970132,0.40682727,0.45192024,0
2023-06-09,1,0.4930227,0.37843397,0.43572834,0
2023-06-12,0,0.49557313,0.39946583,0.44751948,0
2023-06-13,1,0.49321964,0.46845815,0.4808389,0
2023-06-14,1,0.49378726,0.3819481,0.4378677,0
2023-06-15,0,0.49388918,0.4024518,0.44817048,0
2023-06-16,1,0.49394584,0.36067215,0.42730898,0
2023-06-20,0,0.49541226,0.45195794,0.4736851,0
2023-06-21,1,0.49161714,0.4494389,0.470528,0
2023-06-22,0,0.49661508,0.3616449,0.42913,0
2023-06-23,0,0.49420333,0.31159374,0.40289855,0
2023-06-26,1,0.48976964,0.4125917,0.45118067,0
2023-06-27,1,0.4962405,0.38705295,0.44164672,0
2023-06-28,1,0.49560592,0.37468275,0.43514434,0
2023-06-29,1,0.4947203,0.44461933,0.46966982,0
2023-06-30,0,0.4919902,0.42481858,0.4584044,0
2023-07-03,0,0.5005506,0.48057508,0.49056286,0
2023-07-05,1,0.4946946,0.436437,0.4655658,0
2023-07-06,0,0.49464113,0.324435,0.40953806,0
2023-07-07,0,0.49331275,0.5043838,0.49884826,0
2023-07-10,0,0.48456722,0.52026576,0.5024165,1
2023-07-11,1,0.48562795,0.50134224,0.4934851,0
2023-07-12,1,0.468743,0.5860455,0.52739424,1
2023-07-13,1,0.4806949,0.49070916,0.48570204,0
2023-07-14,1,0.4808273,0.56638724,0.52360725,1
2023-07-17,0,0.47752717,0.5816744,0.5296008,1
2023-07-18,1,0.46367154,0.5230067,0.49333912,0
2023-07-19,0,0.42968792,0.57730186,0.50349486,1
2023-07-20,0,0.43661496,0.40532634,0.42097065,0
2023-07-21,1,0.45924258,0.4787276,0.46898508,0
2023-07-24,1,0.47985545,0.55773413,0.5187948,1
2023-07-25,1,0.4875438,0.62865096,0.55809736,1
2023-07-26,0,0.478661,0.6080994,0.5433802,1
2023-07-27,1,0.44491547,0.5018816,0.47339854,0
2023-07-28,1,0.46744308,0.55621994,0.5118315,1
2023-07-31,0,0.46758938,0.39831924,0.4329543,0
2023-08-01,0,0.46054432,0.42093506,0.4407397,0
2023-08-02,0,0.4434378,0.6106377,0.52703774,1
2023-08-03,0,0.46329957,0.7906462,0.6269729,1
2023-08-04,0,0.399839,0.5001867,0.45001286,0
2023-08-07,1,0.46755978,0.3716592,0.4196095,0
2023-08-08,0,0.5139426,0.40693623,0.4604394,0
2023-08-09,0,0.4975384,0.59552854,0.54653347,1
2023-08-10,1,0.50824213,0.5675601,0.5379011,1
2023-08-11,1,0.51209337,0.5671604,0.5396269,1
2023-08-14,0,0.5110451,0.43522146,0.47313327,0
2023-08-15,0,0.5037022,0.5502031,0.5269526,1
2023-08-16,0,0.507668,0.5475614,0.5276147,1
2023-08-17,1,0.49718034,0.5569786,0.52707946,1
2023-08-18,1,0.5057057,0.49434012,0.5000229,1
2023-08-21,1,0.5089674,0.4212759,0.46512166,0
2023-08-22,1,0.5106276,0.4731652,0.49189642,0
2023-08-23,0,0.50583595,0.39867717,0.45225656,0
2023-08-24,1,0.47136253,0.5559183,0.5136404,1
2023-08-25,1,0.50227255,0.51962227,0.5109474,1
2023-08-28,1,0.50515676,0.32604477,0.41560078,0
2023-08-29,1,0.4967974,0.41878322,0.45779032,0
2023-08-30,1,0.49258092,0.37575698,0.43416893,0
2023-08-31,1,0.4829336,0.44117317,0.4620534,0
2023-09-01,1,0.48351598,0.3337119,0.40861392,0
2023-09-05,0,0.47918025,0.20751114,0.3433457,0
2023-09-06,0,0.40947947,0.49288338,0.4511814,0
2023-09-07,1,0.45817444,0.4943315,0.47625297,0
2023-09-08,1,0.5010241,0.45065328,0.47583872,0
2023-09-11,0,0.5054668,0.491448,0.4984574,0
2023-09-12,0,0.47572926,0.4236347,0.449682,0
2023-09-13,1,0.4936629,0.4002793,0.44697112,0
2023-09-14,0,0.5116519,0.3553748,0.43351334,0
2023-09-15,1,0.5013218,0.41979197,0.46055686,0
2023-09-18,1,0.51222813,0.44593784,0.479083,0
2023-09-19,0,0.50936097,0.3127631,0.41106203,0
2023-09-20,0,0.4859428,0.33044985,0.40819633,0
2023-09-21,1,0.5038073,0.39137426,0.44759077,0
2023-09-22,1,0.50626373,0.30252022,0.40439197,0
2023-09-25,0,0.5100425,0.24462105,0.37733176,0
2023-09-26,0,0.4791034,0.42106894,0.45008618,0
2023-09-27,1,0.49427107,0.4767232,0.48549712,0
2023-09-28,1,0.50569654,0.34687468,0.42628562,0
2023-09-29,1,0.50645417,0.3310248,0.4187395,0
2023-10-02,0,0.51402557,0.38350248,0.44876403,0
2023-10-03,1,0.50302935,0.4004553,0.45174232,0
2023-10-04,1,0.50658303,0.600266,0.5534245,1
2023-10-05,1,0.5057361,0.5219851,0.5138606,1
2023-10-06,1,0.50011957,0.634727,0.5674233,1
2023-10-09,0,0.50347555,0.47021863,0.4868471,0
2023-10-10,1,0.5330253,0.5444229,0.5387241,1
2023-10-11,1,0.5280255,0.6319799,0.58000267,1
2023-10-12,0,0.5236547,0.6709147,0.5972847,1
2023-10-13,0,0.532922,0.487397,0.5101595,1
2023-10-16,0,0.5355357,0.7070724,0.62130404,1
2023-10-17,0,0.53392005,0.6761374,0.60502875,1
2023-10-18,0,0.53039896,0.729523,0.629961,1
2023-10-19,0,0.5248647,0.743206,0.63403535,1
2023-10-20,1,0.5201301,0.4341871,0.4771586,0
2023-10-23,1,0.5284426,0.6454406,0.5869416,1
2023-10-24,0,0.51846576,0.5560938,0.5372798,1
2023-10-25,0,0.5138457,0.65921676,0.5865312,1
2023-10-26,1,0.5223979,0.370037,0.44621742,0
2023-10-27,1,0.5119997,0.6008587,0.5564292,1
2023-10-30,1,0.5128824,0.488498,0.5006902,1
2023-10-31,1,0.51425296,0.39305723,0.4536551,0
2023-11-01,1,0.51042265,0.53680825,0.5236155,1
2023-11-02,0,0.4932158,0.5408368,0.5170263,1
2023-11-03,1,0.51678896,0.5867369,0.55176294,1
2023-11-06,1,0.51883054,0.6091173,0.5639739,1
2023-11-07,1,0.50455606,0.63495773,0.56975687,1
2023-11-08,0,0.5160481,0.4431559,0.47960198,0
2023-11-09,1,0.5112139,0.26724356,0.38922873,0
2023-11-10,0,0.47608554,0.22074635,0.34841594,0
2023-11-13,1,0.51329726,0.3344269,0.4238621,0
2023-11-14,1,0.48733428,0.34368217,0.4155082,0
2023-11-15,1,0.503149,0.5832417,0.54319537,1
2023-11-16,0,0.49328667,0.48593014,0.4896084,0
2023-11-17,1,0.49973637,0.5371834,0.5184599,1
2023-11-20,0,0.49146727,0.31821015,0.4048387,0
2023-11-21,1,0.50215656,0.38745397,0.44480526,0
2023-11-22,0,0.49564442,0.42058575,0.4581151,0
2023-11-24,0,0.4996174,0.50972545,0.50467145,1
2023-11-27,1,0.49645686,0.46034828,0.47840255,0
2023-11-28,0,0.5084689,0.5145443,0.5115066,1
2023-11-29,1,0.5066626,0.3554177,0.43104017,0
2023-11-30,1,0.5102647,0.4940292,0.50214696,1
2023-12-01,0,0.5135654,0.3981175,0.45584148,0
2023-12-04,1,0.5133989,0.5167993,0.51509905,1
2023-12-05,0,0.506263,0.48052028,0.49339163,0
2023-12-06,1,0.51079273,0.4200859,0.46543932,0
2023-12-07,1,0.51568604,0.6259376,0.5708118,1
2023-12-08,0,0.51758265,0.4876595,0.50262105,1
2023-12-11,1,0.5203351,0.5493923,0.5348637,1
2023-12-12,1,0.5201384,0.4877448,0.5039416,1
2023-12-13,1,0.5082271,0.40706056,0.45764384,0
2023-12-14,0,0.51289034,0.33416733,0.42352885,0
2023-12-15,0,0.4896572,0.29566887,0.39266303,0
2023-12-18,1,0.514689,0.41897207,0.46683055,0
2023-12-19,0,0.5149045,0.4937389,0.5043217,1
2023-12-20,0,0.50479674,0.50722677,0.5060117,1
2023-12-21,0,0.50608325,0.6804865,0.59328485,1
2023-12-22,0,0.50969154,0.54962784,0.5296597,1
2023-12-26,1,0.5050707,0.6081502,0.55661047,1
2023-12-27,1,0.5049452,0.5041871,0.5045662,1
2023-12-28,0,0.50825167,0.47515056,0.49170113,0
2023-12-29,0,0.50611913,0.46252847,0.4843238,0
2024-01-02,0,0.50881565,0.3486611,0.42873836,0
2024-01-03,0,0.5094502,0.5428095,0.52612984,1
2024-01-04,0,0.50019324,0.45823509,0.47921416,0
2024-01-05,1,0.4993919,0.46432155,0.48185673,0
2024-01-08,0,0.504097,0.30352876,0.4038129,0
2024-01-09,1,0.50460625,0.36539805,0.43500215,0
2024-01-10,0,0.5048469,0.14115962,0.32300323,0
2024-01-11,1,0.5050138,0.51166713,0.5083405,1
2024-01-12,0,0.50135446,0.281708,0.39153123,0
2024-01-16,0,0.5192976,0.4286004,0.47394902,0
2024-01-17,1,0.51483583,0.5068355,0.51083565,1
2024-01-18,1,0.5283252,0.18999091,0.35915804,0
2024-01-19,1,0.4988112,0.45057622,0.47469372,0
2024-01-22,1,0.48254496,0.45569512,0.46912003,0
2024-01-23,0,0.45974258,0.5493008,0.50452167,1
2024-01-24,0,0.48114884,0.41144273,0.4462958,0
2024-01-25,0,0.47535378,0.5715426,0.5234482,1
2024-01-26,0,0.4737248,0.3634595,0.41859215,0
2024-01-29,0,0.48492622,0.5804301,0.5326781,1
2024-01-30,0,0.48692587,0.3236143,0.4052701,0
2024-01-31,1,0.49762732,0.46140984,0.4795186,0
2024-02-01,0,0.5109505,0.5462229,0.52858675,1
2024-02-02,1,0.525324,0.49639848,0.5108612,1
2024-02-05,1,0.49507186,0.5958918,0.5454818,1
2024-02-06,1,0.4820867,0.21578906,0.34893787,0
2024-02-07,0,0.49245134,0.26470783,0.3785796,0
2024-02-08,1,0.48536068,0.31034273,0.3978517,0
2024-02-09,0,0.49689296,0.3039687,0.40043083,0
2024-02-12,0,0.4969354,0.35740358,0.4271695,0
2024-02-13,0,0.51174873,0.29446054,0.40310463,0
2024-02-14,0,0.51439023,0.4149464,0.46466833,0
2024-02-15,0,0.521471,0.60979587,0.5656334,1
2024-02-16,0,0.5108673,0.58005124,0.5454593,1
2024-02-20,1,0.5179506,0.5606045,0.53927755,1
2024-02-21,1,0.51201504,0.515257,0.513636,1
2024-02-22,0,0.519565,0.43338925,0.47647712,0
2024-02-23,0,0.5080676,0.4701753,0.48912144,0
2024-02-26,1,0.51463974,0.26313308,0.3888864,0
2024-02-27,0,0.5269494,0.58036834,0.55365884,1
2024-02-28,0,0.5185791,0.44066536,0.47962224,0
2024-02-29,0,0.52463937,0.55009323,0.5373663,1
2024-03-01,0,0.51811254,0.42221558,0.47016406,0
2024-03-04,0,0.5161905,0.55336124,0.53477585,1
2024-03-05,0,0.520182,0.6689791,0.59458053,1
2024-03-06,0,0.51662016,0.5765857,0.54660296,1
2024-03-07,1,0.52738696,0.6641046,0.5957458,1
2024-03-08,1,0.5309714,0.5311271,0.53104925,1
2024-03-11,1,0.52143645,0.65699726,0.5892168,1
2024-03-12,0,0.5199476,0.63196874,0.57595813,1
2024-03-13,1,0.5168816,0.5948061,0.55584383,1
2024-03-14,0,0.52681494,0.6770239,0.6019194,1
2024-03-15,1,0.5295117,0.5864805,0.5579961,1
2024-03-18,1,0.51892304,0.5249743,0.5219487,1
2024-03-19,1,0.52279544,0.42595467,0.47437507,0
2024-03-20,0,0.5259483,0.4982577,0.51210296,1
2024-03-21,1,0.48953813,0.485755,0.48764658,0
2024-03-22,0,0.5158055,0.5760973,0.54595137,1
2024-03-25,0,0.51464844,0.5053888,0.5100186,1
2024-03-26,1,0.51944774,0.57033056,0.54488915,1
2024-03-27,0,0.52947795,0.42344296,0.47646046,0
2024-03-28,0,0.5230111,0.76896095,0.645986,1
2024-04-01,0,0.5170963,0.44526637,0.48118132,0
2024-04-02,1,0.52563,0.48546353,0.50554675,1
2024-04-03,0,0.5236473,0.64012915,0.5818882,1
2024-04-04,1,0.52224743,0.65371835,0.5879829,1
2024-04-05,0,0.5255149,0.579268,0.5523914,1
2024-04-08,1,0.5247935,0.42475668,0.47477508,0
2024-04-09,0,0.5326334,0.7539931,0.6433133,1
2024-04-10,1,0.5316751,0.5611437,0.54640937,1
2024-04-11,1,0.5044098,0.56170875,0.53305924,1
2024-04-12,0,0.5053214,0.63342184,0.5693716,1
2024-04-15,0,0.514989,0.47385776,0.4944234,0
2024-04-16,0,0.5115644,0.39349395,0.45252916,0
2024-04-17,0,0.52110076,0.2744056,0.39775318,0
2024-04-18,0,0.5197371,0.51012343,0.51493025,1
2024-04-19,1,0.5165861,0.49390087,0.5052435,1
2024-04-22,1,0.5268228,0.33000255,0.42841268,0
2024-04-23,1,0.5311858,0.47881976,0.5050028,1
2024-04-24,1,0.5302173,0.53745186,0.5338346,1
2024-04-25,0,0.52858216,0.4717322,0.5001572,1
2024-04-26,1,0.52629554,0.46006632,0.49318093,0
2024-04-29,0,0.52318275,0.5123732,0.517778,1
2024-04-30,0,0.51207995,0.50472283,0.5084014,1
2024-05-01,1,0.5245793,0.49079654,0.5076879,1
2024-05-02,1,0.5186399,0.482321,0.5004805,1
2024-05-03,0,0.45414433,0.3348368,0.39449057,0
2024-05-06,1,0.50294876,0.58960986,0.5462793,1
2024-05-07,1,0.50488746,0.51013553,0.5075115,1
2024-05-08,1,0.50226927,0.4894297,0.4958495,0
2024-05-09,0,0.49808028,0.48334995,0.49071512,0
2024-05-10,1,0.48741937,0.4504623,0.46894085,0
2024-05-13,1,0.48347905,0.5593266,0.52140284,1
2024-05-14,1,0.4803465,0.5304239,0.50538516,1
2024-05-15,1,0.47608802,0.36516595,0.420627,0
2024-05-16,1,0.4803862,0.624226,0.55230606,1
2024-05-17,1,0.49314556,0.37723452,0.43519002,0
2024-05-20,1,0.48780754,0.26592743,0.37686747,0
2024-05-21,0,0.488373,0.29401466,0.39119384,0
2024-05-22,0,0.48567823,0.38649827,0.43608826,0
2024-05-23,1,0.48018014,0.45583412,0.46800715,0
2024-05-24,1,0.48779514,0.47819316,0.48299414,0
2024-05-28,1,0.48931375,0.5065139,0.49791384,0
2024-05-29,1,0.4911417,0.56194913,0.5265454,1
2024-05-30,1,0.5043394,0.5740888,0.53921413,1
2024-05-31,1,0.49793962,0.47997218,0.48895591,0
2024-06-03,1,0.5039383,0.5266463,0.5152923,1
2024-06-04,1,0.507519,0.40527853,0.4563988,0
2024-06-05,0,0.50693214,0.45471817,0.48082516,0
2024-06-06,1,0.5080788,0.3607577,0.43441826,0
2024-06-07,0,0.5046586,0.46658388,0.4856212,0
2024-06-10,1,0.4698791,0.32476732,0.3973232,0
2024-06-11,1,0.37904125,0.26519746,0.32211936,0
2024-06-12,1,0.37505525,0.24261832,0.3088368,0
2024-06-13,0,0.45766994,0.4541423,0.45590612,0
2024-06-14,1,0.47111136,0.37515518,0.42313325,0
2024-06-17,0,0.45728916,0.16122268,0.30925593,0
2024-06-18,0,0.4472974,0.31529003,0.3812937,0
2024-06-20,0,0.43099734,0.25650856,0.34375295,0
2024-06-21,1,0.42027447,0.1873691,0.30382177,0
2024-06-24,1,0.44339123,0.38403744,0.41371435,0
2024-06-25,1,0.45949227,0.39111996,0.4253061,0
2024-06-26,1,0.4869671,0.30908766,0.39802736,0
2024-06-27,0,0.492752,0.31423467,0.40349334,0
2024-06-28,1,0.47232774,0.44591352,0.45912063,0
2024-07-01,1,0.4614783,0.26817197,0.36482513,0
2024-07-02,1,0.46483645,0.29375115,0.3792938,0
2024-07-03,1,0.4716684,0.26154178,0.3666051,0
2024-07-05,1,0.46319354,0.29193753,0.37756553,0
2024-07-08,1,0.45874694,0.25216413,0.35545552,0
2024-07-09,1,0.46174118,0.24913247,0.35543683,0
2024-07-10,0,0.4523473,0.21809141,0.33521935,0
2024-07-11,1,0.43162936,0.23458745,0.3331084,0
2024-07-12,1,0.48117343,0.545087,0.5131302,1
2024-07-15,1,0.46774578,0.51288444,0.4903151,0
2024-07-16,0,0.47185844,0.61638975,0.5441241,1
2024-07-17,0,0.47715372,0.62911206,0.5531329,1
2024-07-18,1,0.4486605,0.5143418,0.48150113,0
2024-07-19,0,0.47945005,0.6129824,0.54621625,1
2024-07-22,1,0.47696194,0.561926,0.519444,1
2024-07-23,0,0.49205068,0.64172345,0.5668871,1
2024-07-24,0,0.47491667,0.4697373,0.472327,0
2024-07-25,1,0.48415208,0.40857393,0.446363,0
2024-07-26,1,0.49793026,0.3661,0.43201512,0
2024-07-29,1,0.50166345,0.4369815,0.46932247,0
2024-07-30,1,0.5001181,0.34784538,0.42398173,0
2024-07-31,0,0.50915,0.41425475,0.4617024,0
2024-08-01,1,0.47509572,0.27972394,0.37740982,0
2024-08-02,0,0.48627612,0.46470863,0.47549236,0
2024-08-05,0,0.46463278,0.45417944,0.4594061,0
2024-08-06,1,0.49036676,0.46970677,0.48003677,0
2024-08-07,1,0.5069462,0.45343274,0.48018947,0
2024-08-08,1,0.5101502,0.5645285,0.5373393,1
2024-08-09,1,0.51674885,0.5096441,0.51319647,1
2024-08-12,1,0.50831103,0.46652144,0.48741624,0
2024-08-13,1,0.52056766,0.33032876,0.4254482,0
2024-08-14,1,0.50997734,0.44053298,0.47525516,0
2024-08-15,1,0.5188332,0.351728,0.43528062,0
2024-08-16,0,0.5169822,0.3849099,0.45094603,0
2024-08-19,1,0.51854706,0.52846843,0.5235077,1
2024-08-20,0,0.5259654,0.50217295,0.5140692,1
2024-08-21,0,0.5188802,0.51306456,0.5159724,1
2024-08-22,1,0.49982646,0.35182756,0.42582703,0
2024-08-23,1,0.5113375,0.50048065,0.5059091,1
2024-08-26,1,0.5074619,0.37248242,0.43997216,0
2024-08-27,0,0.5093385,0.30959502,0.40946674,0
2024-08-28,1,0.49726787,0.2769291,0.3870985,0
2024-08-29,0,0.49806628,0.39187068,0.44496846,0
2024-08-30,0,0.4974433,0.49521884,0.49633107,0
2024-09-03,0,0.4624927,0.3302038,0.39634824,0
2024-09-04,1,0.49589399,0.40640047,0.45114723,0
2024-09-05,0,0.50778365,0.42471433,0.466249,0
2024-09-06,1,0.4997523,0.21394812,0.3568502,0
2024-09-09,0,0.5133475,0.33760485,0.4254762,0
2024-09-10,1,0.5056022,0.4772966,0.4914494,0
2024-09-11,1,0.50556517,0.4436356,0.47460037,0
2024-09-12,0,0.5088594,0.36510843,0.4369839,0
2024-09-13,0,0.51237005,0.31205934,0.4122147,0
2024-09-16,1,0.5160612,0.23230965,0.3741854,0
2024-09-17,1,0.5193628,0.43642423,0.47789353,0
2024-09-18,1,0.51677465,0.4315528,0.4741637,0
2024-09-19,0,0.52143633,0.4674984,0.49446738,0
2024-09-20,0,0.55564046,0.3933237,0.47448206,0
2024-09-23,1,0.49402472,0.37810647,0.4360656,0
2024-09-24,0,0.50322556,0.43412524,0.4686754,0
2024-09-25,1,0.51046824,0.3819069,0.44618756,0
2024-09-26,1,0.5133562,0.5258383,0.5195973,1
2024-09-27,1,0.51316893,0.4487954,0.48098218,0
2024-09-30,0,0.5275841,0.50178564,0.51468486,1
2024-10-01,1,0.47787312,0.31686592,0.3973695,0
2024-10-02,0,0.50178003,0.5433263,0.5225532,1
2024-10-03,1,0.5049324,0.2805975,0.39276496,0
2024-10-04,0,0.4997425,0.2988363,0.3992894,0
2024-10-07,1,0.49670357,0.2370515,0.36687753,0
2024-10-08,1,0.5174255,0.5301043,0.52376485,1
2024-10-09,0,0.51595366,0.5392868,0.5276202,1
2024-10-10,0,0.48879883,0.3953039,0.44205135,0
2024-10-11,1,0.4923098,0.528632,0.51047087,1
2024-10-14,1,0.49580836,0.37581038,0.43580937,0
2024-10-15,0,0.50156367,0.3389497,0.42025667,0
2024-10-16,1,0.4880324,0.467165,0.4775987,0
2024-10-17,1,0.4920706,0.3852927,0.43868166,0
2024-10-18,1,0.4958424,0.38653857,0.44119048,0
2024-10-21,0,0.48816055,0.40027985,0.4442202,0
2024-10-22,0,0.49288744,0.44739833,0.4701429,0
2024-10-23,0,0.49751195,0.51550686,0.5065094,1
2024-10-24,1,0.48544568,0.49708715,0.49126643,0
2024-10-25,1,0.49586168,0.4831454,0.48950353,0
2024-10-28,1,0.48893076,0.5458639,0.51739734,1
2024-10-29,0,0.49129567,0.54766995,0.5194828,1
2024-10-30,0,0.5001699,0.5402834,0.5202266,1
2024-10-31,0,0.50431114,0.4710602,0.48768568,0
2024-11-01,0,0.50388455,0.6634322,0.58365834,1
2024-11-04,1,0.49803725,0.632477,0.56525713,1
2024-11-05,0,0.49193978,0.69214803,0.5920439,1
2024-11-06,1,0.50528175,0.6070249,0.5561533,1
2024-11-07,0,0.49194714,0.64263713,0.56729215,1
2024-11-08,0,0.49220723,0.5506143,0.52141076,1
2024-11-11,0,0.49551925,0.5464961,0.52100766,1
2024-11-12,1,0.49262473,0.5910828,0.5418538,1
2024-11-13,1,0.49723822,0.5430074,0.52012277,1
2024-11-14,0,0.4946529,0.6331315,0.5638922,1
2024-11-15,1,0.49614942,0.5529374,0.5245434,1
2024-11-18,1,0.49595904,0.69417375,0.5950664,1
2024-11-19,1,0.49199802,0.5833304,0.5376642,1
2024-11-20,0,0.49264306,0.4095637,0.4511034,0
2024-11-21,1,0.49618965,0.54021794,0.5182038,1
2024-11-22,1,0.4912378,0.50556046,0.49839914,0
2024-11-25,1,0.50820935,0.3790558,0.44363257,0
2024-11-26,0,0.48826465,0.539364,0.51381433,1
2024-11-27,1,0.48586234,0.4747971,0.48032972,0
2024-11-29,1,0.48946527,0.45659113,0.47302818,0
2024-12-02,1,0.49886462,0.3672703,0.43306744,0
2024-12-03,1,0.49133608,0.47525537,0.48329574,0
2024-12-04,1,0.49427736,0.3223624,0.4083199,0
2024-12-05,0,0.4893634,0.44734916,0.46835628,0
2024-12-06,1,0.48700592,0.3601782,0.42359206,0
2024-12-09,1,0.49431914,0.3461791,0.4202491,0
2024-12-10,0,0.48435542,0.47057673,0.47746608,0
2024-12-11,1,0.4928568,0.3491994,0.4210281,0
2024-12-12,1,0.4821286,0.35074288,0.41643572,0
2024-12-13,1,0.4854943,0.30497575,0.395235,0
2024-12-16,1,0.49203396,0.3629289,0.4274814,0
2024-12-17,0,0.48746815,0.3244806,0.4059744,0
2024-12-18,1,0.49283084,0.6359566,0.5643937,1
2024-12-19,1,0.49194804,0.52065057,0.5062993,1
2024-12-20,1,0.5033375,0.47894326,0.49114037,0
2024-12-23,1,0.47180438,0.48719883,0.4795016,0
2024-12-24,1,0.47343734,0.44190955,0.45767343,0
2024-12-26,0,0.481197,0.3439061,0.41255155,0
2024-12-27,0,0.49190977,0.50345576,0.49768275,0
2024-12-30,0,0.4895537,0.3987302,0.44414192,0
2024-12-31,0,0.49540475,0.5374386,0.5164217,1
2025-01-02,0,0.5019816,0.46240696,0.4821943,0
2025-01-03,1,0.49641338,0.6369357,0.56667453,1
2025-01-06,0,0.50041384,0.54324204,0.52182794,1
2025-01-07,1,0.50155807,0.6556246,0.57859135,1
2025-01-08,0,0.49907818,0.6036792,0.55137867,1
2025-01-10,0,0.5056683,0.45897064,0.48231947,0
