,DGS10,CPI,GDP,UNRATE
2010-01-01,0.0,217.488,14764.61,9.8
2010-01-02,0.0,217.488,14764.61,9.8
2010-01-03,0.0,217.488,14764.61,9.8
2010-01-04,3.85,217.488,14764.61,9.8
2010-01-05,3.77,217.488,14764.61,9.8
2010-01-06,3.85,217.488,14764.61,9.8
2010-01-07,3.85,217.488,14764.61,9.8
2010-01-08,3.83,217.488,14764.61,9.8
2010-01-09,3.83,217.488,14764.61,9.8
2010-01-10,3.83,217.488,14764.61,9.8
2010-01-11,3.85,217.488,14764.61,9.8
2010-01-12,3.74,217.488,14764.61,9.8
2010-01-13,3.8,217.488,14764.61,9.8
2010-01-14,3.76,217.488,14764.61,9.8
2010-01-15,3.7,217.488,14764.61,9.8
2010-01-16,3.7,217.488,14764.61,9.8
2010-01-17,3.7,217.488,14764.61,9.8
2010-01-18,3.7,217.488,14764.61,9.8
2010-01-19,3.73,217.488,14764.61,9.8
2010-01-20,3.68,217.488,14764.61,9.8
2010-01-21,3.62,217.488,14764.61,9.8
2010-01-22,3.62,217.488,14764.61,9.8
2010-01-23,3.62,217.488,14764.61,9.8
2010-01-24,3.62,217.488,14764.61,9.8
2010-01-25,3.66,217.488,14764.61,9.8
2010-01-26,3.65,217.488,14764.61,9.8
2010-01-27,3.66,217.488,14764.61,9.8
2010-01-28,3.68,217.488,14764.61,9.8
2010-01-29,3.63,217.488,14764.61,9.8
2010-01-30,3.63,217.488,14764.61,9.8
2010-01-31,3.63,217.488,14764.61,9.8
2010-02-01,3.68,217.281,14764.61,9.8
2010-02-02,3.67,217.281,14764.61,9.8
2010-02-03,3.73,217.281,14764.61,9.8
2010-02-04,3.62,217.281,14764.61,9.8
2010-02-05,3.59,217.281,14764.61,9.8
2010-02-06,3.59,217.281,14764.61,9.8
2010-02-07,3.59,217.281,14764.61,9.8
2010-02-08,3.62,217.281,14764.61,9.8
2010-02-09,3.67,217.281,14764.61,9.8
2010-02-10,3.72,217.281,14764.61,9.8
2010-02-11,3.73,217.281,14764.61,9.8
2010-02-12,3.69,217.281,14764.61,9.8
2010-02-13,3.69,217.281,14764.61,9.8
2010-02-14,3.69,217.281,14764.61,9.8
2010-02-15,3.69,217.281,14764.61,9.8
2010-02-16,3.66,217.281,14764.61,9.8
2010-02-17,3.74,217.281,14764.61,9.8
2010-02-18,3.79,217.281,14764.61,9.8
2010-02-19,3.78,217.281,14764.61,9.8
2010-02-20,3.78,217.281,14764.61,9.8
2010-02-21,3.78,217.281,14764.61,9.8
2010-02-22,3.8,217.281,14764.61,9.8
2010-02-23,3.69,217.281,14764.61,9.8
2010-02-24,3.7,217.281,14764.61,9.8
2010-02-25,3.64,217.281,14764.61,9.8
2010-02-26,3.61,217.281,14764.61,9.8
2010-02-27,3.61,217.281,14764.61,9.8
2010-02-28,3.61,217.281,14764.61,9.8
2010-03-01,3.61,217.353,14764.61,9.9
2010-03-02,3.62,217.353,14764.61,9.9
2010-03-03,3.63,217.353,14764.61,9.9
2010-03-04,3.61,217.353,14764.61,9.9
2010-03-05,3.69,217.353,14764.61,9.9
2010-03-06,3.69,217.353,14764.61,9.9
2010-03-07,3.69,217.353,14764.61,9.9
2010-03-08,3.72,217.353,14764.61,9.9
2010-03-09,3.71,217.353,14764.61,9.9
2010-03-10,3.73,217.353,14764.61,9.9
2010-03-11,3.73,217.353,14764.61,9.9
2010-03-12,3.71,217.353,14764.61,9.9
2010-03-13,3.71,217.353,14764.61,9.9
2010-03-14,3.71,217.353,14764.61,9.9
2010-03-15,3.71,217.353,14764.61,9.9
2010-03-16,3.66,217.353,14764.61,9.9
2010-03-17,3.65,217.353,14764.61,9.9
2010-03-18,3.68,217.353,14764.61,9.9
2010-03-19,3.7,217.353,14764.61,9.9
2010-03-20,3.7,217.353,14764.61,9.9
2010-03-21,3.7,217.353,14764.61,9.9
2010-03-22,3.67,217.353,14764.61,9.9
2010-03-23,3.69,217.353,14764.61,9.9
2010-03-24,3.84,217.353,14764.61,9.9
2010-03-25,3.91,217.353,14764.61,9.9
2010-03-26,3.86,217.353,14764.61,9.9
2010-03-27,3.86,217.353,14764.61,9.9
2010-03-28,3.86,217.353,14764.61,9.9
2010-03-29,3.88,217.353,14764.61,9.9
2010-03-30,3.88,217.353,14764.61,9.9
2010-03-31,3.84,217.353,14764.61,9.9
2010-04-01,3.89,217.403,14980.193,9.9
2010-04-02,3.96,217.403,14980.193,9.9
2010-04-03,3.96,217.403,14980.193,9.9
2010-04-04,3.96,217.403,14980.193,9.9
2010-04-05,4.01,217.403,14980.193,9.9
2010-04-06,3.98,217.403,14980.193,9.9
2010-04-07,3.89,217.403,14980.193,9.9
2010-04-08,3.91,217.403,14980.193,9.9
2010-04-09,3.9,217.403,14980.193,9.9
2010-04-10,3.9,217.403,14980.193,9.9
2010-04-11,3.9,217.403,14980.193,9.9
2010-04-12,3.87,217.403,14980.193,9.9
2010-04-13,3.84,217.403,14980.193,9.9
2010-04-14,3.88,217.403,14980.193,9.9
2010-04-15,3.86,217.403,14980.193,9.9
2010-04-16,3.79,217.403,14980.193,9.9
2010-04-17,3.79,217.403,14980.193,9.9
2010-04-18,3.79,217.403,14980.193,9.9
2010-04-19,3.83,217.403,14980.193,9.9
2010-04-20,3.82,217.403,14980.193,9.9
2010-04-21,3.77,217.403,14980.193,9.9
2010-04-22,3.8,217.403,14980.193,9.9
2010-04-23,3.84,217.403,14980.193,9.9
2010-04-24,3.84,217.403,14980.193,9.9
2010-04-25,3.84,217.403,14980.193,9.9
2010-04-26,3.83,217.403,14980.193,9.9
2010-04-27,3.71,217.403,14980.193,9.9
2010-04-28,3.8,217.403,14980.193,9.9
2010-04-29,3.76,217.403,14980.193,9.9
2010-04-30,3.69,217.403,14980.193,9.9
2010-05-01,3.69,217.29,14980.193,9.6
2010-05-02,3.69,217.29,14980.193,9.6
2010-05-03,3.72,217.29,14980.193,9.6
2010-05-04,3.63,217.29,14980.193,9.6
2010-05-05,3.58,217.29,14980.193,9.6
2010-05-06,3.41,217.29,14980.193,9.6
2010-05-07,3.45,217.29,14980.193,9.6
2010-05-08,3.45,217.29,14980.193,9.6
2010-05-09,3.45,217.29,14980.193,9.6
2010-05-10,3.57,217.29,14980.193,9.6
2010-05-11,3.56,217.29,14980.193,9.6
2010-05-12,3.56,217.29,14980.193,9.6
2010-05-13,3.55,217.29,14980.193,9.6
2010-05-14,3.44,217.29,14980.193,9.6
2010-05-15,3.44,217.29,14980.193,9.6
2010-05-16,3.44,217.29,14980.193,9.6
2010-05-17,3.47,217.29,14980.193,9.6
2010-05-18,3.38,217.29,14980.193,9.6
2010-05-19,3.36,217.29,14980.193,9.6
2010-05-20,3.25,217.29,14980.193,9.6
2010-05-21,3.2,217.29,14980.193,9.6
2010-05-22,3.2,217.29,14980.193,9.6
2010-05-23,3.2,217.29,14980.193,9.6
2010-05-24,3.23,217.29,14980.193,9.6
2010-05-25,3.18,217.29,14980.193,9.6
2010-05-26,3.21,217.29,14980.193,9.6
2010-05-27,3.34,217.29,14980.193,9.6
2010-05-28,3.31,217.29,14980.193,9.6
2010-05-29,3.31,217.29,14980.193,9.6
2010-05-30,3.31,217.29,14980.193,9.6
2010-05-31,3.31,217.29,14980.193,9.6
2010-06-01,3.29,217.199,14980.193,9.4
2010-06-02,3.35,217.199,14980.193,9.4
2010-06-03,3.39,217.199,14980.193,9.4
2010-06-04,3.2,217.199,14980.193,9.4
2010-06-05,3.2,217.199,14980.193,9.4
2010-06-06,3.2,217.199,14980.193,9.4
2010-06-07,3.17,217.199,14980.193,9.4
2010-06-08,3.18,217.199,14980.193,9.4
2010-06-09,3.2,217.199,14980.193,9.4
2010-06-10,3.33,217.199,14980.193,9.4
2010-06-11,3.24,217.199,14980.193,9.4
2010-06-12,3.24,217.199,14980.193,9.4
2010-06-13,3.24,217.199,14980.193,9.4
2010-06-14,3.28,217.199,14980.193,9.4
2010-06-15,3.32,217.199,14980.193,9.4
2010-06-16,3.27,217.199,14980.193,9.4
2010-06-17,3.21,217.199,14980.193,9.4
2010-06-18,3.24,217.199,14980.193,9.4
2010-06-19,3.24,217.199,14980.193,9.4
2010-06-20,3.24,217.199,14980.193,9.4
2010-06-21,3.26,217.199,14980.193,9.4
2010-06-22,3.18,217.199,14980.193,9.4
2010-06-23,3.13,217.199,14980.193,9.4
2010-06-24,3.14,217.199,14980.193,9.4
2010-06-25,3.12,217.199,14980.193,9.4
2010-06-26,3.12,217.199,14980.193,9.4
2010-06-27,3.12,217.199,14980.193,9.4
2010-06-28,3.05,217.199,14980.193,9.4
2010-06-29,2.97,217.199,14980.193,9.4
2010-06-30,2.97,217.199,14980.193,9.4
2010-07-01,2.96,217.605,15141.607,9.4
2010-07-02,3.0,217.605,15141.607,9.4
2010-07-03,3.0,217.605,15141.607,9.4
2010-07-04,3.0,217.605,15141.607,9.4
2010-07-05,3.0,217.605,15141.607,9.4
2010-07-06,2.95,217.605,15141.607,9.4
2010-07-07,3.0,217.605,15141.607,9.4
2010-07-08,3.04,217.605,15141.607,9.4
2010-07-09,3.07,217.605,15141.607,9.4
2010-07-10,3.07,217.605,15141.607,9.4
2010-07-11,3.07,217.605,15141.607,9.4
2010-07-12,3.08,217.605,15141.607,9.4
2010-07-13,3.15,217.605,15141.607,9.4
2010-07-14,3.07,217.605,15141.607,9.4
2010-07-15,3.0,217.605,15141.607,9.4
2010-07-16,2.96,217.605,15141.607,9.4
2010-07-17,2.96,217.605,15141.607,9.4
2010-07-18,2.96,217.605,15141.607,9.4
2010-07-19,2.99,217.605,15141.607,9.4
2010-07-20,2.98,217.605,15141.607,9.4
2010-07-21,2.9,217.605,15141.607,9.4
2010-07-22,2.96,217.605,15141.607,9.4
2010-07-23,3.02,217.605,15141.607,9.4
2010-07-24,3.02,217.605,15141.607,9.4
2010-07-25,3.02,217.605,15141.607,9.4
2010-07-26,3.03,217.605,15141.607,9.4
2010-07-27,3.08,217.605,15141.607,9.4
2010-07-28,3.03,217.605,15141.607,9.4
2010-07-29,3.03,217.605,15141.607,9.4
2010-07-30,2.94,217.605,15141.607,9.4
2010-07-31,2.94,217.605,15141.607,9.4
2010-08-01,2.94,217.923,15141.607,9.5
2010-08-02,2.99,217.923,15141.607,9.5
2010-08-03,2.94,217.923,15141.607,9.5
2010-08-04,2.98,217.923,15141.607,9.5
2010-08-05,2.94,217.923,15141.607,9.5
2010-08-06,2.86,217.923,15141.607,9.5
2010-08-07,2.86,217.923,15141.607,9.5
2010-08-08,2.86,217.923,15141.607,9.5
2010-08-09,2.86,217.923,15141.607,9.5
2010-08-10,2.79,217.923,15141.607,9.5
2010-08-11,2.72,217.923,15141.607,9.5
2010-08-12,2.74,217.923,15141.607,9.5
2010-08-13,2.68,217.923,15141.607,9.5
2010-08-14,2.68,217.923,15141.607,9.5
2010-08-15,2.68,217.923,15141.607,9.5
2010-08-16,2.58,217.923,15141.607,9.5
2010-08-17,2.64,217.923,15141.607,9.5
2010-08-18,2.64,217.923,15141.607,9.5
2010-08-19,2.58,217.923,15141.607,9.5
2010-08-20,2.62,217.923,15141.607,9.5
2010-08-21,2.62,217.923,15141.607,9.5
2010-08-22,2.62,217.923,15141.607,9.5
2010-08-23,2.6,217.923,15141.607,9.5
2010-08-24,2.5,217.923,15141.607,9.5
2010-08-25,2.54,217.923,15141.607,9.5
2010-08-26,2.5,217.923,15141.607,9.5
2010-08-27,2.66,217.923,15141.607,9.5
2010-08-28,2.66,217.923,15141.607,9.5
2010-08-29,2.66,217.923,15141.607,9.5
2010-08-30,2.54,217.923,15141.607,9.5
2010-08-31,2.47,217.923,15141.607,9.5
2010-09-01,2.58,218.275,15141.607,9.5
2010-09-02,2.63,218.275,15141.607,9.5
2010-09-03,2.72,218.275,15141.607,9.5
2010-09-04,2.72,218.275,15141.607,9.5
2010-09-05,2.72,218.275,15141.607,9.5
2010-09-06,2.72,218.275,15141.607,9.5
2010-09-07,2.61,218.275,15141.607,9.5
2010-09-08,2.66,218.275,15141.607,9.5
2010-09-09,2.77,218.275,15141.607,9.5
2010-09-10,2.81,218.275,15141.607,9.5
2010-09-11,2.81,218.275,15141.607,9.5
2010-09-12,2.81,218.275,15141.607,9.5
2010-09-13,2.74,218.275,15141.607,9.5
2010-09-14,2.68,218.275,15141.607,9.5
2010-09-15,2.74,218.275,15141.607,9.5
2010-09-16,2.77,218.275,15141.607,9.5
2010-09-17,2.75,218.275,15141.607,9.5
2010-09-18,2.75,218.275,15141.607,9.5
2010-09-19,2.75,218.275,15141.607,9.5
2010-09-20,2.72,218.275,15141.607,9.5
2010-09-21,2.61,218.275,15141.607,9.5
2010-09-22,2.56,218.275,15141.607,9.5
2010-09-23,2.56,218.275,15141.607,9.5
2010-09-24,2.62,218.275,15141.607,9.5
2010-09-25,2.62,218.275,15141.607,9.5
2010-09-26,2.62,218.275,15141.607,9.5
2010-09-27,2.54,218.275,15141.607,9.5
2010-09-28,2.48,218.275,15141.607,9.5
2010-09-29,2.52,218.275,15141.607,9.5
2010-09-30,2.53,218.275,15141.607,9.5
2010-10-01,2.54,219.035,15309.474,9.4
2010-10-02,2.54,219.035,15309.474,9.4
2010-10-03,2.54,219.035,15309.474,9.4
2010-10-04,2.5,219.035,15309.474,9.4
2010-10-05,2.5,219.035,15309.474,9.4
2010-10-06,2.41,219.035,15309.474,9.4
2010-10-07,2.41,219.035,15309.474,9.4
2010-10-08,2.41,219.035,15309.474,9.4
2010-10-09,2.41,219.035,15309.474,9.4
2010-10-10,2.41,219.035,15309.474,9.4
2010-10-11,2.41,219.035,15309.474,9.4
2010-10-12,2.44,219.035,15309.474,9.4
2010-10-13,2.46,219.035,15309.474,9.4
2010-10-14,2.52,219.035,15309.474,9.4
2010-10-15,2.59,219.035,15309.474,9.4
2010-10-16,2.59,219.035,15309.474,9.4
2010-10-17,2.59,219.035,15309.474,9.4
2010-10-18,2.52,219.035,15309.474,9.4
2010-10-19,2.5,219.035,15309.474,9.4
2010-10-20,2.51,219.035,15309.474,9.4
2010-10-21,2.57,219.035,15309.474,9.4
2010-10-22,2.59,219.035,15309.474,9.4
2010-10-23,2.59,219.035,15309.474,9.4
2010-10-24,2.59,219.035,15309.474,9.4
2010-10-25,2.59,219.035,15309.474,9.4
2010-10-26,2.67,219.035,15309.474,9.4
2010-10-27,2.75,219.035,15309.474,9.4
2010-10-28,2.69,219.035,15309.474,9.4
2010-10-29,2.63,219.035,15309.474,9.4
2010-10-30,2.63,219.035,15309.474,9.4
2010-10-31,2.63,219.035,15309.474,9.4
2010-11-01,2.66,219.59,15309.474,9.8
2010-11-02,2.63,219.59,15309.474,9.8
2010-11-03,2.67,219.59,15309.474,9.8
2010-11-04,2.53,219.59,15309.474,9.8
2010-11-05,2.58,219.59,15309.474,9.8
2010-11-06,2.58,219.59,15309.474,9.8
2010-11-07,2.58,219.59,15309.474,9.8
2010-11-08,2.6,219.59,15309.474,9.8
2010-11-09,2.72,219.59,15309.474,9.8
2010-11-10,2.65,219.59,15309.474,9.8
2010-11-11,2.65,219.59,15309.474,9.8
2010-11-12,2.76,219.59,15309.474,9.8
2010-11-13,2.76,219.59,15309.474,9.8
2010-11-14,2.76,219.59,15309.474,9.8
2010-11-15,2.92,219.59,15309.474,9.8
2010-11-16,2.85,219.59,15309.474,9.8
2010-11-17,2.89,219.59,15309.474,9.8
2010-11-18,2.9,219.59,15309.474,9.8
2010-11-19,2.88,219.59,15309.474,9.8
2010-11-20,2.88,219.59,15309.474,9.8
2010-11-21,2.88,219.59,15309.474,9.8
2010-11-22,2.8,219.59,15309.474,9.8
2010-11-23,2.77,219.59,15309.474,9.8
2010-11-24,2.93,219.59,15309.474,9.8
2010-11-25,2.93,219.59,15309.474,9.8
2010-11-26,2.87,219.59,15309.474,9.8
2010-11-27,2.87,219.59,15309.474,9.8
2010-11-28,2.87,219.59,15309.474,9.8
2010-11-29,2.84,219.59,15309.474,9.8
2010-11-30,2.81,219.59,15309.474,9.8
2010-12-01,2.97,220.472,15309.474,9.3
2010-12-02,3.01,220.472,15309.474,9.3
2010-12-03,3.03,220.472,15309.474,9.3
2010-12-04,3.03,220.472,15309.474,9.3
2010-12-05,3.03,220.472,15309.474,9.3
2010-12-06,2.95,220.472,15309.474,9.3
2010-12-07,3.15,220.472,15309.474,9.3
2010-12-08,3.26,220.472,15309.474,9.3
2010-12-09,3.23,220.472,15309.474,9.3
2010-12-10,3.32,220.472,15309.474,9.3
2010-12-11,3.32,220.472,15309.474,9.3
2010-12-12,3.32,220.472,15309.474,9.3
2010-12-13,3.29,220.472,15309.474,9.3
2010-12-14,3.49,220.472,15309.474,9.3
2010-12-15,3.53,220.472,15309.474,9.3
2010-12-16,3.47,220.472,15309.474,9.3
2010-12-17,3.33,220.472,15309.474,9.3
2010-12-18,3.33,220.472,15309.474,9.3
2010-12-19,3.33,220.472,15309.474,9.3
2010-12-20,3.36,220.472,15309.474,9.3
2010-12-21,3.35,220.472,15309.474,9.3
2010-12-22,3.36,220.472,15309.474,9.3
2010-12-23,3.41,220.472,15309.474,9.3
2010-12-24,3.41,220.472,15309.474,9.3
2010-12-25,3.41,220.472,15309.474,9.3
2010-12-26,3.41,220.472,15309.474,9.3
2010-12-27,3.36,220.472,15309.474,9.3
2010-12-28,3.5,220.472,15309.474,9.3
2010-12-29,3.35,220.472,15309.474,9.3
2010-12-30,3.38,220.472,15309.474,9.3
2010-12-31,3.3,220.472,15309.474,9.3
2011-01-01,3.3,221.187,15351.448,9.1
2011-01-02,3.3,221.187,15351.448,9.1
2011-01-03,3.36,221.187,15351.448,9.1
2011-01-04,3.36,221.187,15351.448,9.1
2011-01-05,3.5,221.187,15351.448,9.1
2011-01-06,3.44,221.187,15351.448,9.1
2011-01-07,3.34,221.187,15351.448,9.1
2011-01-08,3.34,221.187,15351.448,9.1
2011-01-09,3.34,221.187,15351.448,9.1
2011-01-10,3.32,221.187,15351.448,9.1
2011-01-11,3.37,221.187,15351.448,9.1
2011-01-12,3.4,221.187,15351.448,9.1
2011-01-13,3.34,221.187,15351.448,9.1
2011-01-14,3.35,221.187,15351.448,9.1
2011-01-15,3.35,221.187,15351.448,9.1
2011-01-16,3.35,221.187,15351.448,9.1
2011-01-17,3.35,221.187,15351.448,9.1
2011-01-18,3.39,221.187,15351.448,9.1
2011-01-19,3.37,221.187,15351.448,9.1
2011-01-20,3.47,221.187,15351.448,9.1
2011-01-21,3.44,221.187,15351.448,9.1
2011-01-22,3.44,221.187,15351.448,9.1
2011-01-23,3.44,221.187,15351.448,9.1
2011-01-24,3.43,221.187,15351.448,9.1
2011-01-25,3.35,221.187,15351.448,9.1
2011-01-26,3.45,221.187,15351.448,9.1
2011-01-27,3.42,221.187,15351.448,9.1
2011-01-28,3.36,221.187,15351.448,9.1
2011-01-29,3.36,221.187,15351.448,9.1
2011-01-30,3.36,221.187,15351.448,9.1
2011-01-31,3.42,221.187,15351.448,9.1
2011-02-01,3.48,221.898,15351.448,9.0
2011-02-02,3.52,221.898,15351.448,9.0
2011-02-03,3.58,221.898,15351.448,9.0
2011-02-04,3.68,221.898,15351.448,9.0
2011-02-05,3.68,221.898,15351.448,9.0
2011-02-06,3.68,221.898,15351.448,9.0
2011-02-07,3.68,221.898,15351.448,9.0
2011-02-08,3.75,221.898,15351.448,9.0
2011-02-09,3.65,221.898,15351.448,9.0
2011-02-10,3.7,221.898,15351.448,9.0
2011-02-11,3.64,221.898,15351.448,9.0
2011-02-12,3.64,221.898,15351.448,9.0
2011-02-13,3.64,221.898,15351.448,9.0
2011-02-14,3.62,221.898,15351.448,9.0
2011-02-15,3.61,221.898,15351.448,9.0
2011-02-16,3.62,221.898,15351.448,9.0
2011-02-17,3.58,221.898,15351.448,9.0
2011-02-18,3.59,221.898,15351.448,9.0
2011-02-19,3.59,221.898,15351.448,9.0
2011-02-20,3.59,221.898,15351.448,9.0
2011-02-21,3.59,221.898,15351.448,9.0
2011-02-22,3.46,221.898,15351.448,9.0
2011-02-23,3.49,221.898,15351.448,9.0
2011-02-24,3.46,221.898,15351.448,9.0
2011-02-25,3.42,221.898,15351.448,9.0
2011-02-26,3.42,221.898,15351.448,9.0
2011-02-27,3.42,221.898,15351.448,9.0
2011-02-28,3.42,221.898,15351.448,9.0
2011-03-01,3.41,223.046,15351.448,9.0
2011-03-02,3.46,223.046,15351.448,9.0
2011-03-03,3.58,223.046,15351.448,9.0
2011-03-04,3.49,223.046,15351.448,9.0
2011-03-05,3.49,223.046,15351.448,9.0
2011-03-06,3.49,223.046,15351.448,9.0
2011-03-07,3.51,223.046,15351.448,9.0
2011-03-08,3.56,223.046,15351.448,9.0
2011-03-09,3.48,223.046,15351.448,9.0
2011-03-10,3.37,223.046,15351.448,9.0
2011-03-11,3.4,223.046,15351.448,9.0
2011-03-12,3.4,223.046,15351.448,9.0
2011-03-13,3.4,223.046,15351.448,9.0
2011-03-14,3.36,223.046,15351.448,9.0
2011-03-15,3.33,223.046,15351.448,9.0
2011-03-16,3.22,223.046,15351.448,9.0
2011-03-17,3.25,223.046,15351.448,9.0
2011-03-18,3.28,223.046,15351.448,9.0
2011-03-19,3.28,223.046,15351.448,9.0
2011-03-20,3.28,223.046,15351.448,9.0
2011-03-21,3.34,223.046,15351.448,9.0
2011-03-22,3.34,223.046,15351.448,9.0
2011-03-23,3.36,223.046,15351.448,9.0
2011-03-24,3.42,223.046,15351.448,9.0
2011-03-25,3.46,223.046,15351.448,9.0
2011-03-26,3.46,223.046,15351.448,9.0
2011-03-27,3.46,223.046,15351.448,9.0
2011-03-28,3.47,223.046,15351.448,9.0
2011-03-29,3.5,223.046,15351.448,9.0
2011-03-30,3.47,223.046,15351.448,9.0
2011-03-31,3.47,223.046,15351.448,9.0
2011-04-01,3.46,224.093,15557.539,9.1
2011-04-02,3.46,224.093,15557.539,9.1
2011-04-03,3.46,224.093,15557.539,9.1
2011-04-04,3.45,224.093,15557.539,9.1
2011-04-05,3.5,224.093,15557.539,9.1
2011-04-06,3.56,224.093,15557.539,9.1
2011-04-07,3.58,224.093,15557.539,9.1
2011-04-08,3.59,224.093,15557.539,9.1
2011-04-09,3.59,224.093,15557.539,9.1
2011-04-10,3.59,224.093,15557.539,9.1
2011-04-11,3.59,224.093,15557.539,9.1
2011-04-12,3.52,224.093,15557.539,9.1
2011-04-13,3.49,224.093,15557.539,9.1
2011-04-14,3.51,224.093,15557.539,9.1
2011-04-15,3.43,224.093,15557.539,9.1
2011-04-16,3.43,224.093,15557.539,9.1
2011-04-17,3.43,224.093,15557.539,9.1
2011-04-18,3.4,224.093,15557.539,9.1
2011-04-19,3.39,224.093,15557.539,9.1
2011-04-20,3.43,224.093,15557.539,9.1
2011-04-21,3.42,224.093,15557.539,9.1
2011-04-22,3.42,224.093,15557.539,9.1
2011-04-23,3.42,224.093,15557.539,9.1
2011-04-24,3.42,224.093,15557.539,9.1
2011-04-25,3.39,224.093,15557.539,9.1
2011-04-26,3.34,224.093,15557.539,9.1
2011-04-27,3.39,224.093,15557.539,9.1
2011-04-28,3.34,224.093,15557.539,9.1
2011-04-29,3.32,224.093,15557.539,9.1
2011-04-30,3.32,224.093,15557.539,9.1
2011-05-01,3.32,224.806,15557.539,9.0
2011-05-02,3.31,224.806,15557.539,9.0
2011-05-03,3.28,224.806,15557.539,9.0
2011-05-04,3.25,224.806,15557.539,9.0
2011-05-05,3.18,224.806,15557.539,9.0
2011-05-06,3.19,224.806,15557.539,9.0
2011-05-07,3.19,224.806,15557.539,9.0
2011-05-08,3.19,224.806,15557.539,9.0
2011-05-09,3.17,224.806,15557.539,9.0
2011-05-10,3.23,224.806,15557.539,9.0
2011-05-11,3.19,224.806,15557.539,9.0
2011-05-12,3.22,224.806,15557.539,9.0
2011-05-13,3.18,224.806,15557.539,9.0
2011-05-14,3.18,224.806,15557.539,9.0
2011-05-15,3.18,224.806,15557.539,9.0
2011-05-16,3.15,224.806,15557.539,9.0
2011-05-17,3.12,224.806,15557.539,9.0
2011-05-18,3.18,224.806,15557.539,9.0
2011-05-19,3.17,224.806,15557.539,9.0
2011-05-20,3.15,224.806,15557.539,9.0
2011-05-21,3.15,224.806,15557.539,9.0
2011-05-22,3.15,224.806,15557.539,9.0
2011-05-23,3.13,224.806,15557.539,9.0
2011-05-24,3.12,224.806,15557.539,9.0
2011-05-25,3.13,224.806,15557.539,9.0
2011-05-26,3.07,224.806,15557.539,9.0
2011-05-27,3.07,224.806,15557.539,9.0
2011-05-28,3.07,224.806,15557.539,9.0
2011-05-29,3.07,224.806,15557.539,9.0
2011-05-30,3.07,224.806,15557.539,9.0
2011-05-31,3.05,224.806,15557.539,9.0
2011-06-01,2.96,224.806,15557.539,9.1
2011-06-02,3.04,224.806,15557.539,9.1
2011-06-03,2.99,224.806,15557.539,9.1
2011-06-04,2.99,224.806,15557.539,9.1
2011-06-05,2.99,224.806,15557.539,9.1
2011-06-06,3.01,224.806,15557.539,9.1
2011-06-07,3.01,224.806,15557.539,9.1
2011-06-08,2.98,224.806,15557.539,9.1
2011-06-09,3.01,224.806,15557.539,9.1
2011-06-10,2.99,224.806,15557.539,9.1
2011-06-11,2.99,224.806,15557.539,9.1
2011-06-12,2.99,224.806,15557.539,9.1
2011-06-13,3.0,224.806,15557.539,9.1
2011-06-14,3.11,224.806,15557.539,9.1
2011-06-15,2.98,224.806,15557.539,9.1
2011-06-16,2.93,224.806,15557.539,9.1
2011-06-17,2.94,224.806,15557.539,9.1
2011-06-18,2.94,224.806,15557.539,9.1
2011-06-19,2.94,224.806,15557.539,9.1
2011-06-20,2.97,224.806,15557.539,9.1
2011-06-21,2.99,224.806,15557.539,9.1
2011-06-22,3.01,224.806,15557.539,9.1
2011-06-23,2.93,224.806,15557.539,9.1
2011-06-24,2.88,224.806,15557.539,9.1
2011-06-25,2.88,224.806,15557.539,9.1
2011-06-26,2.88,224.806,15557.539,9.1
2011-06-27,2.95,224.806,15557.539,9.1
2011-06-28,3.05,224.806,15557.539,9.1
2011-06-29,3.14,224.806,15557.539,9.1
2011-06-30,3.18,224.806,15557.539,9.1
2011-07-01,3.22,225.395,15647.68,9.0
2011-07-02,3.22,225.395,15647.68,9.0
2011-07-03,3.22,225.395,15647.68,9.0
2011-07-04,3.22,225.395,15647.68,9.0
2011-07-05,3.16,225.395,15647.68,9.0
2011-07-06,3.12,225.395,15647.68,9.0
2011-07-07,3.17,225.395,15647.68,9.0
2011-07-08,3.03,225.395,15647.68,9.0
2011-07-09,3.03,225.395,15647.68,9.0
2011-07-10,3.03,225.395,15647.68,9.0
2011-07-11,2.94,225.395,15647.68,9.0
2011-07-12,2.92,225.395,15647.68,9.0
2011-07-13,2.92,225.395,15647.68,9.0
2011-07-14,2.98,225.395,15647.68,9.0
2011-07-15,2.94,225.395,15647.68,9.0
2011-07-16,2.94,225.395,15647.68,9.0
2011-07-17,2.94,225.395,15647.68,9.0
2011-07-18,2.94,225.395,15647.68,9.0
2011-07-19,2.91,225.395,15647.68,9.0
2011-07-20,2.96,225.395,15647.68,9.0
2011-07-21,3.03,225.395,15647.68,9.0
2011-07-22,2.99,225.395,15647.68,9.0
2011-07-23,2.99,225.395,15647.68,9.0
2011-07-24,2.99,225.395,15647.68,9.0
2011-07-25,3.03,225.395,15647.68,9.0
2011-07-26,2.99,225.395,15647.68,9.0
2011-07-27,3.01,225.395,15647.68,9.0
2011-07-28,2.98,225.395,15647.68,9.0
2011-07-29,2.82,225.395,15647.68,9.0
2011-07-30,2.82,225.395,15647.68,9.0
2011-07-31,2.82,225.395,15647.68,9.0
2011-08-01,2.77,226.106,15647.68,9.0
2011-08-02,2.66,226.106,15647.68,9.0
2011-08-03,2.64,226.106,15647.68,9.0
2011-08-04,2.47,226.106,15647.68,9.0
2011-08-05,2.58,226.106,15647.68,9.0
2011-08-06,2.58,226.106,15647.68,9.0
2011-08-07,2.58,226.106,15647.68,9.0
2011-08-08,2.4,226.106,15647.68,9.0
2011-08-09,2.2,226.106,15647.68,9.0
2011-08-10,2.17,226.106,15647.68,9.0
2011-08-11,2.34,226.106,15647.68,9.0
2011-08-12,2.24,226.106,15647.68,9.0
2011-08-13,2.24,226.106,15647.68,9.0
2011-08-14,2.24,226.106,15647.68,9.0
2011-08-15,2.29,226.106,15647.68,9.0
2011-08-16,2.23,226.106,15647.68,9.0
2011-08-17,2.17,226.106,15647.68,9.0
2011-08-18,2.08,226.106,15647.68,9.0
2011-08-19,2.07,226.106,15647.68,9.0
2011-08-20,2.07,226.106,15647.68,9.0
2011-08-21,2.07,226.106,15647.68,9.0
2011-08-22,2.1,226.106,15647.68,9.0
2011-08-23,2.15,226.106,15647.68,9.0
2011-08-24,2.29,226.106,15647.68,9.0
2011-08-25,2.23,226.106,15647.68,9.0
2011-08-26,2.19,226.106,15647.68,9.0
2011-08-27,2.19,226.106,15647.68,9.0
2011-08-28,2.19,226.106,15647.68,9.0
2011-08-29,2.28,226.106,15647.68,9.0
2011-08-30,2.19,226.106,15647.68,9.0
2011-08-31,2.23,226.106,15647.68,9.0
2011-09-01,2.15,226.597,15647.68,9.0
2011-09-02,2.02,226.597,15647.68,9.0
2011-09-03,2.02,226.597,15647.68,9.0
2011-09-04,2.02,226.597,15647.68,9.0
2011-09-05,2.02,226.597,15647.68,9.0
2011-09-06,1.98,226.597,15647.68,9.0
2011-09-07,2.05,226.597,15647.68,9.0
2011-09-08,2.0,226.597,15647.68,9.0
2011-09-09,1.93,226.597,15647.68,9.0
2011-09-10,1.93,226.597,15647.68,9.0
2011-09-11,1.93,226.597,15647.68,9.0
2011-09-12,1.94,226.597,15647.68,9.0
2011-09-13,2.0,226.597,15647.68,9.0
2011-09-14,2.03,226.597,15647.68,9.0
2011-09-15,2.09,226.597,15647.68,9.0
2011-09-16,2.08,226.597,15647.68,9.0
2011-09-17,2.08,226.597,15647.68,9.0
2011-09-18,2.08,226.597,15647.68,9.0
2011-09-19,1.97,226.597,15647.68,9.0
2011-09-20,1.95,226.597,15647.68,9.0
2011-09-21,1.88,226.597,15647.68,9.0
2011-09-22,1.72,226.597,15647.68,9.0
2011-09-23,1.84,226.597,15647.68,9.0
2011-09-24,1.84,226.597,15647.68,9.0
2011-09-25,1.84,226.597,15647.68,9.0
2011-09-26,1.91,226.597,15647.68,9.0
2011-09-27,2.0,226.597,15647.68,9.0
2011-09-28,2.03,226.597,15647.68,9.0
2011-09-29,1.99,226.597,15647.68,9.0
2011-09-30,1.92,226.597,15647.68,9.0
2011-10-01,1.92,226.75,15842.259,8.8
2011-10-02,1.92,226.75,15842.259,8.8
2011-10-03,1.8,226.75,15842.259,8.8
2011-10-04,1.81,226.75,15842.259,8.8
2011-10-05,1.92,226.75,15842.259,8.8
2011-10-06,2.01,226.75,15842.259,8.8
2011-10-07,2.1,226.75,15842.259,8.8
2011-10-08,2.1,226.75,15842.259,8.8
2011-10-09,2.1,226.75,15842.259,8.8
2011-10-10,2.1,226.75,15842.259,8.8
2011-10-11,2.18,226.75,15842.259,8.8
2011-10-12,2.24,226.75,15842.259,8.8
2011-10-13,2.19,226.75,15842.259,8.8
2011-10-14,2.26,226.75,15842.259,8.8
2011-10-15,2.26,226.75,15842.259,8.8
2011-10-16,2.26,226.75,15842.259,8.8
2011-10-17,2.18,226.75,15842.259,8.8
2011-10-18,2.19,226.75,15842.259,8.8
2011-10-19,2.18,226.75,15842.259,8.8
2011-10-20,2.2,226.75,15842.259,8.8
2011-10-21,2.23,226.75,15842.259,8.8
2011-10-22,2.23,226.75,15842.259,8.8
2011-10-23,2.23,226.75,15842.259,8.8
2011-10-24,2.25,226.75,15842.259,8.8
2011-10-25,2.14,226.75,15842.259,8.8
2011-10-26,2.23,226.75,15842.259,8.8
2011-10-27,2.42,226.75,15842.259,8.8
2011-10-28,2.34,226.75,15842.259,8.8
2011-10-29,2.34,226.75,15842.259,8.8
2011-10-30,2.34,226.75,15842.259,8.8
2011-10-31,2.17,226.75,15842.259,8.8
2011-11-01,2.01,227.169,15842.259,8.6
2011-11-02,2.03,227.169,15842.259,8.6
2011-11-03,2.09,227.169,15842.259,8.6
2011-11-04,2.06,227.169,15842.259,8.6
2011-11-05,2.06,227.169,15842.259,8.6
2011-11-06,2.06,227.169,15842.259,8.6
2011-11-07,2.04,227.169,15842.259,8.6
2011-11-08,2.1,227.169,15842.259,8.6
2011-11-09,2.0,227.169,15842.259,8.6
2011-11-10,2.04,227.169,15842.259,8.6
2011-11-11,2.04,227.169,15842.259,8.6
2011-11-12,2.04,227.169,15842.259,8.6
2011-11-13,2.04,227.169,15842.259,8.6
2011-11-14,2.04,227.169,15842.259,8.6
2011-11-15,2.06,227.169,15842.259,8.6
2011-11-16,2.01,227.169,15842.259,8.6
2011-11-17,1.96,227.169,15842.259,8.6
2011-11-18,2.01,227.169,15842.259,8.6
2011-11-19,2.01,227.169,15842.259,8.6
2011-11-20,2.01,227.169,15842.259,8.6
2011-11-21,1.97,227.169,15842.259,8.6
2011-11-22,1.94,227.169,15842.259,8.6
2011-11-23,1.89,227.169,15842.259,8.6
2011-11-24,1.89,227.169,15842.259,8.6
2011-11-25,1.97,227.169,15842.259,8.6
2011-11-26,1.97,227.169,15842.259,8.6
2011-11-27,1.97,227.169,15842.259,8.6
2011-11-28,1.97,227.169,15842.259,8.6
2011-11-29,2.0,227.169,15842.259,8.6
2011-11-30,2.08,227.169,15842.259,8.6
2011-12-01,2.11,227.223,15842.259,8.5
2011-12-02,2.05,227.223,15842.259,8.5
2011-12-03,2.05,227.223,15842.259,8.5
2011-12-04,2.05,227.223,15842.259,8.5
2011-12-05,2.04,227.223,15842.259,8.5
2011-12-06,2.08,227.223,15842.259,8.5
2011-12-07,2.02,227.223,15842.259,8.5
2011-12-08,1.99,227.223,15842.259,8.5
2011-12-09,2.07,227.223,15842.259,8.5
2011-12-10,2.07,227.223,15842.259,8.5
2011-12-11,2.07,227.223,15842.259,8.5
2011-12-12,2.03,227.223,15842.259,8.5
2011-12-13,1.96,227.223,15842.259,8.5
2011-12-14,1.92,227.223,15842.259,8.5
2011-12-15,1.92,227.223,15842.259,8.5
2011-12-16,1.86,227.223,15842.259,8.5
2011-12-17,1.86,227.223,15842.259,8.5
2011-12-18,1.86,227.223,15842.259,8.5
2011-12-19,1.82,227.223,15842.259,8.5
2011-12-20,1.94,227.223,15842.259,8.5
2011-12-21,1.98,227.223,15842.259,8.5
2011-12-22,1.97,227.223,15842.259,8.5
2011-12-23,2.03,227.223,15842.259,8.5
2011-12-24,2.03,227.223,15842.259,8.5
2011-12-25,2.03,227.223,15842.259,8.5
2011-12-26,2.03,227.223,15842.259,8.5
2011-12-27,2.02,227.223,15842.259,8.5
2011-12-28,1.93,227.223,15842.259,8.5
2011-12-29,1.91,227.223,15842.259,8.5
2011-12-30,1.89,227.223,15842.259,8.5
2011-12-31,1.89,227.223,15842.259,8.5
2012-01-01,1.89,227.842,16068.805,8.3
2012-01-02,1.89,227.842,16068.805,8.3
2012-01-03,1.97,227.842,16068.805,8.3
2012-01-04,2.0,227.842,16068.805,8.3
2012-01-05,2.02,227.842,16068.805,8.3
2012-01-06,1.98,227.842,16068.805,8.3
2012-01-07,1.98,227.842,16068.805,8.3
2012-01-08,1.98,227.842,16068.805,8.3
2012-01-09,1.98,227.842,16068.805,8.3
2012-01-10,2.0,227.842,16068.805,8.3
2012-01-11,1.93,227.842,16068.805,8.3
2012-01-12,1.94,227.842,16068.805,8.3
2012-01-13,1.89,227.842,16068.805,8.3
2012-01-14,1.89,227.842,16068.805,8.3
2012-01-15,1.89,227.842,16068.805,8.3
2012-01-16,1.89,227.842,16068.805,8.3
2012-01-17,1.87,227.842,16068.805,8.3
2012-01-18,1.92,227.842,16068.805,8.3
2012-01-19,2.01,227.842,16068.805,8.3
2012-01-20,2.05,227.842,16068.805,8.3
2012-01-21,2.05,227.842,16068.805,8.3
2012-01-22,2.05,227.842,16068.805,8.3
2012-01-23,2.09,227.842,16068.805,8.3
2012-01-24,2.08,227.842,16068.805,8.3
2012-01-25,2.01,227.842,16068.805,8.3
2012-01-26,1.96,227.842,16068.805,8.3
2012-01-27,1.93,227.842,16068.805,8.3
2012-01-28,1.93,227.842,16068.805,8.3
2012-01-29,1.93,227.842,16068.805,8.3
2012-01-30,1.87,227.842,16068.805,8.3
2012-01-31,1.83,227.842,16068.805,8.3
2012-02-01,1.87,228.329,16068.805,8.3
2012-02-02,1.86,228.329,16068.805,8.3
2012-02-03,1.97,228.329,16068.805,8.3
2012-02-04,1.97,228.329,16068.805,8.3
2012-02-05,1.97,228.329,16068.805,8.3
2012-02-06,1.93,228.329,16068.805,8.3
2012-02-07,2.0,228.329,16068.805,8.3
2012-02-08,2.01,228.329,16068.805,8.3
2012-02-09,2.04,228.329,16068.805,8.3
2012-02-10,1.96,228.329,16068.805,8.3
2012-02-11,1.96,228.329,16068.805,8.3
2012-02-12,1.96,228.329,16068.805,8.3
2012-02-13,1.99,228.329,16068.805,8.3
2012-02-14,1.92,228.329,16068.805,8.3
2012-02-15,1.93,228.329,16068.805,8.3
2012-02-16,1.99,228.329,16068.805,8.3
2012-02-17,2.01,228.329,16068.805,8.3
2012-02-18,2.01,228.329,16068.805,8.3
2012-02-19,2.01,228.329,16068.805,8.3
2012-02-20,2.01,228.329,16068.805,8.3
2012-02-21,2.05,228.329,16068.805,8.3
2012-02-22,2.01,228.329,16068.805,8.3
2012-02-23,1.99,228.329,16068.805,8.3
2012-02-24,1.98,228.329,16068.805,8.3
2012-02-25,1.98,228.329,16068.805,8.3
2012-02-26,1.98,228.329,16068.805,8.3
2012-02-27,1.92,228.329,16068.805,8.3
2012-02-28,1.94,228.329,16068.805,8.3
2012-02-29,1.98,228.329,16068.805,8.3
2012-03-01,2.03,228.807,16068.805,8.2
2012-03-02,1.99,228.807,16068.805,8.2
2012-03-03,1.99,228.807,16068.805,8.2
2012-03-04,1.99,228.807,16068.805,8.2
2012-03-05,2.0,228.807,16068.805,8.2
2012-03-06,1.96,228.807,16068.805,8.2
2012-03-07,1.98,228.807,16068.805,8.2
2012-03-08,2.03,228.807,16068.805,8.2
2012-03-09,2.04,228.807,16068.805,8.2
2012-03-10,2.04,228.807,16068.805,8.2
2012-03-11,2.04,228.807,16068.805,8.2
2012-03-12,2.04,228.807,16068.805,8.2
2012-03-13,2.14,228.807,16068.805,8.2
2012-03-14,2.29,228.807,16068.805,8.2
2012-03-15,2.29,228.807,16068.805,8.2
2012-03-16,2.31,228.807,16068.805,8.2
2012-03-17,2.31,228.807,16068.805,8.2
2012-03-18,2.31,228.807,16068.805,8.2
2012-03-19,2.39,228.807,16068.805,8.2
2012-03-20,2.38,228.807,16068.805,8.2
2012-03-21,2.31,228.807,16068.805,8.2
2012-03-22,2.29,228.807,16068.805,8.2
2012-03-23,2.25,228.807,16068.805,8.2
2012-03-24,2.25,228.807,16068.805,8.2
2012-03-25,2.25,228.807,16068.805,8.2
2012-03-26,2.26,228.807,16068.805,8.2
2012-03-27,2.2,228.807,16068.805,8.2
2012-03-28,2.21,228.807,16068.805,8.2
2012-03-29,2.18,228.807,16068.805,8.2
2012-03-30,2.23,228.807,16068.805,8.2
2012-03-31,2.23,228.807,16068.805,8.2
2012-04-01,2.23,229.187,16207.115,8.2
2012-04-02,2.22,229.187,16207.115,8.2
2012-04-03,2.3,229.187,16207.115,8.2
2012-04-04,2.25,229.187,16207.115,8.2
2012-04-05,2.19,229.187,16207.115,8.2
2012-04-06,2.07,229.187,16207.115,8.2
2012-04-07,2.07,229.187,16207.115,8.2
2012-04-08,2.07,229.187,16207.115,8.2
2012-04-09,2.06,229.187,16207.115,8.2
2012-04-10,2.01,229.187,16207.115,8.2
2012-04-11,2.05,229.187,16207.115,8.2
2012-04-12,2.08,229.187,16207.115,8.2
2012-04-13,2.02,229.187,16207.115,8.2
2012-04-14,2.02,229.187,16207.115,8.2
2012-04-15,2.02,229.187,16207.115,8.2
2012-04-16,2.0,229.187,16207.115,8.2
2012-04-17,2.03,229.187,16207.115,8.2
2012-04-18,2.0,229.187,16207.115,8.2
2012-04-19,1.98,229.187,16207.115,8.2
2012-04-20,1.99,229.187,16207.115,8.2
2012-04-21,1.99,229.187,16207.115,8.2
2012-04-22,1.99,229.187,16207.115,8.2
2012-04-23,1.96,229.187,16207.115,8.2
2012-04-24,2.0,229.187,16207.115,8.2
2012-04-25,2.01,229.187,16207.115,8.2
2012-04-26,1.98,229.187,16207.115,8.2
2012-04-27,1.96,229.187,16207.115,8.2
2012-04-28,1.96,229.187,16207.115,8.2
2012-04-29,1.96,229.187,16207.115,8.2
2012-04-30,1.95,229.187,16207.115,8.2
2012-05-01,1.98,228.713,16207.115,8.2
2012-05-02,1.96,228.713,16207.115,8.2
2012-05-03,1.96,228.713,16207.115,8.2
2012-05-04,1.91,228.713,16207.115,8.2
2012-05-05,1.91,228.713,16207.115,8.2
2012-05-06,1.91,228.713,16207.115,8.2
2012-05-07,1.92,228.713,16207.115,8.2
2012-05-08,1.88,228.713,16207.115,8.2
2012-05-09,1.87,228.713,16207.115,8.2
2012-05-10,1.89,228.713,16207.115,8.2
2012-05-11,1.84,228.713,16207.115,8.2
2012-05-12,1.84,228.713,16207.115,8.2
2012-05-13,1.84,228.713,16207.115,8.2
2012-05-14,1.78,228.713,16207.115,8.2
2012-05-15,1.76,228.713,16207.115,8.2
2012-05-16,1.76,228.713,16207.115,8.2
2012-05-17,1.7,228.713,16207.115,8.2
2012-05-18,1.71,228.713,16207.115,8.2
2012-05-19,1.71,228.713,16207.115,8.2
2012-05-20,1.71,228.713,16207.115,8.2
2012-05-21,1.75,228.713,16207.115,8.2
2012-05-22,1.79,228.713,16207.115,8.2
2012-05-23,1.73,228.713,16207.115,8.2
2012-05-24,1.77,228.713,16207.115,8.2
2012-05-25,1.75,228.713,16207.115,8.2
2012-05-26,1.75,228.713,16207.115,8.2
2012-05-27,1.75,228.713,16207.115,8.2
2012-05-28,1.75,228.713,16207.115,8.2
2012-05-29,1.74,228.713,16207.115,8.2
2012-05-30,1.63,228.713,16207.115,8.2
2012-05-31,1.59,228.713,16207.115,8.2
2012-06-01,1.47,228.524,16207.115,8.2
2012-06-02,1.47,228.524,16207.115,8.2
2012-06-03,1.47,228.524,16207.115,8.2
2012-06-04,1.53,228.524,16207.115,8.2
2012-06-05,1.57,228.524,16207.115,8.2
2012-06-06,1.66,228.524,16207.115,8.2
2012-06-07,1.66,228.524,16207.115,8.2
2012-06-08,1.65,228.524,16207.115,8.2
2012-06-09,1.65,228.524,16207.115,8.2
2012-06-10,1.65,228.524,16207.115,8.2
2012-06-11,1.6,228.524,16207.115,8.2
2012-06-12,1.67,228.524,16207.115,8.2
2012-06-13,1.61,228.524,16207.115,8.2
2012-06-14,1.64,228.524,16207.115,8.2
2012-06-15,1.6,228.524,16207.115,8.2
2012-06-16,1.6,228.524,16207.115,8.2
2012-06-17,1.6,228.524,16207.115,8.2
2012-06-18,1.59,228.524,16207.115,8.2
2012-06-19,1.64,228.524,16207.115,8.2
2012-06-20,1.65,228.524,16207.115,8.2
2012-06-21,1.63,228.524,16207.115,8.2
2012-06-22,1.69,228.524,16207.115,8.2
2012-06-23,1.69,228.524,16207.115,8.2
2012-06-24,1.69,228.524,16207.115,8.2
2012-06-25,1.63,228.524,16207.115,8.2
2012-06-26,1.66,228.524,16207.115,8.2
2012-06-27,1.65,228.524,16207.115,8.2
2012-06-28,1.6,228.524,16207.115,8.2
2012-06-29,1.67,228.524,16207.115,8.2
2012-06-30,1.67,228.524,16207.115,8.2
2012-07-01,1.67,228.59,16319.541,8.2
2012-07-02,1.61,228.59,16319.541,8.2
2012-07-03,1.65,228.59,16319.541,8.2
2012-07-04,1.65,228.59,16319.541,8.2
2012-07-05,1.62,228.59,16319.541,8.2
2012-07-06,1.57,228.59,16319.541,8.2
2012-07-07,1.57,228.59,16319.541,8.2
2012-07-08,1.57,228.59,16319.541,8.2
2012-07-09,1.53,228.59,16319.541,8.2
2012-07-10,1.53,228.59,16319.541,8.2
2012-07-11,1.54,228.59,16319.541,8.2
2012-07-12,1.5,228.59,16319.541,8.2
2012-07-13,1.52,228.59,16319.541,8.2
2012-07-14,1.52,228.59,16319.541,8.2
2012-07-15,1.52,228.59,16319.541,8.2
2012-07-16,1.5,228.59,16319.541,8.2
2012-07-17,1.53,228.59,16319.541,8.2
2012-07-18,1.52,228.59,16319.541,8.2
2012-07-19,1.54,228.59,16319.541,8.2
2012-07-20,1.49,228.59,16319.541,8.2
2012-07-21,1.49,228.59,16319.541,8.2
2012-07-22,1.49,228.59,16319.541,8.2
2012-07-23,1.47,228.59,16319.541,8.2
2012-07-24,1.44,228.59,16319.541,8.2
2012-07-25,1.43,228.59,16319.541,8.2
2012-07-26,1.45,228.59,16319.541,8.2
2012-07-27,1.58,228.59,16319.541,8.2
2012-07-28,1.58,228.59,16319.541,8.2
2012-07-29,1.58,228.59,16319.541,8.2
2012-07-30,1.53,228.59,16319.541,8.2
2012-07-31,1.51,228.59,16319.541,8.2
2012-08-01,1.56,229.918,16319.541,8.1
2012-08-02,1.51,229.918,16319.541,8.1
2012-08-03,1.6,229.918,16319.541,8.1
2012-08-04,1.6,229.918,16319.541,8.1
2012-08-05,1.6,229.918,16319.541,8.1
2012-08-06,1.59,229.918,16319.541,8.1
2012-08-07,1.66,229.918,16319.541,8.1
2012-08-08,1.68,229.918,16319.541,8.1
2012-08-09,1.69,229.918,16319.541,8.1
2012-08-10,1.65,229.918,16319.541,8.1
2012-08-11,1.65,229.918,16319.541,8.1
2012-08-12,1.65,229.918,16319.541,8.1
2012-08-13,1.65,229.918,16319.541,8.1
2012-08-14,1.73,229.918,16319.541,8.1
2012-08-15,1.8,229.918,16319.541,8.1
2012-08-16,1.83,229.918,16319.541,8.1
2012-08-17,1.81,229.918,16319.541,8.1
2012-08-18,1.81,229.918,16319.541,8.1
2012-08-19,1.81,229.918,16319.541,8.1
2012-08-20,1.82,229.918,16319.541,8.1
2012-08-21,1.8,229.918,16319.541,8.1
2012-08-22,1.71,229.918,16319.541,8.1
2012-08-23,1.68,229.918,16319.541,8.1
2012-08-24,1.68,229.918,16319.541,8.1
2012-08-25,1.68,229.918,16319.541,8.1
2012-08-26,1.68,229.918,16319.541,8.1
2012-08-27,1.65,229.918,16319.541,8.1
2012-08-28,1.64,229.918,16319.541,8.1
2012-08-29,1.66,229.918,16319.541,8.1
2012-08-30,1.63,229.918,16319.541,8.1
2012-08-31,1.57,229.918,16319.541,8.1
2012-09-01,1.57,231.015,16319.541,7.8
2012-09-02,1.57,231.015,16319.541,7.8
2012-09-03,1.57,231.015,16319.541,7.8
2012-09-04,1.59,231.015,16319.541,7.8
2012-09-05,1.6,231.015,16319.541,7.8
2012-09-06,1.68,231.015,16319.541,7.8
2012-09-07,1.67,231.015,16319.541,7.8
2012-09-08,1.67,231.015,16319.541,7.8
2012-09-09,1.67,231.015,16319.541,7.8
2012-09-10,1.68,231.015,16319.541,7.8
2012-09-11,1.7,231.015,16319.541,7.8
2012-09-12,1.77,231.015,16319.541,7.8
2012-09-13,1.75,231.015,16319.541,7.8
2012-09-14,1.88,231.015,16319.541,7.8
2012-09-15,1.88,231.015,16319.541,7.8
2012-09-16,1.88,231.015,16319.541,7.8
2012-09-17,1.85,231.015,16319.541,7.8
2012-09-18,1.82,231.015,16319.541,7.8
2012-09-19,1.79,231.015,16319.541,7.8
2012-09-20,1.8,231.015,16319.541,7.8
2012-09-21,1.77,231.015,16319.541,7.8
2012-09-22,1.77,231.015,16319.541,7.8
2012-09-23,1.77,231.015,16319.541,7.8
2012-09-24,1.74,231.015,16319.541,7.8
2012-09-25,1.7,231.015,16319.541,7.8
2012-09-26,1.64,231.015,16319.541,7.8
2012-09-27,1.66,231.015,16319.541,7.8
2012-09-28,1.65,231.015,16319.541,7.8
2012-09-29,1.65,231.015,16319.541,7.8
2012-09-30,1.65,231.015,16319.541,7.8
2012-10-01,1.64,231.638,16420.419,7.8
2012-10-02,1.64,231.638,16420.419,7.8
2012-10-03,1.64,231.638,16420.419,7.8
2012-10-04,1.7,231.638,16420.419,7.8
2012-10-05,1.75,231.638,16420.419,7.8
2012-10-06,1.75,231.638,16420.419,7.8
2012-10-07,1.75,231.638,16420.419,7.8
2012-10-08,1.75,231.638,16420.419,7.8
2012-10-09,1.74,231.638,16420.419,7.8
2012-10-10,1.72,231.638,16420.419,7.8
2012-10-11,1.7,231.638,16420.419,7.8
2012-10-12,1.69,231.638,16420.419,7.8
2012-10-13,1.69,231.638,16420.419,7.8
2012-10-14,1.69,231.638,16420.419,7.8
2012-10-15,1.7,231.638,16420.419,7.8
2012-10-16,1.75,231.638,16420.419,7.8
2012-10-17,1.83,231.638,16420.419,7.8
2012-10-18,1.86,231.638,16420.419,7.8
2012-10-19,1.79,231.638,16420.419,7.8
2012-10-20,1.79,231.638,16420.419,7.8
2012-10-21,1.79,231.638,16420.419,7.8
2012-10-22,1.83,231.638,16420.419,7.8
2012-10-23,1.79,231.638,16420.419,7.8
2012-10-24,1.8,231.638,16420.419,7.8
2012-10-25,1.86,231.638,16420.419,7.8
2012-10-26,1.78,231.638,16420.419,7.8
2012-10-27,1.78,231.638,16420.419,7.8
2012-10-28,1.78,231.638,16420.419,7.8
2012-10-29,1.74,231.638,16420.419,7.8
2012-10-30,1.74,231.638,16420.419,7.8
2012-10-31,1.72,231.638,16420.419,7.8
2012-11-01,1.75,231.249,16420.419,7.7
2012-11-02,1.75,231.249,16420.419,7.7
2012-11-03,1.75,231.249,16420.419,7.7
2012-11-04,1.75,231.249,16420.419,7.7
2012-11-05,1.72,231.249,16420.419,7.7
2012-11-06,1.78,231.249,16420.419,7.7
2012-11-07,1.68,231.249,16420.419,7.7
2012-11-08,1.62,231.249,16420.419,7.7
2012-11-09,1.61,231.249,16420.419,7.7
2012-11-10,1.61,231.249,16420.419,7.7
2012-11-11,1.61,231.249,16420.419,7.7
2012-11-12,1.61,231.249,16420.419,7.7
2012-11-13,1.59,231.249,16420.419,7.7
2012-11-14,1.59,231.249,16420.419,7.7
2012-11-15,1.58,231.249,16420.419,7.7
2012-11-16,1.58,231.249,16420.419,7.7
2012-11-17,1.58,231.249,16420.419,7.7
2012-11-18,1.58,231.249,16420.419,7.7
2012-11-19,1.61,231.249,16420.419,7.7
2012-11-20,1.66,231.249,16420.419,7.7
2012-11-21,1.69,231.249,16420.419,7.7
2012-11-22,1.69,231.249,16420.419,7.7
2012-11-23,1.7,231.249,16420.419,7.7
2012-11-24,1.7,231.249,16420.419,7.7
2012-11-25,1.7,231.249,16420.419,7.7
2012-11-26,1.66,231.249,16420.419,7.7
2012-11-27,1.64,231.249,16420.419,7.7
2012-11-28,1.63,231.249,16420.419,7.7
2012-11-29,1.62,231.249,16420.419,7.7
2012-11-30,1.62,231.249,16420.419,7.7
2012-12-01,1.62,231.221,16420.419,7.9
2012-12-02,1.62,231.221,16420.419,7.9
2012-12-03,1.63,231.221,16420.419,7.9
2012-12-04,1.62,231.221,16420.419,7.9
2012-12-05,1.6,231.221,16420.419,7.9
2012-12-06,1.59,231.221,16420.419,7.9
2012-12-07,1.64,231.221,16420.419,7.9
2012-12-08,1.64,231.221,16420.419,7.9
2012-12-09,1.64,231.221,16420.419,7.9
2012-12-10,1.63,231.221,16420.419,7.9
2012-12-11,1.66,231.221,16420.419,7.9
2012-12-12,1.72,231.221,16420.419,7.9
2012-12-13,1.74,231.221,16420.419,7.9
2012-12-14,1.72,231.221,16420.419,7.9
2012-12-15,1.72,231.221,16420.419,7.9
2012-12-16,1.72,231.221,16420.419,7.9
2012-12-17,1.78,231.221,16420.419,7.9
2012-12-18,1.84,231.221,16420.419,7.9
2012-12-19,1.82,231.221,16420.419,7.9
2012-12-20,1.81,231.221,16420.419,7.9
2012-12-21,1.77,231.221,16420.419,7.9
2012-12-22,1.77,231.221,16420.419,7.9
2012-12-23,1.77,231.221,16420.419,7.9
2012-12-24,1.79,231.221,16420.419,7.9
2012-12-25,1.79,231.221,16420.419,7.9
2012-12-26,1.77,231.221,16420.419,7.9
2012-12-27,1.74,231.221,16420.419,7.9
2012-12-28,1.73,231.221,16420.419,7.9
2012-12-29,1.73,231.221,16420.419,7.9
2012-12-30,1.73,231.221,16420.419,7.9
2012-12-31,1.78,231.221,16420.419,7.9
2013-01-01,1.78,231.679,16648.189,8.0
2013-01-02,1.86,231.679,16648.189,8.0
2013-01-03,1.92,231.679,16648.189,8.0
2013-01-04,1.93,231.679,16648.189,8.0
2013-01-05,1.93,231.679,16648.189,8.0
2013-01-06,1.93,231.679,16648.189,8.0
2013-01-07,1.92,231.679,16648.189,8.0
2013-01-08,1.89,231.679,16648.189,8.0
2013-01-09,1.88,231.679,16648.189,8.0
2013-01-10,1.91,231.679,16648.189,8.0
2013-01-11,1.89,231.679,16648.189,8.0
2013-01-12,1.89,231.679,16648.189,8.0
2013-01-13,1.89,231.679,16648.189,8.0
2013-01-14,1.89,231.679,16648.189,8.0
2013-01-15,1.86,231.679,16648.189,8.0
2013-01-16,1.84,231.679,16648.189,8.0
2013-01-17,1.89,231.679,16648.189,8.0
2013-01-18,1.87,231.679,16648.189,8.0
2013-01-19,1.87,231.679,16648.189,8.0
2013-01-20,1.87,231.679,16648.189,8.0
2013-01-21,1.87,231.679,16648.189,8.0
2013-01-22,1.86,231.679,16648.189,8.0
2013-01-23,1.86,231.679,16648.189,8.0
2013-01-24,1.88,231.679,16648.189,8.0
2013-01-25,1.98,231.679,16648.189,8.0
2013-01-26,1.98,231.679,16648.189,8.0
2013-01-27,1.98,231.679,16648.189,8.0
2013-01-28,2.0,231.679,16648.189,8.0
2013-01-29,2.03,231.679,16648.189,8.0
2013-01-30,2.03,231.679,16648.189,8.0
2013-01-31,2.02,231.679,16648.189,8.0
2013-02-01,2.04,232.937,16648.189,7.7
2013-02-02,2.04,232.937,16648.189,7.7
2013-02-03,2.04,232.937,16648.189,7.7
2013-02-04,2.0,232.937,16648.189,7.7
2013-02-05,2.04,232.937,16648.189,7.7
2013-02-06,2.0,232.937,16648.189,7.7
2013-02-07,1.99,232.937,16648.189,7.7
2013-02-08,1.99,232.937,16648.189,7.7
2013-02-09,1.99,232.937,16648.189,7.7
2013-02-10,1.99,232.937,16648.189,7.7
2013-02-11,1.99,232.937,16648.189,7.7
2013-02-12,2.02,232.937,16648.189,7.7
2013-02-13,2.05,232.937,16648.189,7.7
2013-02-14,2.0,232.937,16648.189,7.7
2013-02-15,2.01,232.937,16648.189,7.7
2013-02-16,2.01,232.937,16648.189,7.7
2013-02-17,2.01,232.937,16648.189,7.7
2013-02-18,2.01,232.937,16648.189,7.7
2013-02-19,2.03,232.937,16648.189,7.7
2013-02-20,2.02,232.937,16648.189,7.7
2013-02-21,1.99,232.937,16648.189,7.7
2013-02-22,1.97,232.937,16648.189,7.7
2013-02-23,1.97,232.937,16648.189,7.7
2013-02-24,1.97,232.937,16648.189,7.7
2013-02-25,1.88,232.937,16648.189,7.7
2013-02-26,1.88,232.937,16648.189,7.7
2013-02-27,1.91,232.937,16648.189,7.7
2013-02-28,1.89,232.937,16648.189,7.7
2013-03-01,1.86,232.282,16648.189,7.5
2013-03-02,1.86,232.282,16648.189,7.5
2013-03-03,1.86,232.282,16648.189,7.5
2013-03-04,1.88,232.282,16648.189,7.5
2013-03-05,1.9,232.282,16648.189,7.5
2013-03-06,1.95,232.282,16648.189,7.5
2013-03-07,2.0,232.282,16648.189,7.5
2013-03-08,2.06,232.282,16648.189,7.5
2013-03-09,2.06,232.282,16648.189,7.5
2013-03-10,2.06,232.282,16648.189,7.5
2013-03-11,2.07,232.282,16648.189,7.5
2013-03-12,2.03,232.282,16648.189,7.5
2013-03-13,2.04,232.282,16648.189,7.5
2013-03-14,2.04,232.282,16648.189,7.5
2013-03-15,2.01,232.282,16648.189,7.5
2013-03-16,2.01,232.282,16648.189,7.5
2013-03-17,2.01,232.282,16648.189,7.5
2013-03-18,1.96,232.282,16648.189,7.5
2013-03-19,1.92,232.282,16648.189,7.5
2013-03-20,1.96,232.282,16648.189,7.5
2013-03-21,1.95,232.282,16648.189,7.5
2013-03-22,1.93,232.282,16648.189,7.5
2013-03-23,1.93,232.282,16648.189,7.5
2013-03-24,1.93,232.282,16648.189,7.5
2013-03-25,1.93,232.282,16648.189,7.5
2013-03-26,1.92,232.282,16648.189,7.5
2013-03-27,1.87,232.282,16648.189,7.5
2013-03-28,1.87,232.282,16648.189,7.5
2013-03-29,1.87,232.282,16648.189,7.5
2013-03-30,1.87,232.282,16648.189,7.5
2013-03-31,1.87,232.282,16648.189,7.5
2013-04-01,1.86,231.797,16728.687,7.6
2013-04-02,1.88,231.797,16728.687,7.6
2013-04-03,1.83,231.797,16728.687,7.6
2013-04-04,1.78,231.797,16728.687,7.6
2013-04-05,1.72,231.797,16728.687,7.6
2013-04-06,1.72,231.797,16728.687,7.6
2013-04-07,1.72,231.797,16728.687,7.6
2013-04-08,1.76,231.797,16728.687,7.6
2013-04-09,1.78,231.797,16728.687,7.6
2013-04-10,1.84,231.797,16728.687,7.6
2013-04-11,1.82,231.797,16728.687,7.6
2013-04-12,1.75,231.797,16728.687,7.6
2013-04-13,1.75,231.797,16728.687,7.6
2013-04-14,1.75,231.797,16728.687,7.6
2013-04-15,1.72,231.797,16728.687,7.6
2013-04-16,1.75,231.797,16728.687,7.6
2013-04-17,1.73,231.797,16728.687,7.6
2013-04-18,1.72,231.797,16728.687,7.6
2013-04-19,1.73,231.797,16728.687,7.6
2013-04-20,1.73,231.797,16728.687,7.6
2013-04-21,1.73,231.797,16728.687,7.6
2013-04-22,1.72,231.797,16728.687,7.6
2013-04-23,1.74,231.797,16728.687,7.6
2013-04-24,1.73,231.797,16728.687,7.6
2013-04-25,1.74,231.797,16728.687,7.6
2013-04-26,1.7,231.797,16728.687,7.6
2013-04-27,1.7,231.797,16728.687,7.6
2013-04-28,1.7,231.797,16728.687,7.6
2013-04-29,1.7,231.797,16728.687,7.6
2013-04-30,1.7,231.797,16728.687,7.6
2013-05-01,1.66,231.893,16728.687,7.5
2013-05-02,1.66,231.893,16728.687,7.5
2013-05-03,1.78,231.893,16728.687,7.5
2013-05-04,1.78,231.893,16728.687,7.5
2013-05-05,1.78,231.893,16728.687,7.5
2013-05-06,1.8,231.893,16728.687,7.5
2013-05-07,1.82,231.893,16728.687,7.5
2013-05-08,1.81,231.893,16728.687,7.5
2013-05-09,1.81,231.893,16728.687,7.5
2013-05-10,1.9,231.893,16728.687,7.5
2013-05-11,1.9,231.893,16728.687,7.5
2013-05-12,1.9,231.893,16728.687,7.5
2013-05-13,1.92,231.893,16728.687,7.5
2013-05-14,1.96,231.893,16728.687,7.5
2013-05-15,1.94,231.893,16728.687,7.5
2013-05-16,1.87,231.893,16728.687,7.5
2013-05-17,1.95,231.893,16728.687,7.5
2013-05-18,1.95,231.893,16728.687,7.5
2013-05-19,1.95,231.893,16728.687,7.5
2013-05-20,1.97,231.893,16728.687,7.5
2013-05-21,1.94,231.893,16728.687,7.5
2013-05-22,2.03,231.893,16728.687,7.5
2013-05-23,2.02,231.893,16728.687,7.5
2013-05-24,2.01,231.893,16728.687,7.5
2013-05-25,2.01,231.893,16728.687,7.5
2013-05-26,2.01,231.893,16728.687,7.5
2013-05-27,2.01,231.893,16728.687,7.5
2013-05-28,2.15,231.893,16728.687,7.5
2013-05-29,2.13,231.893,16728.687,7.5
2013-05-30,2.13,231.893,16728.687,7.5
2013-05-31,2.16,231.893,16728.687,7.5
2013-06-01,2.16,232.445,16728.687,7.5
2013-06-02,2.16,232.445,16728.687,7.5
2013-06-03,2.13,232.445,16728.687,7.5
2013-06-04,2.14,232.445,16728.687,7.5
2013-06-05,2.1,232.445,16728.687,7.5
2013-06-06,2.08,232.445,16728.687,7.5
2013-06-07,2.17,232.445,16728.687,7.5
2013-06-08,2.17,232.445,16728.687,7.5
2013-06-09,2.17,232.445,16728.687,7.5
2013-06-10,2.22,232.445,16728.687,7.5
2013-06-11,2.2,232.445,16728.687,7.5
2013-06-12,2.25,232.445,16728.687,7.5
2013-06-13,2.19,232.445,16728.687,7.5
2013-06-14,2.14,232.445,16728.687,7.5
2013-06-15,2.14,232.445,16728.687,7.5
2013-06-16,2.14,232.445,16728.687,7.5
2013-06-17,2.19,232.445,16728.687,7.5
2013-06-18,2.2,232.445,16728.687,7.5
2013-06-19,2.33,232.445,16728.687,7.5
2013-06-20,2.41,232.445,16728.687,7.5
2013-06-21,2.52,232.445,16728.687,7.5
2013-06-22,2.52,232.445,16728.687,7.5
2013-06-23,2.52,232.445,16728.687,7.5
2013-06-24,2.57,232.445,16728.687,7.5
2013-06-25,2.6,232.445,16728.687,7.5
2013-06-26,2.55,232.445,16728.687,7.5
2013-06-27,2.49,232.445,16728.687,7.5
2013-06-28,2.52,232.445,16728.687,7.5
2013-06-29,2.52,232.445,16728.687,7.5
2013-06-30,2.52,232.445,16728.687,7.5
2013-07-01,2.5,232.9,16953.838,7.3
2013-07-02,2.48,232.9,16953.838,7.3
2013-07-03,2.52,232.9,16953.838,7.3
2013-07-04,2.52,232.9,16953.838,7.3
2013-07-05,2.73,232.9,16953.838,7.3
2013-07-06,2.73,232.9,16953.838,7.3
2013-07-07,2.73,232.9,16953.838,7.3
2013-07-08,2.65,232.9,16953.838,7.3
2013-07-09,2.65,232.9,16953.838,7.3
2013-07-10,2.7,232.9,16953.838,7.3
2013-07-11,2.6,232.9,16953.838,7.3
2013-07-12,2.61,232.9,16953.838,7.3
2013-07-13,2.61,232.9,16953.838,7.3
2013-07-14,2.61,232.9,16953.838,7.3
2013-07-15,2.57,232.9,16953.838,7.3
2013-07-16,2.55,232.9,16953.838,7.3
2013-07-17,2.52,232.9,16953.838,7.3
2013-07-18,2.56,232.9,16953.838,7.3
2013-07-19,2.5,232.9,16953.838,7.3
2013-07-20,2.5,232.9,16953.838,7.3
2013-07-21,2.5,232.9,16953.838,7.3
2013-07-22,2.5,232.9,16953.838,7.3
2013-07-23,2.53,232.9,16953.838,7.3
2013-07-24,2.61,232.9,16953.838,7.3
2013-07-25,2.61,232.9,16953.838,7.3
2013-07-26,2.58,232.9,16953.838,7.3
2013-07-27,2.58,232.9,16953.838,7.3
2013-07-28,2.58,232.9,16953.838,7.3
2013-07-29,2.61,232.9,16953.838,7.3
2013-07-30,2.63,232.9,16953.838,7.3
2013-07-31,2.6,232.9,16953.838,7.3
2013-08-01,2.74,233.456,16953.838,7.2
2013-08-02,2.63,233.456,16953.838,7.2
2013-08-03,2.63,233.456,16953.838,7.2
2013-08-04,2.63,233.456,16953.838,7.2
2013-08-05,2.67,233.456,16953.838,7.2
2013-08-06,2.67,233.456,16953.838,7.2
2013-08-07,2.61,233.456,16953.838,7.2
2013-08-08,2.58,233.456,16953.838,7.2
2013-08-09,2.57,233.456,16953.838,7.2
2013-08-10,2.57,233.456,16953.838,7.2
2013-08-11,2.57,233.456,16953.838,7.2
2013-08-12,2.61,233.456,16953.838,7.2
2013-08-13,2.71,233.456,16953.838,7.2
2013-08-14,2.71,233.456,16953.838,7.2
2013-08-15,2.77,233.456,16953.838,7.2
2013-08-16,2.84,233.456,16953.838,7.2
2013-08-17,2.84,233.456,16953.838,7.2
2013-08-18,2.84,233.456,16953.838,7.2
2013-08-19,2.88,233.456,16953.838,7.2
2013-08-20,2.82,233.456,16953.838,7.2
2013-08-21,2.87,233.456,16953.838,7.2
2013-08-22,2.9,233.456,16953.838,7.2
2013-08-23,2.82,233.456,16953.838,7.2
2013-08-24,2.82,233.456,16953.838,7.2
2013-08-25,2.82,233.456,16953.838,7.2
2013-08-26,2.79,233.456,16953.838,7.2
2013-08-27,2.72,233.456,16953.838,7.2
2013-08-28,2.78,233.456,16953.838,7.2
2013-08-29,2.75,233.456,16953.838,7.2
2013-08-30,2.78,233.456,16953.838,7.2
2013-08-31,2.78,233.456,16953.838,7.2
2013-09-01,2.78,233.544,16953.838,7.2
2013-09-02,2.78,233.544,16953.838,7.2
2013-09-03,2.86,233.544,16953.838,7.2
2013-09-04,2.9,233.544,16953.838,7.2
2013-09-05,2.98,233.544,16953.838,7.2
2013-09-06,2.94,233.544,16953.838,7.2
2013-09-07,2.94,233.544,16953.838,7.2
2013-09-08,2.94,233.544,16953.838,7.2
2013-09-09,2.9,233.544,16953.838,7.2
2013-09-10,2.96,233.544,16953.838,7.2
2013-09-11,2.93,233.544,16953.838,7.2
2013-09-12,2.92,233.544,16953.838,7.2
2013-09-13,2.9,233.544,16953.838,7.2
2013-09-14,2.9,233.544,16953.838,7.2
2013-09-15,2.9,233.544,16953.838,7.2
2013-09-16,2.88,233.544,16953.838,7.2
2013-09-17,2.86,233.544,16953.838,7.2
2013-09-18,2.69,233.544,16953.838,7.2
2013-09-19,2.76,233.544,16953.838,7.2
2013-09-20,2.75,233.544,16953.838,7.2
2013-09-21,2.75,233.544,16953.838,7.2
2013-09-22,2.75,233.544,16953.838,7.2
2013-09-23,2.72,233.544,16953.838,7.2
2013-09-24,2.67,233.544,16953.838,7.2
2013-09-25,2.63,233.544,16953.838,7.2
2013-09-26,2.66,233.544,16953.838,7.2
2013-09-27,2.64,233.544,16953.838,7.2
2013-09-28,2.64,233.544,16953.838,7.2
2013-09-29,2.64,233.544,16953.838,7.2
2013-09-30,2.64,233.544,16953.838,7.2
2013-10-01,2.66,233.669,17192.019,7.2
2013-10-02,2.63,233.669,17192.019,7.2
2013-10-03,2.62,233.669,17192.019,7.2
2013-10-04,2.66,233.669,17192.019,7.2
2013-10-05,2.66,233.669,17192.019,7.2
2013-10-06,2.66,233.669,17192.019,7.2
2013-10-07,2.65,233.669,17192.019,7.2
2013-10-08,2.66,233.669,17192.019,7.2
2013-10-09,2.68,233.669,17192.019,7.2
2013-10-10,2.71,233.669,17192.019,7.2
2013-10-11,2.7,233.669,17192.019,7.2
2013-10-12,2.7,233.669,17192.019,7.2
2013-10-13,2.7,233.669,17192.019,7.2
2013-10-14,2.7,233.669,17192.019,7.2
2013-10-15,2.75,233.669,17192.019,7.2
2013-10-16,2.69,233.669,17192.019,7.2
2013-10-17,2.61,233.669,17192.019,7.2
2013-10-18,2.6,233.669,17192.019,7.2
2013-10-19,2.6,233.669,17192.019,7.2
2013-10-20,2.6,233.669,17192.019,7.2
2013-10-21,2.63,233.669,17192.019,7.2
2013-10-22,2.54,233.669,17192.019,7.2
2013-10-23,2.51,233.669,17192.019,7.2
2013-10-24,2.53,233.669,17192.019,7.2
2013-10-25,2.53,233.669,17192.019,7.2
2013-10-26,2.53,233.669,17192.019,7.2
2013-10-27,2.53,233.669,17192.019,7.2
2013-10-28,2.54,233.669,17192.019,7.2
2013-10-29,2.53,233.669,17192.019,7.2
2013-10-30,2.55,233.669,17192.019,7.2
2013-10-31,2.57,233.669,17192.019,7.2
2013-11-01,2.65,234.1,17192.019,6.9
2013-11-02,2.65,234.1,17192.019,6.9
2013-11-03,2.65,234.1,17192.019,6.9
2013-11-04,2.63,234.1,17192.019,6.9
2013-11-05,2.69,234.1,17192.019,6.9
2013-11-06,2.67,234.1,17192.019,6.9
2013-11-07,2.63,234.1,17192.019,6.9
2013-11-08,2.77,234.1,17192.019,6.9
2013-11-09,2.77,234.1,17192.019,6.9
2013-11-10,2.77,234.1,17192.019,6.9
2013-11-11,2.77,234.1,17192.019,6.9
2013-11-12,2.8,234.1,17192.019,6.9
2013-11-13,2.75,234.1,17192.019,6.9
2013-11-14,2.69,234.1,17192.019,6.9
2013-11-15,2.71,234.1,17192.019,6.9
2013-11-16,2.71,234.1,17192.019,6.9
2013-11-17,2.71,234.1,17192.019,6.9
2013-11-18,2.67,234.1,17192.019,6.9
2013-11-19,2.71,234.1,17192.019,6.9
2013-11-20,2.8,234.1,17192.019,6.9
2013-11-21,2.79,234.1,17192.019,6.9
2013-11-22,2.75,234.1,17192.019,6.9
2013-11-23,2.75,234.1,17192.019,6.9
2013-11-24,2.75,234.1,17192.019,6.9
2013-11-25,2.74,234.1,17192.019,6.9
2013-11-26,2.71,234.1,17192.019,6.9
2013-11-27,2.74,234.1,17192.019,6.9
2013-11-28,2.74,234.1,17192.019,6.9
2013-11-29,2.75,234.1,17192.019,6.9
2013-11-30,2.75,234.1,17192.019,6.9
2013-12-01,2.75,234.719,17192.019,6.7
2013-12-02,2.81,234.719,17192.019,6.7
2013-12-03,2.79,234.719,17192.019,6.7
2013-12-04,2.84,234.719,17192.019,6.7
2013-12-05,2.88,234.719,17192.019,6.7
2013-12-06,2.88,234.719,17192.019,6.7
2013-12-07,2.88,234.719,17192.019,6.7
2013-12-08,2.88,234.719,17192.019,6.7
2013-12-09,2.86,234.719,17192.019,6.7
2013-12-10,2.81,234.719,17192.019,6.7
2013-12-11,2.86,234.719,17192.019,6.7
2013-12-12,2.89,234.719,17192.019,6.7
2013-12-13,2.88,234.719,17192.019,6.7
2013-12-14,2.88,234.719,17192.019,6.7
2013-12-15,2.88,234.719,17192.019,6.7
2013-12-16,2.89,234.719,17192.019,6.7
2013-12-17,2.85,234.719,17192.019,6.7
2013-12-18,2.89,234.719,17192.019,6.7
2013-12-19,2.94,234.719,17192.019,6.7
2013-12-20,2.89,234.719,17192.019,6.7
2013-12-21,2.89,234.719,17192.019,6.7
2013-12-22,2.89,234.719,17192.019,6.7
2013-12-23,2.94,234.719,17192.019,6.7
2013-12-24,2.99,234.719,17192.019,6.7
2013-12-25,2.99,234.719,17192.019,6.7
2013-12-26,3.0,234.719,17192.019,6.7
2013-12-27,3.02,234.719,17192.019,6.7
2013-12-28,3.02,234.719,17192.019,6.7
2013-12-29,3.02,234.719,17192.019,6.7
2013-12-30,2.99,234.719,17192.019,6.7
2013-12-31,3.04,234.719,17192.019,6.7
2014-01-01,3.04,235.288,17197.738,6.6
2014-01-02,3.0,235.288,17197.738,6.6
2014-01-03,3.01,235.288,17197.738,6.6
2014-01-04,3.01,235.288,17197.738,6.6
2014-01-05,3.01,235.288,17197.738,6.6
2014-01-06,2.98,235.288,17197.738,6.6
2014-01-07,2.96,235.288,17197.738,6.6
2014-01-08,3.01,235.288,17197.738,6.6
2014-01-09,2.97,235.288,17197.738,6.6
2014-01-10,2.88,235.288,17197.738,6.6
2014-01-11,2.88,235.288,17197.738,6.6
2014-01-12,2.88,235.288,17197.738,6.6
2014-01-13,2.84,235.288,17197.738,6.6
2014-01-14,2.88,235.288,17197.738,6.6
2014-01-15,2.9,235.288,17197.738,6.6
2014-01-16,2.86,235.288,17197.738,6.6
2014-01-17,2.84,235.288,17197.738,6.6
2014-01-18,2.84,235.288,17197.738,6.6
2014-01-19,2.84,235.288,17197.738,6.6
2014-01-20,2.84,235.288,17197.738,6.6
2014-01-21,2.85,235.288,17197.738,6.6
2014-01-22,2.87,235.288,17197.738,6.6
2014-01-23,2.79,235.288,17197.738,6.6
2014-01-24,2.75,235.288,17197.738,6.6
2014-01-25,2.75,235.288,17197.738,6.6
2014-01-26,2.75,235.288,17197.738,6.6
2014-01-27,2.78,235.288,17197.738,6.6
2014-01-28,2.77,235.288,17197.738,6.6
2014-01-29,2.69,235.288,17197.738,6.6
2014-01-30,2.72,235.288,17197.738,6.6
2014-01-31,2.67,235.288,17197.738,6.6
2014-02-01,2.67,235.547,17197.738,6.7
2014-02-02,2.67,235.547,17197.738,6.7
2014-02-03,2.61,235.547,17197.738,6.7
2014-02-04,2.64,235.547,17197.738,6.7
2014-02-05,2.7,235.547,17197.738,6.7
2014-02-06,2.73,235.547,17197.738,6.7
2014-02-07,2.71,235.547,17197.738,6.7
2014-02-08,2.71,235.547,17197.738,6.7
2014-02-09,2.71,235.547,17197.738,6.7
2014-02-10,2.7,235.547,17197.738,6.7
2014-02-11,2.75,235.547,17197.738,6.7
2014-02-12,2.8,235.547,17197.738,6.7
2014-02-13,2.73,235.547,17197.738,6.7
2014-02-14,2.75,235.547,17197.738,6.7
2014-02-15,2.75,235.547,17197.738,6.7
2014-02-16,2.75,235.547,17197.738,6.7
2014-02-17,2.75,235.547,17197.738,6.7
2014-02-18,2.71,235.547,17197.738,6.7
2014-02-19,2.73,235.547,17197.738,6.7
2014-02-20,2.76,235.547,17197.738,6.7
2014-02-21,2.73,235.547,17197.738,6.7
2014-02-22,2.73,235.547,17197.738,6.7
2014-02-23,2.73,235.547,17197.738,6.7
2014-02-24,2.75,235.547,17197.738,6.7
2014-02-25,2.7,235.547,17197.738,6.7
2014-02-26,2.67,235.547,17197.738,6.7
2014-02-27,2.65,235.547,17197.738,6.7
2014-02-28,2.66,235.547,17197.738,6.7
2014-03-01,2.66,236.028,17197.738,6.7
2014-03-02,2.66,236.028,17197.738,6.7
2014-03-03,2.6,236.028,17197.738,6.7
2014-03-04,2.7,236.028,17197.738,6.7
2014-03-05,2.7,236.028,17197.738,6.7
2014-03-06,2.74,236.028,17197.738,6.7
2014-03-07,2.8,236.028,17197.738,6.7
2014-03-08,2.8,236.028,17197.738,6.7
2014-03-09,2.8,236.028,17197.738,6.7
2014-03-10,2.79,236.028,17197.738,6.7
2014-03-11,2.77,236.028,17197.738,6.7
2014-03-12,2.73,236.028,17197.738,6.7
2014-03-13,2.66,236.028,17197.738,6.7
2014-03-14,2.65,236.028,17197.738,6.7
2014-03-15,2.65,236.028,17197.738,6.7
2014-03-16,2.65,236.028,17197.738,6.7
2014-03-17,2.7,236.028,17197.738,6.7
2014-03-18,2.68,236.028,17197.738,6.7
2014-03-19,2.78,236.028,17197.738,6.7
2014-03-20,2.79,236.028,17197.738,6.7
2014-03-21,2.75,236.028,17197.738,6.7
2014-03-22,2.75,236.028,17197.738,6.7
2014-03-23,2.75,236.028,17197.738,6.7
2014-03-24,2.74,236.028,17197.738,6.7
2014-03-25,2.75,236.028,17197.738,6.7
2014-03-26,2.71,236.028,17197.738,6.7
2014-03-27,2.69,236.028,17197.738,6.7
2014-03-28,2.73,236.028,17197.738,6.7
2014-03-29,2.73,236.028,17197.738,6.7
2014-03-30,2.73,236.028,17197.738,6.7
2014-03-31,2.73,236.028,17197.738,6.7
2014-04-01,2.77,236.468,17518.508,6.2
2014-04-02,2.82,236.468,17518.508,6.2
2014-04-03,2.8,236.468,17518.508,6.2
2014-04-04,2.74,236.468,17518.508,6.2
2014-04-05,2.74,236.468,17518.508,6.2
2014-04-06,2.74,236.468,17518.508,6.2
2014-04-07,2.71,236.468,17518.508,6.2
2014-04-08,2.69,236.468,17518.508,6.2
2014-04-09,2.71,236.468,17518.508,6.2
2014-04-10,2.65,236.468,17518.508,6.2
2014-04-11,2.63,236.468,17518.508,6.2
2014-04-12,2.63,236.468,17518.508,6.2
2014-04-13,2.63,236.468,17518.508,6.2
2014-04-14,2.65,236.468,17518.508,6.2
2014-04-15,2.64,236.468,17518.508,6.2
2014-04-16,2.65,236.468,17518.508,6.2
2014-04-17,2.73,236.468,17518.508,6.2
2014-04-18,2.73,236.468,17518.508,6.2
2014-04-19,2.73,236.468,17518.508,6.2
2014-04-20,2.73,236.468,17518.508,6.2
2014-04-21,2.73,236.468,17518.508,6.2
2014-04-22,2.73,236.468,17518.508,6.2
2014-04-23,2.7,236.468,17518.508,6.2
2014-04-24,2.7,236.468,17518.508,6.2
2014-04-25,2.68,236.468,17518.508,6.2
2014-04-26,2.68,236.468,17518.508,6.2
2014-04-27,2.68,236.468,17518.508,6.2
2014-04-28,2.7,236.468,17518.508,6.2
2014-04-29,2.71,236.468,17518.508,6.2
2014-04-30,2.67,236.468,17518.508,6.2
2014-05-01,2.63,236.918,17518.508,6.3
2014-05-02,2.6,236.918,17518.508,6.3
2014-05-03,2.6,236.918,17518.508,6.3
2014-05-04,2.6,236.918,17518.508,6.3
2014-05-05,2.63,236.918,17518.508,6.3
2014-05-06,2.61,236.918,17518.508,6.3
2014-05-07,2.62,236.918,17518.508,6.3
2014-05-08,2.61,236.918,17518.508,6.3
2014-05-09,2.62,236.918,17518.508,6.3
2014-05-10,2.62,236.918,17518.508,6.3
2014-05-11,2.62,236.918,17518.508,6.3
2014-05-12,2.66,236.918,17518.508,6.3
2014-05-13,2.61,236.918,17518.508,6.3
2014-05-14,2.54,236.918,17518.508,6.3
2014-05-15,2.5,236.918,17518.508,6.3
2014-05-16,2.52,236.918,17518.508,6.3
2014-05-17,2.52,236.918,17518.508,6.3
2014-05-18,2.52,236.918,17518.508,6.3
2014-05-19,2.54,236.918,17518.508,6.3
2014-05-20,2.52,236.918,17518.508,6.3
2014-05-21,2.54,236.918,17518.508,6.3
2014-05-22,2.56,236.918,17518.508,6.3
2014-05-23,2.54,236.918,17518.508,6.3
2014-05-24,2.54,236.918,17518.508,6.3
2014-05-25,2.54,236.918,17518.508,6.3
2014-05-26,2.54,236.918,17518.508,6.3
2014-05-27,2.52,236.918,17518.508,6.3
2014-05-28,2.44,236.918,17518.508,6.3
2014-05-29,2.45,236.918,17518.508,6.3
2014-05-30,2.48,236.918,17518.508,6.3
2014-05-31,2.48,236.918,17518.508,6.3
2014-06-01,2.48,237.231,17518.508,6.1
2014-06-02,2.54,237.231,17518.508,6.1
2014-06-03,2.6,237.231,17518.508,6.1
2014-06-04,2.61,237.231,17518.508,6.1
2014-06-05,2.59,237.231,17518.508,6.1
2014-06-06,2.6,237.231,17518.508,6.1
2014-06-07,2.6,237.231,17518.508,6.1
2014-06-08,2.6,237.231,17518.508,6.1
2014-06-09,2.62,237.231,17518.508,6.1
2014-06-10,2.64,237.231,17518.508,6.1
2014-06-11,2.65,237.231,17518.508,6.1
2014-06-12,2.58,237.231,17518.508,6.1
2014-06-13,2.6,237.231,17518.508,6.1
2014-06-14,2.6,237.231,17518.508,6.1
2014-06-15,2.6,237.231,17518.508,6.1
2014-06-16,2.61,237.231,17518.508,6.1
2014-06-17,2.66,237.231,17518.508,6.1
2014-06-18,2.61,237.231,17518.508,6.1
2014-06-19,2.64,237.231,17518.508,6.1
2014-06-20,2.63,237.231,17518.508,6.1
2014-06-21,2.63,237.231,17518.508,6.1
2014-06-22,2.63,237.231,17518.508,6.1
2014-06-23,2.63,237.231,17518.508,6.1
2014-06-24,2.59,237.231,17518.508,6.1
2014-06-25,2.57,237.231,17518.508,6.1
2014-06-26,2.53,237.231,17518.508,6.1
2014-06-27,2.54,237.231,17518.508,6.1
2014-06-28,2.54,237.231,17518.508,6.1
2014-06-29,2.54,237.231,17518.508,6.1
2014-06-30,2.53,237.231,17518.508,6.1
2014-07-01,2.58,237.498,17804.228,6.2
2014-07-02,2.64,237.498,17804.228,6.2
2014-07-03,2.65,237.498,17804.228,6.2
2014-07-04,2.65,237.498,17804.228,6.2
2014-07-05,2.65,237.498,17804.228,6.2
2014-07-06,2.65,237.498,17804.228,6.2
2014-07-07,2.63,237.498,17804.228,6.2
2014-07-08,2.58,237.498,17804.228,6.2
2014-07-09,2.57,237.498,17804.228,6.2
2014-07-10,2.55,237.498,17804.228,6.2
2014-07-11,2.53,237.498,17804.228,6.2
2014-07-12,2.53,237.498,17804.228,6.2
2014-07-13,2.53,237.498,17804.228,6.2
2014-07-14,2.55,237.498,17804.228,6.2
2014-07-15,2.56,237.498,17804.228,6.2
2014-07-16,2.55,237.498,17804.228,6.2
2014-07-17,2.47,237.498,17804.228,6.2
2014-07-18,2.5,237.498,17804.228,6.2
2014-07-19,2.5,237.498,17804.228,6.2
2014-07-20,2.5,237.498,17804.228,6.2
2014-07-21,2.49,237.498,17804.228,6.2
2014-07-22,2.48,237.498,17804.228,6.2
2014-07-23,2.48,237.498,17804.228,6.2
2014-07-24,2.52,237.498,17804.228,6.2
2014-07-25,2.48,237.498,17804.228,6.2
2014-07-26,2.48,237.498,17804.228,6.2
2014-07-27,2.48,237.498,17804.228,6.2
2014-07-28,2.5,237.498,17804.228,6.2
2014-07-29,2.47,237.498,17804.228,6.2
2014-07-30,2.57,237.498,17804.228,6.2
2014-07-31,2.58,237.498,17804.228,6.2
2014-08-01,2.52,237.46,17804.228,6.1
2014-08-02,2.52,237.46,17804.228,6.1
2014-08-03,2.52,237.46,17804.228,6.1
2014-08-04,2.51,237.46,17804.228,6.1
2014-08-05,2.49,237.46,17804.228,6.1
2014-08-06,2.49,237.46,17804.228,6.1
2014-08-07,2.43,237.46,17804.228,6.1
2014-08-08,2.44,237.46,17804.228,6.1
2014-08-09,2.44,237.46,17804.228,6.1
2014-08-10,2.44,237.46,17804.228,6.1
2014-08-11,2.44,237.46,17804.228,6.1
2014-08-12,2.46,237.46,17804.228,6.1
2014-08-13,2.43,237.46,17804.228,6.1
2014-08-14,2.4,237.46,17804.228,6.1
2014-08-15,2.34,237.46,17804.228,6.1
2014-08-16,2.34,237.46,17804.228,6.1
2014-08-17,2.34,237.46,17804.228,6.1
2014-08-18,2.39,237.46,17804.228,6.1
2014-08-19,2.4,237.46,17804.228,6.1
2014-08-20,2.43,237.46,17804.228,6.1
2014-08-21,2.41,237.46,17804.228,6.1
2014-08-22,2.4,237.46,17804.228,6.1
2014-08-23,2.4,237.46,17804.228,6.1
2014-08-24,2.4,237.46,17804.228,6.1
2014-08-25,2.39,237.46,17804.228,6.1
2014-08-26,2.39,237.46,17804.228,6.1
2014-08-27,2.37,237.46,17804.228,6.1
2014-08-28,2.34,237.46,17804.228,6.1
2014-08-29,2.35,237.46,17804.228,6.1
2014-08-30,2.35,237.46,17804.228,6.1
2014-08-31,2.35,237.46,17804.228,6.1
2014-09-01,2.35,237.477,17804.228,5.9
2014-09-02,2.42,237.477,17804.228,5.9
2014-09-03,2.41,237.477,17804.228,5.9
2014-09-04,2.45,237.477,17804.228,5.9
2014-09-05,2.46,237.477,17804.228,5.9
2014-09-06,2.46,237.477,17804.228,5.9
2014-09-07,2.46,237.477,17804.228,5.9
2014-09-08,2.48,237.477,17804.228,5.9
2014-09-09,2.5,237.477,17804.228,5.9
2014-09-10,2.54,237.477,17804.228,5.9
2014-09-11,2.54,237.477,17804.228,5.9
2014-09-12,2.62,237.477,17804.228,5.9
2014-09-13,2.62,237.477,17804.228,5.9
2014-09-14,2.62,237.477,17804.228,5.9
2014-09-15,2.6,237.477,17804.228,5.9
2014-09-16,2.6,237.477,17804.228,5.9
2014-09-17,2.62,237.477,17804.228,5.9
2014-09-18,2.63,237.477,17804.228,5.9
2014-09-19,2.59,237.477,17804.228,5.9
2014-09-20,2.59,237.477,17804.228,5.9
2014-09-21,2.59,237.477,17804.228,5.9
2014-09-22,2.57,237.477,17804.228,5.9
2014-09-23,2.54,237.477,17804.228,5.9
2014-09-24,2.57,237.477,17804.228,5.9
2014-09-25,2.52,237.477,17804.228,5.9
2014-09-26,2.54,237.477,17804.228,5.9
2014-09-27,2.54,237.477,17804.228,5.9
2014-09-28,2.54,237.477,17804.228,5.9
2014-09-29,2.5,237.477,17804.228,5.9
2014-09-30,2.52,237.477,17804.228,5.9
2014-10-01,2.42,237.43,17912.079,5.7
2014-10-02,2.44,237.43,17912.079,5.7
2014-10-03,2.45,237.43,17912.079,5.7
2014-10-04,2.45,237.43,17912.079,5.7
2014-10-05,2.45,237.43,17912.079,5.7
2014-10-06,2.43,237.43,17912.079,5.7
2014-10-07,2.36,237.43,17912.079,5.7
2014-10-08,2.35,237.43,17912.079,5.7
2014-10-09,2.34,237.43,17912.079,5.7
2014-10-10,2.31,237.43,17912.079,5.7
2014-10-11,2.31,237.43,17912.079,5.7
2014-10-12,2.31,237.43,17912.079,5.7
2014-10-13,2.31,237.43,17912.079,5.7
2014-10-14,2.21,237.43,17912.079,5.7
2014-10-15,2.15,237.43,17912.079,5.7
2014-10-16,2.17,237.43,17912.079,5.7
2014-10-17,2.22,237.43,17912.079,5.7
2014-10-18,2.22,237.43,17912.079,5.7
2014-10-19,2.22,237.43,17912.079,5.7
2014-10-20,2.2,237.43,17912.079,5.7
2014-10-21,2.23,237.43,17912.079,5.7
2014-10-22,2.25,237.43,17912.079,5.7
2014-10-23,2.29,237.43,17912.079,5.7
2014-10-24,2.29,237.43,17912.079,5.7
2014-10-25,2.29,237.43,17912.079,5.7
2014-10-26,2.29,237.43,17912.079,5.7
2014-10-27,2.27,237.43,17912.079,5.7
2014-10-28,2.3,237.43,17912.079,5.7
2014-10-29,2.34,237.43,17912.079,5.7
2014-10-30,2.32,237.43,17912.079,5.7
2014-10-31,2.35,237.43,17912.079,5.7
2014-11-01,2.35,236.983,17912.079,5.8
2014-11-02,2.35,236.983,17912.079,5.8
2014-11-03,2.36,236.983,17912.079,5.8
2014-11-04,2.35,236.983,17912.079,5.8
2014-11-05,2.36,236.983,17912.079,5.8
2014-11-06,2.39,236.983,17912.079,5.8
2014-11-07,2.32,236.983,17912.079,5.8
2014-11-08,2.32,236.983,17912.079,5.8
2014-11-09,2.32,236.983,17912.079,5.8
2014-11-10,2.38,236.983,17912.079,5.8
2014-11-11,2.38,236.983,17912.079,5.8
2014-11-12,2.37,236.983,17912.079,5.8
2014-11-13,2.35,236.983,17912.079,5.8
2014-11-14,2.32,236.983,17912.079,5.8
2014-11-15,2.32,236.983,17912.079,5.8
2014-11-16,2.32,236.983,17912.079,5.8
2014-11-17,2.34,236.983,17912.079,5.8
2014-11-18,2.32,236.983,17912.079,5.8
2014-11-19,2.36,236.983,17912.079,5.8
2014-11-20,2.34,236.983,17912.079,5.8
2014-11-21,2.31,236.983,17912.079,5.8
2014-11-22,2.31,236.983,17912.079,5.8
2014-11-23,2.31,236.983,17912.079,5.8
2014-11-24,2.3,236.983,17912.079,5.8
2014-11-25,2.27,236.983,17912.079,5.8
2014-11-26,2.24,236.983,17912.079,5.8
2014-11-27,2.24,236.983,17912.079,5.8
2014-11-28,2.18,236.983,17912.079,5.8
2014-11-29,2.18,236.983,17912.079,5.8
2014-11-30,2.18,236.983,17912.079,5.8
2014-12-01,2.22,236.252,17912.079,5.6
2014-12-02,2.28,236.252,17912.079,5.6
2014-12-03,2.29,236.252,17912.079,5.6
2014-12-04,2.25,236.252,17912.079,5.6
2014-12-05,2.31,236.252,17912.079,5.6
2014-12-06,2.31,236.252,17912.079,5.6
2014-12-07,2.31,236.252,17912.079,5.6
2014-12-08,2.26,236.252,17912.079,5.6
2014-12-09,2.22,236.252,17912.079,5.6
2014-12-10,2.18,236.252,17912.079,5.6
2014-12-11,2.19,236.252,17912.079,5.6
2014-12-12,2.1,236.252,17912.079,5.6
2014-12-13,2.1,236.252,17912.079,5.6
2014-12-14,2.1,236.252,17912.079,5.6
2014-12-15,2.12,236.252,17912.079,5.6
2014-12-16,2.07,236.252,17912.079,5.6
2014-12-17,2.14,236.252,17912.079,5.6
2014-12-18,2.22,236.252,17912.079,5.6
2014-12-19,2.17,236.252,17912.079,5.6
2014-12-20,2.17,236.252,17912.079,5.6
2014-12-21,2.17,236.252,17912.079,5.6
2014-12-22,2.17,236.252,17912.079,5.6
2014-12-23,2.26,236.252,17912.079,5.6
2014-12-24,2.27,236.252,17912.079,5.6
2014-12-25,2.27,236.252,17912.079,5.6
2014-12-26,2.25,236.252,17912.079,5.6
2014-12-27,2.25,236.252,17912.079,5.6
2014-12-28,2.25,236.252,17912.079,5.6
2014-12-29,2.22,236.252,17912.079,5.6
2014-12-30,2.2,236.252,17912.079,5.6
2014-12-31,2.17,236.252,17912.079,5.6
2015-01-01,2.17,234.747,18063.529,5.7
2015-01-02,2.12,234.747,18063.529,5.7
2015-01-03,2.12,234.747,18063.529,5.7
2015-01-04,2.12,234.747,18063.529,5.7
2015-01-05,2.04,234.747,18063.529,5.7
2015-01-06,1.97,234.747,18063.529,5.7
2015-01-07,1.96,234.747,18063.529,5.7
2015-01-08,2.03,234.747,18063.529,5.7
2015-01-09,1.98,234.747,18063.529,5.7
2015-01-10,1.98,234.747,18063.529,5.7
2015-01-11,1.98,234.747,18063.529,5.7
2015-01-12,1.92,234.747,18063.529,5.7
2015-01-13,1.91,234.747,18063.529,5.7
2015-01-14,1.86,234.747,18063.529,5.7
2015-01-15,1.77,234.747,18063.529,5.7
2015-01-16,1.83,234.747,18063.529,5.7
2015-01-17,1.83,234.747,18063.529,5.7
2015-01-18,1.83,234.747,18063.529,5.7
2015-01-19,1.83,234.747,18063.529,5.7
2015-01-20,1.82,234.747,18063.529,5.7
2015-01-21,1.87,234.747,18063.529,5.7
2015-01-22,1.9,234.747,18063.529,5.7
2015-01-23,1.81,234.747,18063.529,5.7
2015-01-24,1.81,234.747,18063.529,5.7
2015-01-25,1.81,234.747,18063.529,5.7
2015-01-26,1.83,234.747,18063.529,5.7
2015-01-27,1.83,234.747,18063.529,5.7
2015-01-28,1.73,234.747,18063.529,5.7
2015-01-29,1.77,234.747,18063.529,5.7
2015-01-30,1.68,234.747,18063.529,5.7
2015-01-31,1.68,234.747,18063.529,5.7
2015-02-01,1.68,235.342,18063.529,5.5
2015-02-02,1.68,235.342,18063.529,5.5
2015-02-03,1.79,235.342,18063.529,5.5
2015-02-04,1.81,235.342,18063.529,5.5
2015-02-05,1.83,235.342,18063.529,5.5
2015-02-06,1.95,235.342,18063.529,5.5
2015-02-07,1.95,235.342,18063.529,5.5
2015-02-08,1.95,235.342,18063.529,5.5
2015-02-09,1.96,235.342,18063.529,5.5
2015-02-10,2.01,235.342,18063.529,5.5
2015-02-11,2.0,235.342,18063.529,5.5
2015-02-12,1.99,235.342,18063.529,5.5
2015-02-13,2.02,235.342,18063.529,5.5
2015-02-14,2.02,235.342,18063.529,5.5
2015-02-15,2.02,235.342,18063.529,5.5
2015-02-16,2.02,235.342,18063.529,5.5
2015-02-17,2.14,235.342,18063.529,5.5
2015-02-18,2.07,235.342,18063.529,5.5
2015-02-19,2.11,235.342,18063.529,5.5
2015-02-20,2.13,235.342,18063.529,5.5
2015-02-21,2.13,235.342,18063.529,5.5
2015-02-22,2.13,235.342,18063.529,5.5
2015-02-23,2.06,235.342,18063.529,5.5
2015-02-24,1.99,235.342,18063.529,5.5
2015-02-25,1.96,235.342,18063.529,5.5
2015-02-26,2.03,235.342,18063.529,5.5
2015-02-27,2.0,235.342,18063.529,5.5
2015-02-28,2.0,235.342,18063.529,5.5
2015-03-01,2.0,235.976,18063.529,5.4
2015-03-02,2.08,235.976,18063.529,5.4
2015-03-03,2.12,235.976,18063.529,5.4
2015-03-04,2.12,235.976,18063.529,5.4
2015-03-05,2.11,235.976,18063.529,5.4
2015-03-06,2.24,235.976,18063.529,5.4
2015-03-07,2.24,235.976,18063.529,5.4
2015-03-08,2.24,235.976,18063.529,5.4
2015-03-09,2.2,235.976,18063.529,5.4
2015-03-10,2.14,235.976,18063.529,5.4
2015-03-11,2.11,235.976,18063.529,5.4
2015-03-12,2.1,235.976,18063.529,5.4
2015-03-13,2.13,235.976,18063.529,5.4
2015-03-14,2.13,235.976,18063.529,5.4
2015-03-15,2.13,235.976,18063.529,5.4
2015-03-16,2.1,235.976,18063.529,5.4
2015-03-17,2.06,235.976,18063.529,5.4
2015-03-18,1.93,235.976,18063.529,5.4
2015-03-19,1.98,235.976,18063.529,5.4
2015-03-20,1.93,235.976,18063.529,5.4
2015-03-21,1.93,235.976,18063.529,5.4
2015-03-22,1.93,235.976,18063.529,5.4
2015-03-23,1.92,235.976,18063.529,5.4
2015-03-24,1.88,235.976,18063.529,5.4
2015-03-25,1.93,235.976,18063.529,5.4
2015-03-26,2.01,235.976,18063.529,5.4
2015-03-27,1.95,235.976,18063.529,5.4
2015-03-28,1.95,235.976,18063.529,5.4
2015-03-29,1.95,235.976,18063.529,5.4
2015-03-30,1.96,235.976,18063.529,5.4
2015-03-31,1.94,235.976,18063.529,5.4
2015-04-01,1.87,236.222,18279.784,5.4
2015-04-02,1.92,236.222,18279.784,5.4
2015-04-03,1.85,236.222,18279.784,5.4
2015-04-04,1.85,236.222,18279.784,5.4
2015-04-05,1.85,236.222,18279.784,5.4
2015-04-06,1.92,236.222,18279.784,5.4
2015-04-07,1.89,236.222,18279.784,5.4
2015-04-08,1.92,236.222,18279.784,5.4
2015-04-09,1.97,236.222,18279.784,5.4
2015-04-10,1.96,236.222,18279.784,5.4
2015-04-11,1.96,236.222,18279.784,5.4
2015-04-12,1.96,236.222,18279.784,5.4
2015-04-13,1.94,236.222,18279.784,5.4
2015-04-14,1.9,236.222,18279.784,5.4
2015-04-15,1.91,236.222,18279.784,5.4
2015-04-16,1.9,236.222,18279.784,5.4
2015-04-17,1.87,236.222,18279.784,5.4
2015-04-18,1.87,236.222,18279.784,5.4
2015-04-19,1.87,236.222,18279.784,5.4
2015-04-20,1.9,236.222,18279.784,5.4
2015-04-21,1.92,236.222,18279.784,5.4
2015-04-22,1.99,236.222,18279.784,5.4
2015-04-23,1.96,236.222,18279.784,5.4
2015-04-24,1.93,236.222,18279.784,5.4
2015-04-25,1.93,236.222,18279.784,5.4
2015-04-26,1.93,236.222,18279.784,5.4
2015-04-27,1.94,236.222,18279.784,5.4
2015-04-28,2.0,236.222,18279.784,5.4
2015-04-29,2.06,236.222,18279.784,5.4
2015-04-30,2.05,236.222,18279.784,5.4
2015-05-01,2.12,237.001,18279.784,5.6
2015-05-02,2.12,237.001,18279.784,5.6
2015-05-03,2.12,237.001,18279.784,5.6
2015-05-04,2.16,237.001,18279.784,5.6
2015-05-05,2.19,237.001,18279.784,5.6
2015-05-06,2.25,237.001,18279.784,5.6
2015-05-07,2.18,237.001,18279.784,5.6
2015-05-08,2.16,237.001,18279.784,5.6
2015-05-09,2.16,237.001,18279.784,5.6
2015-05-10,2.16,237.001,18279.784,5.6
2015-05-11,2.28,237.001,18279.784,5.6
2015-05-12,2.28,237.001,18279.784,5.6
2015-05-13,2.27,237.001,18279.784,5.6
2015-05-14,2.23,237.001,18279.784,5.6
2015-05-15,2.14,237.001,18279.784,5.6
2015-05-16,2.14,237.001,18279.784,5.6
2015-05-17,2.14,237.001,18279.784,5.6
2015-05-18,2.23,237.001,18279.784,5.6
2015-05-19,2.27,237.001,18279.784,5.6
2015-05-20,2.26,237.001,18279.784,5.6
2015-05-21,2.19,237.001,18279.784,5.6
2015-05-22,2.21,237.001,18279.784,5.6
2015-05-23,2.21,237.001,18279.784,5.6
2015-05-24,2.21,237.001,18279.784,5.6
2015-05-25,2.21,237.001,18279.784,5.6
2015-05-26,2.14,237.001,18279.784,5.6
2015-05-27,2.14,237.001,18279.784,5.6
2015-05-28,2.13,237.001,18279.784,5.6
2015-05-29,2.12,237.001,18279.784,5.6
2015-05-30,2.12,237.001,18279.784,5.6
2015-05-31,2.12,237.001,18279.784,5.6
2015-06-01,2.19,237.657,18279.784,5.3
2015-06-02,2.27,237.657,18279.784,5.3
2015-06-03,2.38,237.657,18279.784,5.3
2015-06-04,2.31,237.657,18279.784,5.3
2015-06-05,2.41,237.657,18279.784,5.3
2015-06-06,2.41,237.657,18279.784,5.3
2015-06-07,2.41,237.657,18279.784,5.3
2015-06-08,2.39,237.657,18279.784,5.3
2015-06-09,2.42,237.657,18279.784,5.3
2015-06-10,2.5,237.657,18279.784,5.3
2015-06-11,2.39,237.657,18279.784,5.3
2015-06-12,2.39,237.657,18279.784,5.3
2015-06-13,2.39,237.657,18279.784,5.3
2015-06-14,2.39,237.657,18279.784,5.3
2015-06-15,2.36,237.657,18279.784,5.3
2015-06-16,2.32,237.657,18279.784,5.3
2015-06-17,2.32,237.657,18279.784,5.3
2015-06-18,2.35,237.657,18279.784,5.3
2015-06-19,2.26,237.657,18279.784,5.3
2015-06-20,2.26,237.657,18279.784,5.3
2015-06-21,2.26,237.657,18279.784,5.3
2015-06-22,2.37,237.657,18279.784,5.3
2015-06-23,2.42,237.657,18279.784,5.3
2015-06-24,2.38,237.657,18279.784,5.3
2015-06-25,2.4,237.657,18279.784,5.3
2015-06-26,2.49,237.657,18279.784,5.3
2015-06-27,2.49,237.657,18279.784,5.3
2015-06-28,2.49,237.657,18279.784,5.3
2015-06-29,2.33,237.657,18279.784,5.3
2015-06-30,2.35,237.657,18279.784,5.3
2015-07-01,2.43,238.034,18401.626,5.2
2015-07-02,2.4,238.034,18401.626,5.2
2015-07-03,2.4,238.034,18401.626,5.2
2015-07-04,2.4,238.034,18401.626,5.2
2015-07-05,2.4,238.034,18401.626,5.2
2015-07-06,2.3,238.034,18401.626,5.2
2015-07-07,2.27,238.034,18401.626,5.2
2015-07-08,2.22,238.034,18401.626,5.2
2015-07-09,2.32,238.034,18401.626,5.2
2015-07-10,2.42,238.034,18401.626,5.2
2015-07-11,2.42,238.034,18401.626,5.2
2015-07-12,2.42,238.034,18401.626,5.2
2015-07-13,2.44,238.034,18401.626,5.2
2015-07-14,2.41,238.034,18401.626,5.2
2015-07-15,2.36,238.034,18401.626,5.2
2015-07-16,2.36,238.034,18401.626,5.2
2015-07-17,2.34,238.034,18401.626,5.2
2015-07-18,2.34,238.034,18401.626,5.2
2015-07-19,2.34,238.034,18401.626,5.2
2015-07-20,2.38,238.034,18401.626,5.2
2015-07-21,2.35,238.034,18401.626,5.2
2015-07-22,2.33,238.034,18401.626,5.2
2015-07-23,2.28,238.034,18401.626,5.2
2015-07-24,2.27,238.034,18401.626,5.2
2015-07-25,2.27,238.034,18401.626,5.2
2015-07-26,2.27,238.034,18401.626,5.2
2015-07-27,2.23,238.034,18401.626,5.2
2015-07-28,2.26,238.034,18401.626,5.2
2015-07-29,2.29,238.034,18401.626,5.2
2015-07-30,2.28,238.034,18401.626,5.2
2015-07-31,2.2,238.034,18401.626,5.2
2015-08-01,2.2,238.033,18401.626,5.1
2015-08-02,2.2,238.033,18401.626,5.1
2015-08-03,2.16,238.033,18401.626,5.1
2015-08-04,2.23,238.033,18401.626,5.1
2015-08-05,2.28,238.033,18401.626,5.1
2015-08-06,2.23,238.033,18401.626,5.1
2015-08-07,2.18,238.033,18401.626,5.1
2015-08-08,2.18,238.033,18401.626,5.1
2015-08-09,2.18,238.033,18401.626,5.1
2015-08-10,2.24,238.033,18401.626,5.1
2015-08-11,2.15,238.033,18401.626,5.1
2015-08-12,2.14,238.033,18401.626,5.1
2015-08-13,2.19,238.033,18401.626,5.1
2015-08-14,2.2,238.033,18401.626,5.1
2015-08-15,2.2,238.033,18401.626,5.1
2015-08-16,2.2,238.033,18401.626,5.1
2015-08-17,2.16,238.033,18401.626,5.1
2015-08-18,2.2,238.033,18401.626,5.1
2015-08-19,2.12,238.033,18401.626,5.1
2015-08-20,2.09,238.033,18401.626,5.1
2015-08-21,2.05,238.033,18401.626,5.1
2015-08-22,2.05,238.033,18401.626,5.1
2015-08-23,2.05,238.033,18401.626,5.1
2015-08-24,2.01,238.033,18401.626,5.1
2015-08-25,2.12,238.033,18401.626,5.1
2015-08-26,2.18,238.033,18401.626,5.1
2015-08-27,2.18,238.033,18401.626,5.1
2015-08-28,2.19,238.033,18401.626,5.1
2015-08-29,2.19,238.033,18401.626,5.1
2015-08-30,2.19,238.033,18401.626,5.1
2015-08-31,2.21,238.033,18401.626,5.1
2015-09-01,2.17,237.498,18401.626,5.0
2015-09-02,2.2,237.498,18401.626,5.0
2015-09-03,2.18,237.498,18401.626,5.0
2015-09-04,2.13,237.498,18401.626,5.0
2015-09-05,2.13,237.498,18401.626,5.0
2015-09-06,2.13,237.498,18401.626,5.0
2015-09-07,2.13,237.498,18401.626,5.0
2015-09-08,2.2,237.498,18401.626,5.0
2015-09-09,2.21,237.498,18401.626,5.0
2015-09-10,2.23,237.498,18401.626,5.0
2015-09-11,2.2,237.498,18401.626,5.0
2015-09-12,2.2,237.498,18401.626,5.0
2015-09-13,2.2,237.498,18401.626,5.0
2015-09-14,2.18,237.498,18401.626,5.0
2015-09-15,2.28,237.498,18401.626,5.0
2015-09-16,2.3,237.498,18401.626,5.0
2015-09-17,2.21,237.498,18401.626,5.0
2015-09-18,2.13,237.498,18401.626,5.0
2015-09-19,2.13,237.498,18401.626,5.0
2015-09-20,2.13,237.498,18401.626,5.0
2015-09-21,2.2,237.498,18401.626,5.0
2015-09-22,2.14,237.498,18401.626,5.0
2015-09-23,2.16,237.498,18401.626,5.0
2015-09-24,2.13,237.498,18401.626,5.0
2015-09-25,2.17,237.498,18401.626,5.0
2015-09-26,2.17,237.498,18401.626,5.0
2015-09-27,2.17,237.498,18401.626,5.0
2015-09-28,2.1,237.498,18401.626,5.0
2015-09-29,2.05,237.498,18401.626,5.0
2015-09-30,2.06,237.498,18401.626,5.0
2015-10-01,2.05,237.733,18435.137,5.0
2015-10-02,1.99,237.733,18435.137,5.0
2015-10-03,1.99,237.733,18435.137,5.0
2015-10-04,1.99,237.733,18435.137,5.0
2015-10-05,2.07,237.733,18435.137,5.0
2015-10-06,2.05,237.733,18435.137,5.0
2015-10-07,2.08,237.733,18435.137,5.0
2015-10-08,2.12,237.733,18435.137,5.0
2015-10-09,2.12,237.733,18435.137,5.0
2015-10-10,2.12,237.733,18435.137,5.0
2015-10-11,2.12,237.733,18435.137,5.0
2015-10-12,2.12,237.733,18435.137,5.0
2015-10-13,2.06,237.733,18435.137,5.0
2015-10-14,1.99,237.733,18435.137,5.0
2015-10-15,2.04,237.733,18435.137,5.0
2015-10-16,2.04,237.733,18435.137,5.0
2015-10-17,2.04,237.733,18435.137,5.0
2015-10-18,2.04,237.733,18435.137,5.0
2015-10-19,2.04,237.733,18435.137,5.0
2015-10-20,2.08,237.733,18435.137,5.0
2015-10-21,2.04,237.733,18435.137,5.0
2015-10-22,2.04,237.733,18435.137,5.0
2015-10-23,2.09,237.733,18435.137,5.0
2015-10-24,2.09,237.733,18435.137,5.0
2015-10-25,2.09,237.733,18435.137,5.0
2015-10-26,2.07,237.733,18435.137,5.0
2015-10-27,2.05,237.733,18435.137,5.0
2015-10-28,2.1,237.733,18435.137,5.0
2015-10-29,2.19,237.733,18435.137,5.0
2015-10-30,2.16,237.733,18435.137,5.0
2015-10-31,2.16,237.733,18435.137,5.0
2015-11-01,2.16,238.017,18435.137,5.1
2015-11-02,2.2,238.017,18435.137,5.1
2015-11-03,2.23,238.017,18435.137,5.1
2015-11-04,2.25,238.017,18435.137,5.1
2015-11-05,2.26,238.017,18435.137,5.1
2015-11-06,2.34,238.017,18435.137,5.1
2015-11-07,2.34,238.017,18435.137,5.1
2015-11-08,2.34,238.017,18435.137,5.1
2015-11-09,2.36,238.017,18435.137,5.1
2015-11-10,2.32,238.017,18435.137,5.1
2015-11-11,2.32,238.017,18435.137,5.1
2015-11-12,2.32,238.017,18435.137,5.1
2015-11-13,2.28,238.017,18435.137,5.1
2015-11-14,2.28,238.017,18435.137,5.1
2015-11-15,2.28,238.017,18435.137,5.1
2015-11-16,2.27,238.017,18435.137,5.1
2015-11-17,2.25,238.017,18435.137,5.1
2015-11-18,2.27,238.017,18435.137,5.1
2015-11-19,2.24,238.017,18435.137,5.1
2015-11-20,2.26,238.017,18435.137,5.1
2015-11-21,2.26,238.017,18435.137,5.1
2015-11-22,2.26,238.017,18435.137,5.1
2015-11-23,2.25,238.017,18435.137,5.1
2015-11-24,2.24,238.017,18435.137,5.1
2015-11-25,2.23,238.017,18435.137,5.1
2015-11-26,2.23,238.017,18435.137,5.1
2015-11-27,2.22,238.017,18435.137,5.1
2015-11-28,2.22,238.017,18435.137,5.1
2015-11-29,2.22,238.017,18435.137,5.1
2015-11-30,2.21,238.017,18435.137,5.1
2015-12-01,2.15,237.761,18435.137,5.0
2015-12-02,2.18,237.761,18435.137,5.0
2015-12-03,2.33,237.761,18435.137,5.0
2015-12-04,2.28,237.761,18435.137,5.0
2015-12-05,2.28,237.761,18435.137,5.0
2015-12-06,2.28,237.761,18435.137,5.0
2015-12-07,2.23,237.761,18435.137,5.0
2015-12-08,2.24,237.761,18435.137,5.0
2015-12-09,2.22,237.761,18435.137,5.0
2015-12-10,2.24,237.761,18435.137,5.0
2015-12-11,2.13,237.761,18435.137,5.0
2015-12-12,2.13,237.761,18435.137,5.0
2015-12-13,2.13,237.761,18435.137,5.0
2015-12-14,2.23,237.761,18435.137,5.0
2015-12-15,2.28,237.761,18435.137,5.0
2015-12-16,2.3,237.761,18435.137,5.0
2015-12-17,2.24,237.761,18435.137,5.0
2015-12-18,2.19,237.761,18435.137,5.0
2015-12-19,2.19,237.761,18435.137,5.0
2015-12-20,2.19,237.761,18435.137,5.0
2015-12-21,2.2,237.761,18435.137,5.0
2015-12-22,2.24,237.761,18435.137,5.0
2015-12-23,2.27,237.761,18435.137,5.0
2015-12-24,2.25,237.761,18435.137,5.0
2015-12-25,2.25,237.761,18435.137,5.0
2015-12-26,2.25,237.761,18435.137,5.0
2015-12-27,2.25,237.761,18435.137,5.0
2015-12-28,2.24,237.761,18435.137,5.0
2015-12-29,2.32,237.761,18435.137,5.0
2015-12-30,2.31,237.761,18435.137,5.0
2015-12-31,2.27,237.761,18435.137,5.0
2016-01-01,2.27,237.652,18525.933,4.8
2016-01-02,2.27,237.652,18525.933,4.8
2016-01-03,2.27,237.652,18525.933,4.8
2016-01-04,2.24,237.652,18525.933,4.8
2016-01-05,2.25,237.652,18525.933,4.8
2016-01-06,2.18,237.652,18525.933,4.8
2016-01-07,2.16,237.652,18525.933,4.8
2016-01-08,2.13,237.652,18525.933,4.8
2016-01-09,2.13,237.652,18525.933,4.8
2016-01-10,2.13,237.652,18525.933,4.8
2016-01-11,2.17,237.652,18525.933,4.8
2016-01-12,2.12,237.652,18525.933,4.8
2016-01-13,2.08,237.652,18525.933,4.8
2016-01-14,2.1,237.652,18525.933,4.8
2016-01-15,2.03,237.652,18525.933,4.8
2016-01-16,2.03,237.652,18525.933,4.8
2016-01-17,2.03,237.652,18525.933,4.8
2016-01-18,2.03,237.652,18525.933,4.8
2016-01-19,2.06,237.652,18525.933,4.8
2016-01-20,2.01,237.652,18525.933,4.8
2016-01-21,2.02,237.652,18525.933,4.8
2016-01-22,2.07,237.652,18525.933,4.8
2016-01-23,2.07,237.652,18525.933,4.8
2016-01-24,2.07,237.652,18525.933,4.8
2016-01-25,2.03,237.652,18525.933,4.8
2016-01-26,2.01,237.652,18525.933,4.8
2016-01-27,2.02,237.652,18525.933,4.8
2016-01-28,2.0,237.652,18525.933,4.8
2016-01-29,1.94,237.652,18525.933,4.8
2016-01-30,1.94,237.652,18525.933,4.8
2016-01-31,1.94,237.652,18525.933,4.8
2016-02-01,1.97,237.336,18525.933,4.9
2016-02-02,1.87,237.336,18525.933,4.9
2016-02-03,1.88,237.336,18525.933,4.9
2016-02-04,1.87,237.336,18525.933,4.9
2016-02-05,1.86,237.336,18525.933,4.9
2016-02-06,1.86,237.336,18525.933,4.9
2016-02-07,1.86,237.336,18525.933,4.9
2016-02-08,1.75,237.336,18525.933,4.9
2016-02-09,1.74,237.336,18525.933,4.9
2016-02-10,1.71,237.336,18525.933,4.9
2016-02-11,1.63,237.336,18525.933,4.9
2016-02-12,1.74,237.336,18525.933,4.9
2016-02-13,1.74,237.336,18525.933,4.9
2016-02-14,1.74,237.336,18525.933,4.9
2016-02-15,1.74,237.336,18525.933,4.9
2016-02-16,1.78,237.336,18525.933,4.9
2016-02-17,1.81,237.336,18525.933,4.9
2016-02-18,1.75,237.336,18525.933,4.9
2016-02-19,1.76,237.336,18525.933,4.9
2016-02-20,1.76,237.336,18525.933,4.9
2016-02-21,1.76,237.336,18525.933,4.9
2016-02-22,1.77,237.336,18525.933,4.9
2016-02-23,1.74,237.336,18525.933,4.9
2016-02-24,1.75,237.336,18525.933,4.9
2016-02-25,1.71,237.336,18525.933,4.9
2016-02-26,1.76,237.336,18525.933,4.9
2016-02-27,1.76,237.336,18525.933,4.9
2016-02-28,1.76,237.336,18525.933,4.9
2016-02-29,1.74,237.336,18525.933,4.9
2016-03-01,1.83,238.08,18525.933,5.0
2016-03-02,1.84,238.08,18525.933,5.0
2016-03-03,1.83,238.08,18525.933,5.0
2016-03-04,1.88,238.08,18525.933,5.0
2016-03-05,1.88,238.08,18525.933,5.0
2016-03-06,1.88,238.08,18525.933,5.0
2016-03-07,1.91,238.08,18525.933,5.0
2016-03-08,1.83,238.08,18525.933,5.0
2016-03-09,1.9,238.08,18525.933,5.0
2016-03-10,1.93,238.08,18525.933,5.0
2016-03-11,1.98,238.08,18525.933,5.0
2016-03-12,1.98,238.08,18525.933,5.0
2016-03-13,1.98,238.08,18525.933,5.0
2016-03-14,1.97,238.08,18525.933,5.0
2016-03-15,1.97,238.08,18525.933,5.0
2016-03-16,1.94,238.08,18525.933,5.0
2016-03-17,1.91,238.08,18525.933,5.0
2016-03-18,1.88,238.08,18525.933,5.0
2016-03-19,1.88,238.08,18525.933,5.0
2016-03-20,1.88,238.08,18525.933,5.0
2016-03-21,1.92,238.08,18525.933,5.0
2016-03-22,1.94,238.08,18525.933,5.0
2016-03-23,1.88,238.08,18525.933,5.0
2016-03-24,1.91,238.08,18525.933,5.0
2016-03-25,1.91,238.08,18525.933,5.0
2016-03-26,1.91,238.08,18525.933,5.0
2016-03-27,1.91,238.08,18525.933,5.0
2016-03-28,1.89,238.08,18525.933,5.0
2016-03-29,1.81,238.08,18525.933,5.0
2016-03-30,1.83,238.08,18525.933,5.0
2016-03-31,1.78,238.08,18525.933,5.0
2016-04-01,1.79,238.992,18711.702,5.1
2016-04-02,1.79,238.992,18711.702,5.1
2016-04-03,1.79,238.992,18711.702,5.1
2016-04-04,1.78,238.992,18711.702,5.1
2016-04-05,1.73,238.992,18711.702,5.1
2016-04-06,1.76,238.992,18711.702,5.1
2016-04-07,1.7,238.992,18711.702,5.1
2016-04-08,1.72,238.992,18711.702,5.1
2016-04-09,1.72,238.992,18711.702,5.1
2016-04-10,1.72,238.992,18711.702,5.1
2016-04-11,1.73,238.992,18711.702,5.1
2016-04-12,1.79,238.992,18711.702,5.1
2016-04-13,1.77,238.992,18711.702,5.1
2016-04-14,1.8,238.992,18711.702,5.1
2016-04-15,1.76,238.992,18711.702,5.1
2016-04-16,1.76,238.992,18711.702,5.1
2016-04-17,1.76,238.992,18711.702,5.1
2016-04-18,1.78,238.992,18711.702,5.1
2016-04-19,1.79,238.992,18711.702,5.1
2016-04-20,1.85,238.992,18711.702,5.1
2016-04-21,1.88,238.992,18711.702,5.1
2016-04-22,1.89,238.992,18711.702,5.1
2016-04-23,1.89,238.992,18711.702,5.1
2016-04-24,1.89,238.992,18711.702,5.1
2016-04-25,1.91,238.992,18711.702,5.1
2016-04-26,1.94,238.992,18711.702,5.1
2016-04-27,1.87,238.992,18711.702,5.1
2016-04-28,1.84,238.992,18711.702,5.1
2016-04-29,1.83,238.992,18711.702,5.1
2016-04-30,1.83,238.992,18711.702,5.1
2016-05-01,1.83,239.557,18711.702,4.8
2016-05-02,1.88,239.557,18711.702,4.8
2016-05-03,1.81,239.557,18711.702,4.8
2016-05-04,1.79,239.557,18711.702,4.8
2016-05-05,1.76,239.557,18711.702,4.8
2016-05-06,1.79,239.557,18711.702,4.8
2016-05-07,1.79,239.557,18711.702,4.8
2016-05-08,1.79,239.557,18711.702,4.8
2016-05-09,1.77,239.557,18711.702,4.8
2016-05-10,1.77,239.557,18711.702,4.8
2016-05-11,1.73,239.557,18711.702,4.8
2016-05-12,1.75,239.557,18711.702,4.8
2016-05-13,1.71,239.557,18711.702,4.8
2016-05-14,1.71,239.557,18711.702,4.8
2016-05-15,1.71,239.557,18711.702,4.8
2016-05-16,1.75,239.557,18711.702,4.8
2016-05-17,1.76,239.557,18711.702,4.8
2016-05-18,1.87,239.557,18711.702,4.8
2016-05-19,1.85,239.557,18711.702,4.8
2016-05-20,1.85,239.557,18711.702,4.8
2016-05-21,1.85,239.557,18711.702,4.8
2016-05-22,1.85,239.557,18711.702,4.8
2016-05-23,1.84,239.557,18711.702,4.8
2016-05-24,1.86,239.557,18711.702,4.8
2016-05-25,1.87,239.557,18711.702,4.8
2016-05-26,1.83,239.557,18711.702,4.8
2016-05-27,1.85,239.557,18711.702,4.8
2016-05-28,1.85,239.557,18711.702,4.8
2016-05-29,1.85,239.557,18711.702,4.8
2016-05-30,1.85,239.557,18711.702,4.8
2016-05-31,1.84,239.557,18711.702,4.8
2016-06-01,1.85,240.222,18711.702,4.9
2016-06-02,1.81,240.222,18711.702,4.9
2016-06-03,1.71,240.222,18711.702,4.9
2016-06-04,1.71,240.222,18711.702,4.9
2016-06-05,1.71,240.222,18711.702,4.9
2016-06-06,1.73,240.222,18711.702,4.9
2016-06-07,1.72,240.222,18711.702,4.9
2016-06-08,1.71,240.222,18711.702,4.9
2016-06-09,1.68,240.222,18711.702,4.9
2016-06-10,1.64,240.222,18711.702,4.9
2016-06-11,1.64,240.222,18711.702,4.9
2016-06-12,1.64,240.222,18711.702,4.9
2016-06-13,1.62,240.222,18711.702,4.9
2016-06-14,1.62,240.222,18711.702,4.9
2016-06-15,1.6,240.222,18711.702,4.9
2016-06-16,1.57,240.222,18711.702,4.9
2016-06-17,1.62,240.222,18711.702,4.9
2016-06-18,1.62,240.222,18711.702,4.9
2016-06-19,1.62,240.222,18711.702,4.9
2016-06-20,1.67,240.222,18711.702,4.9
2016-06-21,1.71,240.222,18711.702,4.9
2016-06-22,1.69,240.222,18711.702,4.9
2016-06-23,1.74,240.222,18711.702,4.9
2016-06-24,1.57,240.222,18711.702,4.9
2016-06-25,1.57,240.222,18711.702,4.9
2016-06-26,1.57,240.222,18711.702,4.9
2016-06-27,1.46,240.222,18711.702,4.9
2016-06-28,1.46,240.222,18711.702,4.9
2016-06-29,1.5,240.222,18711.702,4.9
2016-06-30,1.49,240.222,18711.702,4.9
2016-07-01,1.46,240.101,18892.639,4.8
2016-07-02,1.46,240.101,18892.639,4.8
2016-07-03,1.46,240.101,18892.639,4.8
2016-07-04,1.46,240.101,18892.639,4.8
2016-07-05,1.37,240.101,18892.639,4.8
2016-07-06,1.38,240.101,18892.639,4.8
2016-07-07,1.4,240.101,18892.639,4.8
2016-07-08,1.37,240.101,18892.639,4.8
2016-07-09,1.37,240.101,18892.639,4.8
2016-07-10,1.37,240.101,18892.639,4.8
2016-07-11,1.43,240.101,18892.639,4.8
2016-07-12,1.53,240.101,18892.639,4.8
2016-07-13,1.48,240.101,18892.639,4.8
2016-07-14,1.53,240.101,18892.639,4.8
2016-07-15,1.6,240.101,18892.639,4.8
2016-07-16,1.6,240.101,18892.639,4.8
2016-07-17,1.6,240.101,18892.639,4.8
2016-07-18,1.59,240.101,18892.639,4.8
2016-07-19,1.56,240.101,18892.639,4.8
2016-07-20,1.59,240.101,18892.639,4.8
2016-07-21,1.57,240.101,18892.639,4.8
2016-07-22,1.57,240.101,18892.639,4.8
2016-07-23,1.57,240.101,18892.639,4.8
2016-07-24,1.57,240.101,18892.639,4.8
2016-07-25,1.58,240.101,18892.639,4.8
2016-07-26,1.57,240.101,18892.639,4.8
2016-07-27,1.52,240.101,18892.639,4.8
2016-07-28,1.52,240.101,18892.639,4.8
2016-07-29,1.46,240.101,18892.639,4.8
2016-07-30,1.46,240.101,18892.639,4.8
2016-07-31,1.46,240.101,18892.639,4.8
2016-08-01,1.51,240.545,18892.639,4.9
2016-08-02,1.55,240.545,18892.639,4.9
2016-08-03,1.55,240.545,18892.639,4.9
2016-08-04,1.51,240.545,18892.639,4.9
2016-08-05,1.59,240.545,18892.639,4.9
2016-08-06,1.59,240.545,18892.639,4.9
2016-08-07,1.59,240.545,18892.639,4.9
2016-08-08,1.59,240.545,18892.639,4.9
2016-08-09,1.55,240.545,18892.639,4.9
2016-08-10,1.5,240.545,18892.639,4.9
2016-08-11,1.57,240.545,18892.639,4.9
2016-08-12,1.51,240.545,18892.639,4.9
2016-08-13,1.51,240.545,18892.639,4.9
2016-08-14,1.51,240.545,18892.639,4.9
2016-08-15,1.55,240.545,18892.639,4.9
2016-08-16,1.57,240.545,18892.639,4.9
2016-08-17,1.56,240.545,18892.639,4.9
2016-08-18,1.53,240.545,18892.639,4.9
2016-08-19,1.58,240.545,18892.639,4.9
2016-08-20,1.58,240.545,18892.639,4.9
2016-08-21,1.58,240.545,18892.639,4.9
2016-08-22,1.55,240.545,18892.639,4.9
2016-08-23,1.55,240.545,18892.639,4.9
2016-08-24,1.56,240.545,18892.639,4.9
2016-08-25,1.58,240.545,18892.639,4.9
2016-08-26,1.62,240.545,18892.639,4.9
2016-08-27,1.62,240.545,18892.639,4.9
2016-08-28,1.62,240.545,18892.639,4.9
2016-08-29,1.57,240.545,18892.639,4.9
2016-08-30,1.57,240.545,18892.639,4.9
2016-08-31,1.58,240.545,18892.639,4.9
2016-09-01,1.57,241.176,18892.639,5.0
2016-09-02,1.6,241.176,18892.639,5.0
2016-09-03,1.6,241.176,18892.639,5.0
2016-09-04,1.6,241.176,18892.639,5.0
2016-09-05,1.6,241.176,18892.639,5.0
2016-09-06,1.55,241.176,18892.639,5.0
2016-09-07,1.54,241.176,18892.639,5.0
2016-09-08,1.61,241.176,18892.639,5.0
2016-09-09,1.67,241.176,18892.639,5.0
2016-09-10,1.67,241.176,18892.639,5.0
2016-09-11,1.67,241.176,18892.639,5.0
2016-09-12,1.68,241.176,18892.639,5.0
2016-09-13,1.73,241.176,18892.639,5.0
2016-09-14,1.7,241.176,18892.639,5.0
2016-09-15,1.71,241.176,18892.639,5.0
2016-09-16,1.7,241.176,18892.639,5.0
2016-09-17,1.7,241.176,18892.639,5.0
2016-09-18,1.7,241.176,18892.639,5.0
2016-09-19,1.7,241.176,18892.639,5.0
2016-09-20,1.69,241.176,18892.639,5.0
2016-09-21,1.66,241.176,18892.639,5.0
2016-09-22,1.63,241.176,18892.639,5.0
2016-09-23,1.62,241.176,18892.639,5.0
2016-09-24,1.62,241.176,18892.639,5.0
2016-09-25,1.62,241.176,18892.639,5.0
2016-09-26,1.59,241.176,18892.639,5.0
2016-09-27,1.56,241.176,18892.639,5.0
2016-09-28,1.57,241.176,18892.639,5.0
2016-09-29,1.56,241.176,18892.639,5.0
2016-09-30,1.6,241.176,18892.639,5.0
2016-10-01,1.6,241.741,19089.379,4.9
2016-10-02,1.6,241.741,19089.379,4.9
2016-10-03,1.63,241.741,19089.379,4.9
2016-10-04,1.69,241.741,19089.379,4.9
2016-10-05,1.72,241.741,19089.379,4.9
2016-10-06,1.75,241.741,19089.379,4.9
2016-10-07,1.73,241.741,19089.379,4.9
2016-10-08,1.73,241.741,19089.379,4.9
2016-10-09,1.73,241.741,19089.379,4.9
2016-10-10,1.73,241.741,19089.379,4.9
2016-10-11,1.77,241.741,19089.379,4.9
2016-10-12,1.79,241.741,19089.379,4.9
2016-10-13,1.75,241.741,19089.379,4.9
2016-10-14,1.8,241.741,19089.379,4.9
2016-10-15,1.8,241.741,19089.379,4.9
2016-10-16,1.8,241.741,19089.379,4.9
2016-10-17,1.77,241.741,19089.379,4.9
2016-10-18,1.75,241.741,19089.379,4.9
2016-10-19,1.76,241.741,19089.379,4.9
2016-10-20,1.76,241.741,19089.379,4.9
2016-10-21,1.74,241.741,19089.379,4.9
2016-10-22,1.74,241.741,19089.379,4.9
2016-10-23,1.74,241.741,19089.379,4.9
2016-10-24,1.77,241.741,19089.379,4.9
2016-10-25,1.77,241.741,19089.379,4.9
2016-10-26,1.79,241.741,19089.379,4.9
2016-10-27,1.85,241.741,19089.379,4.9
2016-10-28,1.86,241.741,19089.379,4.9
2016-10-29,1.86,241.741,19089.379,4.9
2016-10-30,1.86,241.741,19089.379,4.9
2016-10-31,1.84,241.741,19089.379,4.9
2016-11-01,1.83,242.026,19089.379,4.7
2016-11-02,1.81,242.026,19089.379,4.7
2016-11-03,1.82,242.026,19089.379,4.7
2016-11-04,1.79,242.026,19089.379,4.7
2016-11-05,1.79,242.026,19089.379,4.7
2016-11-06,1.79,242.026,19089.379,4.7
2016-11-07,1.83,242.026,19089.379,4.7
2016-11-08,1.88,242.026,19089.379,4.7
2016-11-09,2.07,242.026,19089.379,4.7
2016-11-10,2.15,242.026,19089.379,4.7
2016-11-11,2.15,242.026,19089.379,4.7
2016-11-12,2.15,242.026,19089.379,4.7
2016-11-13,2.15,242.026,19089.379,4.7
2016-11-14,2.23,242.026,19089.379,4.7
2016-11-15,2.23,242.026,19089.379,4.7
2016-11-16,2.22,242.026,19089.379,4.7
2016-11-17,2.29,242.026,19089.379,4.7
2016-11-18,2.34,242.026,19089.379,4.7
2016-11-19,2.34,242.026,19089.379,4.7
2016-11-20,2.34,242.026,19089.379,4.7
2016-11-21,2.33,242.026,19089.379,4.7
2016-11-22,2.31,242.026,19089.379,4.7
2016-11-23,2.36,242.026,19089.379,4.7
2016-11-24,2.36,242.026,19089.379,4.7
2016-11-25,2.36,242.026,19089.379,4.7
2016-11-26,2.36,242.026,19089.379,4.7
2016-11-27,2.36,242.026,19089.379,4.7
2016-11-28,2.32,242.026,19089.379,4.7
2016-11-29,2.3,242.026,19089.379,4.7
2016-11-30,2.37,242.026,19089.379,4.7
2016-12-01,2.45,242.637,19089.379,4.7
2016-12-02,2.4,242.637,19089.379,4.7
2016-12-03,2.4,242.637,19089.379,4.7
2016-12-04,2.4,242.637,19089.379,4.7
2016-12-05,2.39,242.637,19089.379,4.7
2016-12-06,2.39,242.637,19089.379,4.7
2016-12-07,2.34,242.637,19089.379,4.7
2016-12-08,2.4,242.637,19089.379,4.7
2016-12-09,2.47,242.637,19089.379,4.7
2016-12-10,2.47,242.637,19089.379,4.7
2016-12-11,2.47,242.637,19089.379,4.7
2016-12-12,2.49,242.637,19089.379,4.7
2016-12-13,2.48,242.637,19089.379,4.7
2016-12-14,2.54,242.637,19089.379,4.7
2016-12-15,2.6,242.637,19089.379,4.7
2016-12-16,2.6,242.637,19089.379,4.7
2016-12-17,2.6,242.637,19089.379,4.7
2016-12-18,2.6,242.637,19089.379,4.7
2016-12-19,2.54,242.637,19089.379,4.7
2016-12-20,2.57,242.637,19089.379,4.7
2016-12-21,2.55,242.637,19089.379,4.7
2016-12-22,2.55,242.637,19089.379,4.7
2016-12-23,2.55,242.637,19089.379,4.7
2016-12-24,2.55,242.637,19089.379,4.7
2016-12-25,2.55,242.637,19089.379,4.7
2016-12-26,2.55,242.637,19089.379,4.7
2016-12-27,2.57,242.637,19089.379,4.7
2016-12-28,2.51,242.637,19089.379,4.7
2016-12-29,2.49,242.637,19089.379,4.7
2016-12-30,2.45,242.637,19089.379,4.7
2016-12-31,2.45,242.637,19089.379,4.7
2017-01-01,2.45,243.618,19280.084,4.7
2017-01-02,2.45,243.618,19280.084,4.7
2017-01-03,2.45,243.618,19280.084,4.7
2017-01-04,2.46,243.618,19280.084,4.7
2017-01-05,2.37,243.618,19280.084,4.7
2017-01-06,2.42,243.618,19280.084,4.7
2017-01-07,2.42,243.618,19280.084,4.7
2017-01-08,2.42,243.618,19280.084,4.7
2017-01-09,2.38,243.618,19280.084,4.7
2017-01-10,2.38,243.618,19280.084,4.7
2017-01-11,2.38,243.618,19280.084,4.7
2017-01-12,2.36,243.618,19280.084,4.7
2017-01-13,2.4,243.618,19280.084,4.7
2017-01-14,2.4,243.618,19280.084,4.7
2017-01-15,2.4,243.618,19280.084,4.7
2017-01-16,2.4,243.618,19280.084,4.7
2017-01-17,2.33,243.618,19280.084,4.7
2017-01-18,2.42,243.618,19280.084,4.7
2017-01-19,2.47,243.618,19280.084,4.7
2017-01-20,2.48,243.618,19280.084,4.7
2017-01-21,2.48,243.618,19280.084,4.7
2017-01-22,2.48,243.618,19280.084,4.7
2017-01-23,2.41,243.618,19280.084,4.7
2017-01-24,2.47,243.618,19280.084,4.7
2017-01-25,2.53,243.618,19280.084,4.7
2017-01-26,2.51,243.618,19280.084,4.7
2017-01-27,2.49,243.618,19280.084,4.7
2017-01-28,2.49,243.618,19280.084,4.7
2017-01-29,2.49,243.618,19280.084,4.7
2017-01-30,2.49,243.618,19280.084,4.7
2017-01-31,2.45,243.618,19280.084,4.7
2017-02-01,2.48,244.006,19280.084,4.6
2017-02-02,2.48,244.006,19280.084,4.6
2017-02-03,2.49,244.006,19280.084,4.6
2017-02-04,2.49,244.006,19280.084,4.6
2017-02-05,2.49,244.006,19280.084,4.6
2017-02-06,2.42,244.006,19280.084,4.6
2017-02-07,2.4,244.006,19280.084,4.6
2017-02-08,2.34,244.006,19280.084,4.6
2017-02-09,2.4,244.006,19280.084,4.6
2017-02-10,2.41,244.006,19280.084,4.6
2017-02-11,2.41,244.006,19280.084,4.6
2017-02-12,2.41,244.006,19280.084,4.6
2017-02-13,2.43,244.006,19280.084,4.6
2017-02-14,2.47,244.006,19280.084,4.6
2017-02-15,2.51,244.006,19280.084,4.6
2017-02-16,2.45,244.006,19280.084,4.6
2017-02-17,2.42,244.006,19280.084,4.6
2017-02-18,2.42,244.006,19280.084,4.6
2017-02-19,2.42,244.006,19280.084,4.6
2017-02-20,2.42,244.006,19280.084,4.6
2017-02-21,2.43,244.006,19280.084,4.6
2017-02-22,2.42,244.006,19280.084,4.6
2017-02-23,2.38,244.006,19280.084,4.6
2017-02-24,2.31,244.006,19280.084,4.6
2017-02-25,2.31,244.006,19280.084,4.6
2017-02-26,2.31,244.006,19280.084,4.6
2017-02-27,2.36,244.006,19280.084,4.6
2017-02-28,2.36,244.006,19280.084,4.6
2017-03-01,2.46,243.892,19280.084,4.4
2017-03-02,2.49,243.892,19280.084,4.4
2017-03-03,2.49,243.892,19280.084,4.4
2017-03-04,2.49,243.892,19280.084,4.4
2017-03-05,2.49,243.892,19280.084,4.4
2017-03-06,2.49,243.892,19280.084,4.4
2017-03-07,2.52,243.892,19280.084,4.4
2017-03-08,2.57,243.892,19280.084,4.4
2017-03-09,2.6,243.892,19280.084,4.4
2017-03-10,2.58,243.892,19280.084,4.4
2017-03-11,2.58,243.892,19280.084,4.4
2017-03-12,2.58,243.892,19280.084,4.4
2017-03-13,2.62,243.892,19280.084,4.4
2017-03-14,2.6,243.892,19280.084,4.4
2017-03-15,2.51,243.892,19280.084,4.4
2017-03-16,2.53,243.892,19280.084,4.4
2017-03-17,2.5,243.892,19280.084,4.4
2017-03-18,2.5,243.892,19280.084,4.4
2017-03-19,2.5,243.892,19280.084,4.4
2017-03-20,2.47,243.892,19280.084,4.4
2017-03-21,2.43,243.892,19280.084,4.4
2017-03-22,2.4,243.892,19280.084,4.4
2017-03-23,2.41,243.892,19280.084,4.4
2017-03-24,2.4,243.892,19280.084,4.4
2017-03-25,2.4,243.892,19280.084,4.4
2017-03-26,2.4,243.892,19280.084,4.4
2017-03-27,2.38,243.892,19280.084,4.4
2017-03-28,2.42,243.892,19280.084,4.4
2017-03-29,2.39,243.892,19280.084,4.4
2017-03-30,2.42,243.892,19280.084,4.4
2017-03-31,2.4,243.892,19280.084,4.4
2017-04-01,2.4,244.193,19438.643,4.4
2017-04-02,2.4,244.193,19438.643,4.4
2017-04-03,2.35,244.193,19438.643,4.4
2017-04-04,2.36,244.193,19438.643,4.4
2017-04-05,2.34,244.193,19438.643,4.4
2017-04-06,2.34,244.193,19438.643,4.4
2017-04-07,2.38,244.193,19438.643,4.4
2017-04-08,2.38,244.193,19438.643,4.4
2017-04-09,2.38,244.193,19438.643,4.4
2017-04-10,2.37,244.193,19438.643,4.4
2017-04-11,2.32,244.193,19438.643,4.4
2017-04-12,2.28,244.193,19438.643,4.4
2017-04-13,2.24,244.193,19438.643,4.4
2017-04-14,2.24,244.193,19438.643,4.4
2017-04-15,2.24,244.193,19438.643,4.4
2017-04-16,2.24,244.193,19438.643,4.4
2017-04-17,2.26,244.193,19438.643,4.4
2017-04-18,2.18,244.193,19438.643,4.4
2017-04-19,2.21,244.193,19438.643,4.4
2017-04-20,2.24,244.193,19438.643,4.4
2017-04-21,2.24,244.193,19438.643,4.4
2017-04-22,2.24,244.193,19438.643,4.4
2017-04-23,2.24,244.193,19438.643,4.4
2017-04-24,2.28,244.193,19438.643,4.4
2017-04-25,2.35,244.193,19438.643,4.4
2017-04-26,2.32,244.193,19438.643,4.4
2017-04-27,2.3,244.193,19438.643,4.4
2017-04-28,2.29,244.193,19438.643,4.4
2017-04-29,2.29,244.193,19438.643,4.4
2017-04-30,2.29,244.193,19438.643,4.4
2017-05-01,2.33,244.004,19438.643,4.4
2017-05-02,2.29,244.004,19438.643,4.4
2017-05-03,2.33,244.004,19438.643,4.4
2017-05-04,2.36,244.004,19438.643,4.4
2017-05-05,2.36,244.004,19438.643,4.4
2017-05-06,2.36,244.004,19438.643,4.4
2017-05-07,2.36,244.004,19438.643,4.4
2017-05-08,2.39,244.004,19438.643,4.4
2017-05-09,2.42,244.004,19438.643,4.4
2017-05-10,2.41,244.004,19438.643,4.4
2017-05-11,2.39,244.004,19438.643,4.4
2017-05-12,2.33,244.004,19438.643,4.4
2017-05-13,2.33,244.004,19438.643,4.4
2017-05-14,2.33,244.004,19438.643,4.4
2017-05-15,2.34,244.004,19438.643,4.4
2017-05-16,2.33,244.004,19438.643,4.4
2017-05-17,2.22,244.004,19438.643,4.4
2017-05-18,2.23,244.004,19438.643,4.4
2017-05-19,2.23,244.004,19438.643,4.4
2017-05-20,2.23,244.004,19438.643,4.4
2017-05-21,2.23,244.004,19438.643,4.4
2017-05-22,2.25,244.004,19438.643,4.4
2017-05-23,2.29,244.004,19438.643,4.4
2017-05-24,2.26,244.004,19438.643,4.4
2017-05-25,2.25,244.004,19438.643,4.4
2017-05-26,2.25,244.004,19438.643,4.4
2017-05-27,2.25,244.004,19438.643,4.4
2017-05-28,2.25,244.004,19438.643,4.4
2017-05-29,2.25,244.004,19438.643,4.4
2017-05-30,2.21,244.004,19438.643,4.4
2017-05-31,2.21,244.004,19438.643,4.4
2017-06-01,2.21,244.163,19438.643,4.3
2017-06-02,2.15,244.163,19438.643,4.3
2017-06-03,2.15,244.163,19438.643,4.3
2017-06-04,2.15,244.163,19438.643,4.3
2017-06-05,2.18,244.163,19438.643,4.3
2017-06-06,2.14,244.163,19438.643,4.3
2017-06-07,2.18,244.163,19438.643,4.3
2017-06-08,2.19,244.163,19438.643,4.3
2017-06-09,2.21,244.163,19438.643,4.3
2017-06-10,2.21,244.163,19438.643,4.3
2017-06-11,2.21,244.163,19438.643,4.3
2017-06-12,2.21,244.163,19438.643,4.3
2017-06-13,2.21,244.163,19438.643,4.3
2017-06-14,2.15,244.163,19438.643,4.3
2017-06-15,2.16,244.163,19438.643,4.3
2017-06-16,2.16,244.163,19438.643,4.3
2017-06-17,2.16,244.163,19438.643,4.3
2017-06-18,2.16,244.163,19438.643,4.3
2017-06-19,2.19,244.163,19438.643,4.3
2017-06-20,2.16,244.163,19438.643,4.3
2017-06-21,2.16,244.163,19438.643,4.3
2017-06-22,2.15,244.163,19438.643,4.3
2017-06-23,2.15,244.163,19438.643,4.3
2017-06-24,2.15,244.163,19438.643,4.3
2017-06-25,2.15,244.163,19438.643,4.3
2017-06-26,2.14,244.163,19438.643,4.3
2017-06-27,2.21,244.163,19438.643,4.3
2017-06-28,2.22,244.163,19438.643,4.3
2017-06-29,2.27,244.163,19438.643,4.3
2017-06-30,2.31,244.163,19438.643,4.3
2017-07-01,2.31,244.243,19692.595,4.3
2017-07-02,2.31,244.243,19692.595,4.3
2017-07-03,2.35,244.243,19692.595,4.3
2017-07-04,2.35,244.243,19692.595,4.3
2017-07-05,2.33,244.243,19692.595,4.3
2017-07-06,2.37,244.243,19692.595,4.3
2017-07-07,2.39,244.243,19692.595,4.3
2017-07-08,2.39,244.243,19692.595,4.3
2017-07-09,2.39,244.243,19692.595,4.3
2017-07-10,2.38,244.243,19692.595,4.3
2017-07-11,2.37,244.243,19692.595,4.3
2017-07-12,2.33,244.243,19692.595,4.3
2017-07-13,2.35,244.243,19692.595,4.3
2017-07-14,2.33,244.243,19692.595,4.3
2017-07-15,2.33,244.243,19692.595,4.3
2017-07-16,2.33,244.243,19692.595,4.3
2017-07-17,2.31,244.243,19692.595,4.3
2017-07-18,2.27,244.243,19692.595,4.3
2017-07-19,2.27,244.243,19692.595,4.3
2017-07-20,2.27,244.243,19692.595,4.3
2017-07-21,2.24,244.243,19692.595,4.3
2017-07-22,2.24,244.243,19692.595,4.3
2017-07-23,2.24,244.243,19692.595,4.3
2017-07-24,2.26,244.243,19692.595,4.3
2017-07-25,2.33,244.243,19692.595,4.3
2017-07-26,2.29,244.243,19692.595,4.3
2017-07-27,2.32,244.243,19692.595,4.3
2017-07-28,2.3,244.243,19692.595,4.3
2017-07-29,2.3,244.243,19692.595,4.3
2017-07-30,2.3,244.243,19692.595,4.3
2017-07-31,2.3,244.243,19692.595,4.3
2017-08-01,2.26,245.183,19692.595,4.4
2017-08-02,2.27,245.183,19692.595,4.4
2017-08-03,2.24,245.183,19692.595,4.4
2017-08-04,2.27,245.183,19692.595,4.4
2017-08-05,2.27,245.183,19692.595,4.4
2017-08-06,2.27,245.183,19692.595,4.4
2017-08-07,2.26,245.183,19692.595,4.4
2017-08-08,2.29,245.183,19692.595,4.4
2017-08-09,2.24,245.183,19692.595,4.4
2017-08-10,2.2,245.183,19692.595,4.4
2017-08-11,2.19,245.183,19692.595,4.4
2017-08-12,2.19,245.183,19692.595,4.4
2017-08-13,2.19,245.183,19692.595,4.4
2017-08-14,2.22,245.183,19692.595,4.4
2017-08-15,2.27,245.183,19692.595,4.4
2017-08-16,2.23,245.183,19692.595,4.4
2017-08-17,2.19,245.183,19692.595,4.4
2017-08-18,2.19,245.183,19692.595,4.4
2017-08-19,2.19,245.183,19692.595,4.4
2017-08-20,2.19,245.183,19692.595,4.4
2017-08-21,2.18,245.183,19692.595,4.4
2017-08-22,2.22,245.183,19692.595,4.4
2017-08-23,2.17,245.183,19692.595,4.4
2017-08-24,2.19,245.183,19692.595,4.4
2017-08-25,2.17,245.183,19692.595,4.4
2017-08-26,2.17,245.183,19692.595,4.4
2017-08-27,2.17,245.183,19692.595,4.4
2017-08-28,2.16,245.183,19692.595,4.4
2017-08-29,2.13,245.183,19692.595,4.4
2017-08-30,2.15,245.183,19692.595,4.4
2017-08-31,2.12,245.183,19692.595,4.4
2017-09-01,2.16,246.435,19692.595,4.3
2017-09-02,2.16,246.435,19692.595,4.3
2017-09-03,2.16,246.435,19692.595,4.3
2017-09-04,2.16,246.435,19692.595,4.3
2017-09-05,2.07,246.435,19692.595,4.3
2017-09-06,2.1,246.435,19692.595,4.3
2017-09-07,2.05,246.435,19692.595,4.3
2017-09-08,2.06,246.435,19692.595,4.3
2017-09-09,2.06,246.435,19692.595,4.3
2017-09-10,2.06,246.435,19692.595,4.3
2017-09-11,2.14,246.435,19692.595,4.3
2017-09-12,2.17,246.435,19692.595,4.3
2017-09-13,2.2,246.435,19692.595,4.3
2017-09-14,2.2,246.435,19692.595,4.3
2017-09-15,2.2,246.435,19692.595,4.3
2017-09-16,2.2,246.435,19692.595,4.3
2017-09-17,2.2,246.435,19692.595,4.3
2017-09-18,2.23,246.435,19692.595,4.3
2017-09-19,2.24,246.435,19692.595,4.3
2017-09-20,2.28,246.435,19692.595,4.3
2017-09-21,2.27,246.435,19692.595,4.3
2017-09-22,2.26,246.435,19692.595,4.3
2017-09-23,2.26,246.435,19692.595,4.3
2017-09-24,2.26,246.435,19692.595,4.3
2017-09-25,2.22,246.435,19692.595,4.3
2017-09-26,2.24,246.435,19692.595,4.3
2017-09-27,2.31,246.435,19692.595,4.3
2017-09-28,2.31,246.435,19692.595,4.3
2017-09-29,2.33,246.435,19692.595,4.3
2017-09-30,2.33,246.435,19692.595,4.3
2017-10-01,2.33,246.626,20037.088,4.2
2017-10-02,2.34,246.626,20037.088,4.2
2017-10-03,2.33,246.626,20037.088,4.2
2017-10-04,2.33,246.626,20037.088,4.2
2017-10-05,2.35,246.626,20037.088,4.2
2017-10-06,2.37,246.626,20037.088,4.2
2017-10-07,2.37,246.626,20037.088,4.2
2017-10-08,2.37,246.626,20037.088,4.2
2017-10-09,2.37,246.626,20037.088,4.2
2017-10-10,2.35,246.626,20037.088,4.2
2017-10-11,2.35,246.626,20037.088,4.2
2017-10-12,2.33,246.626,20037.088,4.2
2017-10-13,2.28,246.626,20037.088,4.2
2017-10-14,2.28,246.626,20037.088,4.2
2017-10-15,2.28,246.626,20037.088,4.2
2017-10-16,2.3,246.626,20037.088,4.2
2017-10-17,2.3,246.626,20037.088,4.2
2017-10-18,2.34,246.626,20037.088,4.2
2017-10-19,2.33,246.626,20037.088,4.2
2017-10-20,2.39,246.626,20037.088,4.2
2017-10-21,2.39,246.626,20037.088,4.2
2017-10-22,2.39,246.626,20037.088,4.2
2017-10-23,2.38,246.626,20037.088,4.2
2017-10-24,2.42,246.626,20037.088,4.2
2017-10-25,2.44,246.626,20037.088,4.2
2017-10-26,2.46,246.626,20037.088,4.2
2017-10-27,2.42,246.626,20037.088,4.2
2017-10-28,2.42,246.626,20037.088,4.2
2017-10-29,2.42,246.626,20037.088,4.2
2017-10-30,2.37,246.626,20037.088,4.2
2017-10-31,2.38,246.626,20037.088,4.2
2017-11-01,2.37,247.284,20037.088,4.2
2017-11-02,2.35,247.284,20037.088,4.2
2017-11-03,2.34,247.284,20037.088,4.2
2017-11-04,2.34,247.284,20037.088,4.2
2017-11-05,2.34,247.284,20037.088,4.2
2017-11-06,2.32,247.284,20037.088,4.2
2017-11-07,2.32,247.284,20037.088,4.2
2017-11-08,2.32,247.284,20037.088,4.2
2017-11-09,2.33,247.284,20037.088,4.2
2017-11-10,2.4,247.284,20037.088,4.2
2017-11-11,2.4,247.284,20037.088,4.2
2017-11-12,2.4,247.284,20037.088,4.2
2017-11-13,2.4,247.284,20037.088,4.2
2017-11-14,2.38,247.284,20037.088,4.2
2017-11-15,2.33,247.284,20037.088,4.2
2017-11-16,2.37,247.284,20037.088,4.2
2017-11-17,2.35,247.284,20037.088,4.2
2017-11-18,2.35,247.284,20037.088,4.2
2017-11-19,2.35,247.284,20037.088,4.2
2017-11-20,2.37,247.284,20037.088,4.2
2017-11-21,2.36,247.284,20037.088,4.2
2017-11-22,2.32,247.284,20037.088,4.2
2017-11-23,2.32,247.284,20037.088,4.2
2017-11-24,2.34,247.284,20037.088,4.2
2017-11-25,2.34,247.284,20037.088,4.2
2017-11-26,2.34,247.284,20037.088,4.2
2017-11-27,2.32,247.284,20037.088,4.2
2017-11-28,2.34,247.284,20037.088,4.2
2017-11-29,2.37,247.284,20037.088,4.2
2017-11-30,2.42,247.284,20037.088,4.2
2017-12-01,2.37,247.805,20037.088,4.1
2017-12-02,2.37,247.805,20037.088,4.1
2017-12-03,2.37,247.805,20037.088,4.1
2017-12-04,2.37,247.805,20037.088,4.1
2017-12-05,2.36,247.805,20037.088,4.1
2017-12-06,2.33,247.805,20037.088,4.1
2017-12-07,2.37,247.805,20037.088,4.1
2017-12-08,2.38,247.805,20037.088,4.1
2017-12-09,2.38,247.805,20037.088,4.1
2017-12-10,2.38,247.805,20037.088,4.1
2017-12-11,2.39,247.805,20037.088,4.1
2017-12-12,2.4,247.805,20037.088,4.1
2017-12-13,2.36,247.805,20037.088,4.1
2017-12-14,2.35,247.805,20037.088,4.1
2017-12-15,2.35,247.805,20037.088,4.1
2017-12-16,2.35,247.805,20037.088,4.1
2017-12-17,2.35,247.805,20037.088,4.1
2017-12-18,2.39,247.805,20037.088,4.1
2017-12-19,2.46,247.805,20037.088,4.1
2017-12-20,2.49,247.805,20037.088,4.1
2017-12-21,2.48,247.805,20037.088,4.1
2017-12-22,2.48,247.805,20037.088,4.1
2017-12-23,2.48,247.805,20037.088,4.1
2017-12-24,2.48,247.805,20037.088,4.1
2017-12-25,2.48,247.805,20037.088,4.1
2017-12-26,2.47,247.805,20037.088,4.1
2017-12-27,2.42,247.805,20037.088,4.1
2017-12-28,2.43,247.805,20037.088,4.1
2017-12-29,2.4,247.805,20037.088,4.1
2017-12-30,2.4,247.805,20037.088,4.1
2017-12-31,2.4,247.805,20037.088,4.1
2018-01-01,2.4,248.859,20328.553,4.0
2018-01-02,2.46,248.859,20328.553,4.0
2018-01-03,2.44,248.859,20328.553,4.0
2018-01-04,2.46,248.859,20328.553,4.0
2018-01-05,2.47,248.859,20328.553,4.0
2018-01-06,2.47,248.859,20328.553,4.0
2018-01-07,2.47,248.859,20328.553,4.0
2018-01-08,2.49,248.859,20328.553,4.0
2018-01-09,2.55,248.859,20328.553,4.0
2018-01-10,2.55,248.859,20328.553,4.0
2018-01-11,2.54,248.859,20328.553,4.0
2018-01-12,2.55,248.859,20328.553,4.0
2018-01-13,2.55,248.859,20328.553,4.0
2018-01-14,2.55,248.859,20328.553,4.0
2018-01-15,2.55,248.859,20328.553,4.0
2018-01-16,2.54,248.859,20328.553,4.0
2018-01-17,2.57,248.859,20328.553,4.0
2018-01-18,2.62,248.859,20328.553,4.0
2018-01-19,2.64,248.859,20328.553,4.0
2018-01-20,2.64,248.859,20328.553,4.0
2018-01-21,2.64,248.859,20328.553,4.0
2018-01-22,2.66,248.859,20328.553,4.0
2018-01-23,2.63,248.859,20328.553,4.0
2018-01-24,2.65,248.859,20328.553,4.0
2018-01-25,2.63,248.859,20328.553,4.0
2018-01-26,2.66,248.859,20328.553,4.0
2018-01-27,2.66,248.859,20328.553,4.0
2018-01-28,2.66,248.859,20328.553,4.0
2018-01-29,2.7,248.859,20328.553,4.0
2018-01-30,2.73,248.859,20328.553,4.0
2018-01-31,2.72,248.859,20328.553,4.0
2018-02-01,2.78,249.529,20328.553,4.1
2018-02-02,2.84,249.529,20328.553,4.1
2018-02-03,2.84,249.529,20328.553,4.1
2018-02-04,2.84,249.529,20328.553,4.1
2018-02-05,2.77,249.529,20328.553,4.1
2018-02-06,2.79,249.529,20328.553,4.1
2018-02-07,2.84,249.529,20328.553,4.1
2018-02-08,2.85,249.529,20328.553,4.1
2018-02-09,2.83,249.529,20328.553,4.1
2018-02-10,2.83,249.529,20328.553,4.1
2018-02-11,2.83,249.529,20328.553,4.1
2018-02-12,2.86,249.529,20328.553,4.1
2018-02-13,2.83,249.529,20328.553,4.1
2018-02-14,2.91,249.529,20328.553,4.1
2018-02-15,2.9,249.529,20328.553,4.1
2018-02-16,2.87,249.529,20328.553,4.1
2018-02-17,2.87,249.529,20328.553,4.1
2018-02-18,2.87,249.529,20328.553,4.1
2018-02-19,2.87,249.529,20328.553,4.1
2018-02-20,2.88,249.529,20328.553,4.1
2018-02-21,2.94,249.529,20328.553,4.1
2018-02-22,2.92,249.529,20328.553,4.1
2018-02-23,2.88,249.529,20328.553,4.1
2018-02-24,2.88,249.529,20328.553,4.1
2018-02-25,2.88,249.529,20328.553,4.1
2018-02-26,2.86,249.529,20328.553,4.1
2018-02-27,2.9,249.529,20328.553,4.1
2018-02-28,2.87,249.529,20328.553,4.1
2018-03-01,2.81,249.577,20328.553,4.0
2018-03-02,2.86,249.577,20328.553,4.0
2018-03-03,2.86,249.577,20328.553,4.0
2018-03-04,2.86,249.577,20328.553,4.0
2018-03-05,2.88,249.577,20328.553,4.0
2018-03-06,2.88,249.577,20328.553,4.0
2018-03-07,2.89,249.577,20328.553,4.0
2018-03-08,2.86,249.577,20328.553,4.0
2018-03-09,2.9,249.577,20328.553,4.0
2018-03-10,2.9,249.577,20328.553,4.0
2018-03-11,2.9,249.577,20328.553,4.0
2018-03-12,2.87,249.577,20328.553,4.0
2018-03-13,2.84,249.577,20328.553,4.0
2018-03-14,2.81,249.577,20328.553,4.0
2018-03-15,2.82,249.577,20328.553,4.0
2018-03-16,2.85,249.577,20328.553,4.0
2018-03-17,2.85,249.577,20328.553,4.0
2018-03-18,2.85,249.577,20328.553,4.0
2018-03-19,2.85,249.577,20328.553,4.0
2018-03-20,2.89,249.577,20328.553,4.0
2018-03-21,2.89,249.577,20328.553,4.0
2018-03-22,2.83,249.577,20328.553,4.0
2018-03-23,2.82,249.577,20328.553,4.0
2018-03-24,2.82,249.577,20328.553,4.0
2018-03-25,2.82,249.577,20328.553,4.0
2018-03-26,2.85,249.577,20328.553,4.0
2018-03-27,2.78,249.577,20328.553,4.0
2018-03-28,2.77,249.577,20328.553,4.0
2018-03-29,2.74,249.577,20328.553,4.0
2018-03-30,2.74,249.577,20328.553,4.0
2018-03-31,2.74,249.577,20328.553,4.0
2018-04-01,2.74,250.227,20580.912,4.0
2018-04-02,2.73,250.227,20580.912,4.0
2018-04-03,2.79,250.227,20580.912,4.0
2018-04-04,2.79,250.227,20580.912,4.0
2018-04-05,2.83,250.227,20580.912,4.0
2018-04-06,2.77,250.227,20580.912,4.0
2018-04-07,2.77,250.227,20580.912,4.0
2018-04-08,2.77,250.227,20580.912,4.0
2018-04-09,2.78,250.227,20580.912,4.0
2018-04-10,2.8,250.227,20580.912,4.0
2018-04-11,2.79,250.227,20580.912,4.0
2018-04-12,2.83,250.227,20580.912,4.0
2018-04-13,2.82,250.227,20580.912,4.0
2018-04-14,2.82,250.227,20580.912,4.0
2018-04-15,2.82,250.227,20580.912,4.0
2018-04-16,2.83,250.227,20580.912,4.0
2018-04-17,2.82,250.227,20580.912,4.0
2018-04-18,2.87,250.227,20580.912,4.0
2018-04-19,2.92,250.227,20580.912,4.0
2018-04-20,2.96,250.227,20580.912,4.0
2018-04-21,2.96,250.227,20580.912,4.0
2018-04-22,2.96,250.227,20580.912,4.0
2018-04-23,2.98,250.227,20580.912,4.0
2018-04-24,3.0,250.227,20580.912,4.0
2018-04-25,3.03,250.227,20580.912,4.0
2018-04-26,3.0,250.227,20580.912,4.0
2018-04-27,2.96,250.227,20580.912,4.0
2018-04-28,2.96,250.227,20580.912,4.0
2018-04-29,2.96,250.227,20580.912,4.0
2018-04-30,2.95,250.227,20580.912,4.0
2018-05-01,2.97,250.792,20580.912,3.8
2018-05-02,2.97,250.792,20580.912,3.8
2018-05-03,2.94,250.792,20580.912,3.8
2018-05-04,2.95,250.792,20580.912,3.8
2018-05-05,2.95,250.792,20580.912,3.8
2018-05-06,2.95,250.792,20580.912,3.8
2018-05-07,2.95,250.792,20580.912,3.8
2018-05-08,2.97,250.792,20580.912,3.8
2018-05-09,3.0,250.792,20580.912,3.8
2018-05-10,2.97,250.792,20580.912,3.8
2018-05-11,2.97,250.792,20580.912,3.8
2018-05-12,2.97,250.792,20580.912,3.8
2018-05-13,2.97,250.792,20580.912,3.8
2018-05-14,3.0,250.792,20580.912,3.8
2018-05-15,3.08,250.792,20580.912,3.8
2018-05-16,3.09,250.792,20580.912,3.8
2018-05-17,3.11,250.792,20580.912,3.8
2018-05-18,3.06,250.792,20580.912,3.8
2018-05-19,3.06,250.792,20580.912,3.8
2018-05-20,3.06,250.792,20580.912,3.8
2018-05-21,3.06,250.792,20580.912,3.8
2018-05-22,3.06,250.792,20580.912,3.8
2018-05-23,3.01,250.792,20580.912,3.8
2018-05-24,2.98,250.792,20580.912,3.8
2018-05-25,2.93,250.792,20580.912,3.8
2018-05-26,2.93,250.792,20580.912,3.8
2018-05-27,2.93,250.792,20580.912,3.8
2018-05-28,2.93,250.792,20580.912,3.8
2018-05-29,2.77,250.792,20580.912,3.8
2018-05-30,2.84,250.792,20580.912,3.8
2018-05-31,2.83,250.792,20580.912,3.8
2018-06-01,2.89,251.018,20580.912,4.0
2018-06-02,2.89,251.018,20580.912,4.0
2018-06-03,2.89,251.018,20580.912,4.0
2018-06-04,2.94,251.018,20580.912,4.0
2018-06-05,2.92,251.018,20580.912,4.0
2018-06-06,2.97,251.018,20580.912,4.0
2018-06-07,2.93,251.018,20580.912,4.0
2018-06-08,2.93,251.018,20580.912,4.0
2018-06-09,2.93,251.018,20580.912,4.0
2018-06-10,2.93,251.018,20580.912,4.0
2018-06-11,2.96,251.018,20580.912,4.0
2018-06-12,2.96,251.018,20580.912,4.0
2018-06-13,2.98,251.018,20580.912,4.0
2018-06-14,2.94,251.018,20580.912,4.0
2018-06-15,2.93,251.018,20580.912,4.0
2018-06-16,2.93,251.018,20580.912,4.0
2018-06-17,2.93,251.018,20580.912,4.0
2018-06-18,2.92,251.018,20580.912,4.0
2018-06-19,2.89,251.018,20580.912,4.0
2018-06-20,2.93,251.018,20580.912,4.0
2018-06-21,2.9,251.018,20580.912,4.0
2018-06-22,2.9,251.018,20580.912,4.0
2018-06-23,2.9,251.018,20580.912,4.0
2018-06-24,2.9,251.018,20580.912,4.0
2018-06-25,2.87,251.018,20580.912,4.0
2018-06-26,2.88,251.018,20580.912,4.0
2018-06-27,2.83,251.018,20580.912,4.0
2018-06-28,2.84,251.018,20580.912,4.0
2018-06-29,2.85,251.018,20580.912,4.0
2018-06-30,2.85,251.018,20580.912,4.0
2018-07-01,2.85,251.214,20798.73,3.8
2018-07-02,2.87,251.214,20798.73,3.8
2018-07-03,2.83,251.214,20798.73,3.8
2018-07-04,2.83,251.214,20798.73,3.8
2018-07-05,2.84,251.214,20798.73,3.8
2018-07-06,2.82,251.214,20798.73,3.8
2018-07-07,2.82,251.214,20798.73,3.8
2018-07-08,2.82,251.214,20798.73,3.8
2018-07-09,2.86,251.214,20798.73,3.8
2018-07-10,2.87,251.214,20798.73,3.8
2018-07-11,2.85,251.214,20798.73,3.8
2018-07-12,2.85,251.214,20798.73,3.8
2018-07-13,2.83,251.214,20798.73,3.8
2018-07-14,2.83,251.214,20798.73,3.8
2018-07-15,2.83,251.214,20798.73,3.8
2018-07-16,2.85,251.214,20798.73,3.8
2018-07-17,2.86,251.214,20798.73,3.8
2018-07-18,2.88,251.214,20798.73,3.8
2018-07-19,2.84,251.214,20798.73,3.8
2018-07-20,2.89,251.214,20798.73,3.8
2018-07-21,2.89,251.214,20798.73,3.8
2018-07-22,2.89,251.214,20798.73,3.8
2018-07-23,2.96,251.214,20798.73,3.8
2018-07-24,2.95,251.214,20798.73,3.8
2018-07-25,2.94,251.214,20798.73,3.8
2018-07-26,2.98,251.214,20798.73,3.8
2018-07-27,2.96,251.214,20798.73,3.8
2018-07-28,2.96,251.214,20798.73,3.8
2018-07-29,2.96,251.214,20798.73,3.8
2018-07-30,2.98,251.214,20798.73,3.8
2018-07-31,2.96,251.214,20798.73,3.8
2018-08-01,3.0,251.663,20798.73,3.8
2018-08-02,2.98,251.663,20798.73,3.8
2018-08-03,2.95,251.663,20798.73,3.8
2018-08-04,2.95,251.663,20798.73,3.8
2018-08-05,2.95,251.663,20798.73,3.8
2018-08-06,2.94,251.663,20798.73,3.8
2018-08-07,2.98,251.663,20798.73,3.8
2018-08-08,2.96,251.663,20798.73,3.8
2018-08-09,2.93,251.663,20798.73,3.8
2018-08-10,2.87,251.663,20798.73,3.8
2018-08-11,2.87,251.663,20798.73,3.8
2018-08-12,2.87,251.663,20798.73,3.8
2018-08-13,2.88,251.663,20798.73,3.8
2018-08-14,2.89,251.663,20798.73,3.8
2018-08-15,2.86,251.663,20798.73,3.8
2018-08-16,2.87,251.663,20798.73,3.8
2018-08-17,2.87,251.663,20798.73,3.8
2018-08-18,2.87,251.663,20798.73,3.8
2018-08-19,2.87,251.663,20798.73,3.8
2018-08-20,2.82,251.663,20798.73,3.8
2018-08-21,2.85,251.663,20798.73,3.8
2018-08-22,2.82,251.663,20798.73,3.8
2018-08-23,2.82,251.663,20798.73,3.8
2018-08-24,2.82,251.663,20798.73,3.8
2018-08-25,2.82,251.663,20798.73,3.8
2018-08-26,2.82,251.663,20798.73,3.8
2018-08-27,2.85,251.663,20798.73,3.8
2018-08-28,2.88,251.663,20798.73,3.8
2018-08-29,2.89,251.663,20798.73,3.8
2018-08-30,2.86,251.663,20798.73,3.8
2018-08-31,2.86,251.663,20798.73,3.8
2018-09-01,2.86,252.182,20798.73,3.7
2018-09-02,2.86,252.182,20798.73,3.7
2018-09-03,2.86,252.182,20798.73,3.7
2018-09-04,2.9,252.182,20798.73,3.7
2018-09-05,2.9,252.182,20798.73,3.7
2018-09-06,2.88,252.182,20798.73,3.7
2018-09-07,2.94,252.182,20798.73,3.7
2018-09-08,2.94,252.182,20798.73,3.7
2018-09-09,2.94,252.182,20798.73,3.7
2018-09-10,2.94,252.182,20798.73,3.7
2018-09-11,2.98,252.182,20798.73,3.7
2018-09-12,2.97,252.182,20798.73,3.7
2018-09-13,2.97,252.182,20798.73,3.7
2018-09-14,2.99,252.182,20798.73,3.7
2018-09-15,2.99,252.182,20798.73,3.7
2018-09-16,2.99,252.182,20798.73,3.7
2018-09-17,2.99,252.182,20798.73,3.7
2018-09-18,3.05,252.182,20798.73,3.7
2018-09-19,3.08,252.182,20798.73,3.7
2018-09-20,3.07,252.182,20798.73,3.7
2018-09-21,3.07,252.182,20798.73,3.7
2018-09-22,3.07,252.182,20798.73,3.7
2018-09-23,3.07,252.182,20798.73,3.7
2018-09-24,3.08,252.182,20798.73,3.7
2018-09-25,3.1,252.182,20798.73,3.7
2018-09-26,3.06,252.182,20798.73,3.7
2018-09-27,3.06,252.182,20798.73,3.7
2018-09-28,3.05,252.182,20798.73,3.7
2018-09-29,3.05,252.182,20798.73,3.7
2018-09-30,3.05,252.182,20798.73,3.7
2018-10-01,3.09,252.772,20917.867,3.8
2018-10-02,3.05,252.772,20917.867,3.8
2018-10-03,3.15,252.772,20917.867,3.8
2018-10-04,3.19,252.772,20917.867,3.8
2018-10-05,3.23,252.772,20917.867,3.8
2018-10-06,3.23,252.772,20917.867,3.8
2018-10-07,3.23,252.772,20917.867,3.8
2018-10-08,3.23,252.772,20917.867,3.8
2018-10-09,3.21,252.772,20917.867,3.8
2018-10-10,3.22,252.772,20917.867,3.8
2018-10-11,3.14,252.772,20917.867,3.8
2018-10-12,3.15,252.772,20917.867,3.8
2018-10-13,3.15,252.772,20917.867,3.8
2018-10-14,3.15,252.772,20917.867,3.8
2018-10-15,3.16,252.772,20917.867,3.8
2018-10-16,3.16,252.772,20917.867,3.8
2018-10-17,3.19,252.772,20917.867,3.8
2018-10-18,3.17,252.772,20917.867,3.8
2018-10-19,3.2,252.772,20917.867,3.8
2018-10-20,3.2,252.772,20917.867,3.8
2018-10-21,3.2,252.772,20917.867,3.8
2018-10-22,3.2,252.772,20917.867,3.8
2018-10-23,3.17,252.772,20917.867,3.8
2018-10-24,3.1,252.772,20917.867,3.8
2018-10-25,3.14,252.772,20917.867,3.8
2018-10-26,3.08,252.772,20917.867,3.8
2018-10-27,3.08,252.772,20917.867,3.8
2018-10-28,3.08,252.772,20917.867,3.8
2018-10-29,3.08,252.772,20917.867,3.8
2018-10-30,3.12,252.772,20917.867,3.8
2018-10-31,3.15,252.772,20917.867,3.8
2018-11-01,3.14,252.594,20917.867,3.8
2018-11-02,3.22,252.594,20917.867,3.8
2018-11-03,3.22,252.594,20917.867,3.8
2018-11-04,3.22,252.594,20917.867,3.8
2018-11-05,3.2,252.594,20917.867,3.8
2018-11-06,3.22,252.594,20917.867,3.8
2018-11-07,3.22,252.594,20917.867,3.8
2018-11-08,3.24,252.594,20917.867,3.8
2018-11-09,3.19,252.594,20917.867,3.8
2018-11-10,3.19,252.594,20917.867,3.8
2018-11-11,3.19,252.594,20917.867,3.8
2018-11-12,3.19,252.594,20917.867,3.8
2018-11-13,3.14,252.594,20917.867,3.8
2018-11-14,3.12,252.594,20917.867,3.8
2018-11-15,3.11,252.594,20917.867,3.8
2018-11-16,3.08,252.594,20917.867,3.8
2018-11-17,3.08,252.594,20917.867,3.8
2018-11-18,3.08,252.594,20917.867,3.8
2018-11-19,3.06,252.594,20917.867,3.8
2018-11-20,3.06,252.594,20917.867,3.8
2018-11-21,3.06,252.594,20917.867,3.8
2018-11-22,3.06,252.594,20917.867,3.8
2018-11-23,3.05,252.594,20917.867,3.8
2018-11-24,3.05,252.594,20917.867,3.8
2018-11-25,3.05,252.594,20917.867,3.8
2018-11-26,3.07,252.594,20917.867,3.8
2018-11-27,3.06,252.594,20917.867,3.8
2018-11-28,3.06,252.594,20917.867,3.8
2018-11-29,3.03,252.594,20917.867,3.8
2018-11-30,3.01,252.594,20917.867,3.8
2018-12-01,3.01,252.767,20917.867,3.9
2018-12-02,3.01,252.767,20917.867,3.9
2018-12-03,2.98,252.767,20917.867,3.9
2018-12-04,2.91,252.767,20917.867,3.9
2018-12-05,2.91,252.767,20917.867,3.9
2018-12-06,2.87,252.767,20917.867,3.9
2018-12-07,2.85,252.767,20917.867,3.9
2018-12-08,2.85,252.767,20917.867,3.9
2018-12-09,2.85,252.767,20917.867,3.9
2018-12-10,2.85,252.767,20917.867,3.9
2018-12-11,2.89,252.767,20917.867,3.9
2018-12-12,2.91,252.767,20917.867,3.9
2018-12-13,2.91,252.767,20917.867,3.9
2018-12-14,2.89,252.767,20917.867,3.9
2018-12-15,2.89,252.767,20917.867,3.9
2018-12-16,2.89,252.767,20917.867,3.9
2018-12-17,2.86,252.767,20917.867,3.9
2018-12-18,2.82,252.767,20917.867,3.9
2018-12-19,2.77,252.767,20917.867,3.9
2018-12-20,2.79,252.767,20917.867,3.9
2018-12-21,2.79,252.767,20917.867,3.9
2018-12-22,2.79,252.767,20917.867,3.9
2018-12-23,2.79,252.767,20917.867,3.9
2018-12-24,2.74,252.767,20917.867,3.9
2018-12-25,2.74,252.767,20917.867,3.9
2018-12-26,2.81,252.767,20917.867,3.9
2018-12-27,2.77,252.767,20917.867,3.9
2018-12-28,2.72,252.767,20917.867,3.9
2018-12-29,2.72,252.767,20917.867,3.9
2018-12-30,2.72,252.767,20917.867,3.9
2018-12-31,2.69,252.767,20917.867,3.9
2019-01-01,2.69,252.561,21111.6,4.0
2019-01-02,2.66,252.561,21111.6,4.0
2019-01-03,2.56,252.561,21111.6,4.0
2019-01-04,2.67,252.561,21111.6,4.0
2019-01-05,2.67,252.561,21111.6,4.0
2019-01-06,2.67,252.561,21111.6,4.0
2019-01-07,2.7,252.561,21111.6,4.0
2019-01-08,2.73,252.561,21111.6,4.0
2019-01-09,2.74,252.561,21111.6,4.0
2019-01-10,2.74,252.561,21111.6,4.0
2019-01-11,2.71,252.561,21111.6,4.0
2019-01-12,2.71,252.561,21111.6,4.0
2019-01-13,2.71,252.561,21111.6,4.0
2019-01-14,2.71,252.561,21111.6,4.0
2019-01-15,2.72,252.561,21111.6,4.0
2019-01-16,2.73,252.561,21111.6,4.0
2019-01-17,2.75,252.561,21111.6,4.0
2019-01-18,2.79,252.561,21111.6,4.0
2019-01-19,2.79,252.561,21111.6,4.0
2019-01-20,2.79,252.561,21111.6,4.0
2019-01-21,2.79,252.561,21111.6,4.0
2019-01-22,2.74,252.561,21111.6,4.0
2019-01-23,2.76,252.561,21111.6,4.0
2019-01-24,2.72,252.561,21111.6,4.0
2019-01-25,2.76,252.561,21111.6,4.0
2019-01-26,2.76,252.561,21111.6,4.0
2019-01-27,2.76,252.561,21111.6,4.0
2019-01-28,2.75,252.561,21111.6,4.0
2019-01-29,2.72,252.561,21111.6,4.0
2019-01-30,2.7,252.561,21111.6,4.0
2019-01-31,2.63,252.561,21111.6,4.0
2019-02-01,2.7,253.319,21111.6,3.8
2019-02-02,2.7,253.319,21111.6,3.8
2019-02-03,2.7,253.319,21111.6,3.8
2019-02-04,2.73,253.319,21111.6,3.8
2019-02-05,2.71,253.319,21111.6,3.8
2019-02-06,2.7,253.319,21111.6,3.8
2019-02-07,2.65,253.319,21111.6,3.8
2019-02-08,2.63,253.319,21111.6,3.8
2019-02-09,2.63,253.319,21111.6,3.8
2019-02-10,2.63,253.319,21111.6,3.8
2019-02-11,2.65,253.319,21111.6,3.8
2019-02-12,2.68,253.319,21111.6,3.8
2019-02-13,2.71,253.319,21111.6,3.8
2019-02-14,2.66,253.319,21111.6,3.8
2019-02-15,2.66,253.319,21111.6,3.8
2019-02-16,2.66,253.319,21111.6,3.8
2019-02-17,2.66,253.319,21111.6,3.8
2019-02-18,2.66,253.319,21111.6,3.8
2019-02-19,2.65,253.319,21111.6,3.8
2019-02-20,2.65,253.319,21111.6,3.8
2019-02-21,2.69,253.319,21111.6,3.8
2019-02-22,2.65,253.319,21111.6,3.8
2019-02-23,2.65,253.319,21111.6,3.8
2019-02-24,2.65,253.319,21111.6,3.8
2019-02-25,2.67,253.319,21111.6,3.8
2019-02-26,2.64,253.319,21111.6,3.8
2019-02-27,2.69,253.319,21111.6,3.8
2019-02-28,2.73,253.319,21111.6,3.8
2019-03-01,2.76,254.277,21111.6,3.8
2019-03-02,2.76,254.277,21111.6,3.8
2019-03-03,2.76,254.277,21111.6,3.8
2019-03-04,2.72,254.277,21111.6,3.8
2019-03-05,2.72,254.277,21111.6,3.8
2019-03-06,2.69,254.277,21111.6,3.8
2019-03-07,2.64,254.277,21111.6,3.8
2019-03-08,2.62,254.277,21111.6,3.8
2019-03-09,2.62,254.277,21111.6,3.8
2019-03-10,2.62,254.277,21111.6,3.8
2019-03-11,2.64,254.277,21111.6,3.8
2019-03-12,2.61,254.277,21111.6,3.8
2019-03-13,2.61,254.277,21111.6,3.8
2019-03-14,2.63,254.277,21111.6,3.8
2019-03-15,2.59,254.277,21111.6,3.8
2019-03-16,2.59,254.277,21111.6,3.8
2019-03-17,2.59,254.277,21111.6,3.8
2019-03-18,2.6,254.277,21111.6,3.8
2019-03-19,2.61,254.277,21111.6,3.8
2019-03-20,2.54,254.277,21111.6,3.8
2019-03-21,2.54,254.277,21111.6,3.8
2019-03-22,2.44,254.277,21111.6,3.8
2019-03-23,2.44,254.277,21111.6,3.8
2019-03-24,2.44,254.277,21111.6,3.8
2019-03-25,2.43,254.277,21111.6,3.8
2019-03-26,2.41,254.277,21111.6,3.8
2019-03-27,2.39,254.277,21111.6,3.8
2019-03-28,2.39,254.277,21111.6,3.8
2019-03-29,2.41,254.277,21111.6,3.8
2019-03-30,2.41,254.277,21111.6,3.8
2019-03-31,2.41,254.277,21111.6,3.8
2019-04-01,2.49,255.233,21397.938,3.7
2019-04-02,2.48,255.233,21397.938,3.7
2019-04-03,2.52,255.233,21397.938,3.7
2019-04-04,2.51,255.233,21397.938,3.7
2019-04-05,2.5,255.233,21397.938,3.7
2019-04-06,2.5,255.233,21397.938,3.7
2019-04-07,2.5,255.233,21397.938,3.7
2019-04-08,2.52,255.233,21397.938,3.7
2019-04-09,2.51,255.233,21397.938,3.7
2019-04-10,2.48,255.233,21397.938,3.7
2019-04-11,2.51,255.233,21397.938,3.7
2019-04-12,2.56,255.233,21397.938,3.7
2019-04-13,2.56,255.233,21397.938,3.7
2019-04-14,2.56,255.233,21397.938,3.7
2019-04-15,2.55,255.233,21397.938,3.7
2019-04-16,2.6,255.233,21397.938,3.7
2019-04-17,2.59,255.233,21397.938,3.7
2019-04-18,2.57,255.233,21397.938,3.7
2019-04-19,2.57,255.233,21397.938,3.7
2019-04-20,2.57,255.233,21397.938,3.7
2019-04-21,2.57,255.233,21397.938,3.7
2019-04-22,2.59,255.233,21397.938,3.7
2019-04-23,2.57,255.233,21397.938,3.7
2019-04-24,2.53,255.233,21397.938,3.7
2019-04-25,2.54,255.233,21397.938,3.7
2019-04-26,2.51,255.233,21397.938,3.7
2019-04-27,2.51,255.233,21397.938,3.7
2019-04-28,2.51,255.233,21397.938,3.7
2019-04-29,2.54,255.233,21397.938,3.7
2019-04-30,2.51,255.233,21397.938,3.7
2019-05-01,2.52,255.296,21397.938,3.6
2019-05-02,2.55,255.296,21397.938,3.6
2019-05-03,2.54,255.296,21397.938,3.6
2019-05-04,2.54,255.296,21397.938,3.6
2019-05-05,2.54,255.296,21397.938,3.6
2019-05-06,2.51,255.296,21397.938,3.6
2019-05-07,2.45,255.296,21397.938,3.6
2019-05-08,2.49,255.296,21397.938,3.6
2019-05-09,2.45,255.296,21397.938,3.6
2019-05-10,2.47,255.296,21397.938,3.6
2019-05-11,2.47,255.296,21397.938,3.6
2019-05-12,2.47,255.296,21397.938,3.6
2019-05-13,2.4,255.296,21397.938,3.6
2019-05-14,2.42,255.296,21397.938,3.6
2019-05-15,2.37,255.296,21397.938,3.6
2019-05-16,2.4,255.296,21397.938,3.6
2019-05-17,2.39,255.296,21397.938,3.6
2019-05-18,2.39,255.296,21397.938,3.6
2019-05-19,2.39,255.296,21397.938,3.6
2019-05-20,2.41,255.296,21397.938,3.6
2019-05-21,2.43,255.296,21397.938,3.6
2019-05-22,2.39,255.296,21397.938,3.6
2019-05-23,2.31,255.296,21397.938,3.6
2019-05-24,2.32,255.296,21397.938,3.6
2019-05-25,2.32,255.296,21397.938,3.6
2019-05-26,2.32,255.296,21397.938,3.6
2019-05-27,2.32,255.296,21397.938,3.6
2019-05-28,2.26,255.296,21397.938,3.6
2019-05-29,2.25,255.296,21397.938,3.6
2019-05-30,2.22,255.296,21397.938,3.6
2019-05-31,2.14,255.296,21397.938,3.6
2019-06-01,2.14,255.213,21397.938,3.6
2019-06-02,2.14,255.213,21397.938,3.6
2019-06-03,2.07,255.213,21397.938,3.6
2019-06-04,2.12,255.213,21397.938,3.6
2019-06-05,2.12,255.213,21397.938,3.6
2019-06-06,2.12,255.213,21397.938,3.6
2019-06-07,2.09,255.213,21397.938,3.6
2019-06-08,2.09,255.213,21397.938,3.6
2019-06-09,2.09,255.213,21397.938,3.6
2019-06-10,2.15,255.213,21397.938,3.6
2019-06-11,2.15,255.213,21397.938,3.6
2019-06-12,2.13,255.213,21397.938,3.6
2019-06-13,2.1,255.213,21397.938,3.6
2019-06-14,2.09,255.213,21397.938,3.6
2019-06-15,2.09,255.213,21397.938,3.6
2019-06-16,2.09,255.213,21397.938,3.6
2019-06-17,2.09,255.213,21397.938,3.6
2019-06-18,2.06,255.213,21397.938,3.6
2019-06-19,2.03,255.213,21397.938,3.6
2019-06-20,2.01,255.213,21397.938,3.6
2019-06-21,2.07,255.213,21397.938,3.6
2019-06-22,2.07,255.213,21397.938,3.6
2019-06-23,2.07,255.213,21397.938,3.6
2019-06-24,2.02,255.213,21397.938,3.6
2019-06-25,2.0,255.213,21397.938,3.6
2019-06-26,2.05,255.213,21397.938,3.6
2019-06-27,2.01,255.213,21397.938,3.6
2019-06-28,2.0,255.213,21397.938,3.6
2019-06-29,2.0,255.213,21397.938,3.6
2019-06-30,2.0,255.213,21397.938,3.6
2019-07-01,2.03,255.802,21717.171,3.7
2019-07-02,1.98,255.802,21717.171,3.7
2019-07-03,1.96,255.802,21717.171,3.7
2019-07-04,1.96,255.802,21717.171,3.7
2019-07-05,2.04,255.802,21717.171,3.7
2019-07-06,2.04,255.802,21717.171,3.7
2019-07-07,2.04,255.802,21717.171,3.7
2019-07-08,2.05,255.802,21717.171,3.7
2019-07-09,2.07,255.802,21717.171,3.7
2019-07-10,2.07,255.802,21717.171,3.7
2019-07-11,2.13,255.802,21717.171,3.7
2019-07-12,2.12,255.802,21717.171,3.7
2019-07-13,2.12,255.802,21717.171,3.7
2019-07-14,2.12,255.802,21717.171,3.7
2019-07-15,2.09,255.802,21717.171,3.7
2019-07-16,2.13,255.802,21717.171,3.7
2019-07-17,2.06,255.802,21717.171,3.7
2019-07-18,2.04,255.802,21717.171,3.7
2019-07-19,2.05,255.802,21717.171,3.7
2019-07-20,2.05,255.802,21717.171,3.7
2019-07-21,2.05,255.802,21717.171,3.7
2019-07-22,2.05,255.802,21717.171,3.7
2019-07-23,2.08,255.802,21717.171,3.7
2019-07-24,2.05,255.802,21717.171,3.7
2019-07-25,2.08,255.802,21717.171,3.7
2019-07-26,2.08,255.802,21717.171,3.7
2019-07-27,2.08,255.802,21717.171,3.7
2019-07-28,2.08,255.802,21717.171,3.7
2019-07-29,2.06,255.802,21717.171,3.7
2019-07-30,2.06,255.802,21717.171,3.7
2019-07-31,2.02,255.802,21717.171,3.7
2019-08-01,1.9,256.036,21717.171,3.6
2019-08-02,1.86,256.036,21717.171,3.6
2019-08-03,1.86,256.036,21717.171,3.6
2019-08-04,1.86,256.036,21717.171,3.6
2019-08-05,1.75,256.036,21717.171,3.6
2019-08-06,1.73,256.036,21717.171,3.6
2019-08-07,1.71,256.036,21717.171,3.6
2019-08-08,1.72,256.036,21717.171,3.6
2019-08-09,1.74,256.036,21717.171,3.6
2019-08-10,1.74,256.036,21717.171,3.6
2019-08-11,1.74,256.036,21717.171,3.6
2019-08-12,1.65,256.036,21717.171,3.6
2019-08-13,1.68,256.036,21717.171,3.6
2019-08-14,1.59,256.036,21717.171,3.6
2019-08-15,1.52,256.036,21717.171,3.6
2019-08-16,1.55,256.036,21717.171,3.6
2019-08-17,1.55,256.036,21717.171,3.6
2019-08-18,1.55,256.036,21717.171,3.6
2019-08-19,1.6,256.036,21717.171,3.6
2019-08-20,1.55,256.036,21717.171,3.6
2019-08-21,1.59,256.036,21717.171,3.6
2019-08-22,1.62,256.036,21717.171,3.6
2019-08-23,1.52,256.036,21717.171,3.6
2019-08-24,1.52,256.036,21717.171,3.6
2019-08-25,1.52,256.036,21717.171,3.6
2019-08-26,1.54,256.036,21717.171,3.6
2019-08-27,1.49,256.036,21717.171,3.6
2019-08-28,1.47,256.036,21717.171,3.6
2019-08-29,1.5,256.036,21717.171,3.6
2019-08-30,1.5,256.036,21717.171,3.6
2019-08-31,1.5,256.036,21717.171,3.6
2019-09-01,1.5,256.43,21717.171,3.5
2019-09-02,1.5,256.43,21717.171,3.5
2019-09-03,1.47,256.43,21717.171,3.5
2019-09-04,1.47,256.43,21717.171,3.5
2019-09-05,1.57,256.43,21717.171,3.5
2019-09-06,1.55,256.43,21717.171,3.5
2019-09-07,1.55,256.43,21717.171,3.5
2019-09-08,1.55,256.43,21717.171,3.5
2019-09-09,1.63,256.43,21717.171,3.5
2019-09-10,1.72,256.43,21717.171,3.5
2019-09-11,1.75,256.43,21717.171,3.5
2019-09-12,1.79,256.43,21717.171,3.5
2019-09-13,1.9,256.43,21717.171,3.5
2019-09-14,1.9,256.43,21717.171,3.5
2019-09-15,1.9,256.43,21717.171,3.5
2019-09-16,1.84,256.43,21717.171,3.5
2019-09-17,1.81,256.43,21717.171,3.5
2019-09-18,1.8,256.43,21717.171,3.5
2019-09-19,1.79,256.43,21717.171,3.5
2019-09-20,1.74,256.43,21717.171,3.5
2019-09-21,1.74,256.43,21717.171,3.5
2019-09-22,1.74,256.43,21717.171,3.5
2019-09-23,1.72,256.43,21717.171,3.5
2019-09-24,1.64,256.43,21717.171,3.5
2019-09-25,1.73,256.43,21717.171,3.5
2019-09-26,1.7,256.43,21717.171,3.5
2019-09-27,1.69,256.43,21717.171,3.5
2019-09-28,1.69,256.43,21717.171,3.5
2019-09-29,1.69,256.43,21717.171,3.5
2019-09-30,1.68,256.43,21717.171,3.5
2019-10-01,1.65,257.155,21933.217,3.6
2019-10-02,1.6,257.155,21933.217,3.6
2019-10-03,1.54,257.155,21933.217,3.6
2019-10-04,1.52,257.155,21933.217,3.6
2019-10-05,1.52,257.155,21933.217,3.6
2019-10-06,1.52,257.155,21933.217,3.6
2019-10-07,1.56,257.155,21933.217,3.6
2019-10-08,1.54,257.155,21933.217,3.6
2019-10-09,1.59,257.155,21933.217,3.6
2019-10-10,1.67,257.155,21933.217,3.6
2019-10-11,1.76,257.155,21933.217,3.6
2019-10-12,1.76,257.155,21933.217,3.6
2019-10-13,1.76,257.155,21933.217,3.6
2019-10-14,1.76,257.155,21933.217,3.6
2019-10-15,1.77,257.155,21933.217,3.6
2019-10-16,1.75,257.155,21933.217,3.6
2019-10-17,1.76,257.155,21933.217,3.6
2019-10-18,1.76,257.155,21933.217,3.6
2019-10-19,1.76,257.155,21933.217,3.6
2019-10-20,1.76,257.155,21933.217,3.6
2019-10-21,1.8,257.155,21933.217,3.6
2019-10-22,1.78,257.155,21933.217,3.6
2019-10-23,1.77,257.155,21933.217,3.6
2019-10-24,1.77,257.155,21933.217,3.6
2019-10-25,1.8,257.155,21933.217,3.6
2019-10-26,1.8,257.155,21933.217,3.6
2019-10-27,1.8,257.155,21933.217,3.6
2019-10-28,1.85,257.155,21933.217,3.6
2019-10-29,1.84,257.155,21933.217,3.6
2019-10-30,1.78,257.155,21933.217,3.6
2019-10-31,1.69,257.155,21933.217,3.6
2019-11-01,1.73,257.879,21933.217,3.6
2019-11-02,1.73,257.879,21933.217,3.6
2019-11-03,1.73,257.879,21933.217,3.6
2019-11-04,1.79,257.879,21933.217,3.6
2019-11-05,1.86,257.879,21933.217,3.6
2019-11-06,1.81,257.879,21933.217,3.6
2019-11-07,1.92,257.879,21933.217,3.6
2019-11-08,1.94,257.879,21933.217,3.6
2019-11-09,1.94,257.879,21933.217,3.6
2019-11-10,1.94,257.879,21933.217,3.6
2019-11-11,1.94,257.879,21933.217,3.6
2019-11-12,1.92,257.879,21933.217,3.6
2019-11-13,1.88,257.879,21933.217,3.6
2019-11-14,1.82,257.879,21933.217,3.6
2019-11-15,1.84,257.879,21933.217,3.6
2019-11-16,1.84,257.879,21933.217,3.6
2019-11-17,1.84,257.879,21933.217,3.6
2019-11-18,1.81,257.879,21933.217,3.6
2019-11-19,1.79,257.879,21933.217,3.6
2019-11-20,1.73,257.879,21933.217,3.6
2019-11-21,1.77,257.879,21933.217,3.6
2019-11-22,1.77,257.879,21933.217,3.6
2019-11-23,1.77,257.879,21933.217,3.6
2019-11-24,1.77,257.879,21933.217,3.6
2019-11-25,1.76,257.879,21933.217,3.6
2019-11-26,1.74,257.879,21933.217,3.6
2019-11-27,1.77,257.879,21933.217,3.6
2019-11-28,1.77,257.879,21933.217,3.6
2019-11-29,1.78,257.879,21933.217,3.6
2019-11-30,1.78,257.879,21933.217,3.6
2019-12-01,1.78,258.63,21933.217,3.6
2019-12-02,1.83,258.63,21933.217,3.6
2019-12-03,1.72,258.63,21933.217,3.6
2019-12-04,1.77,258.63,21933.217,3.6
2019-12-05,1.8,258.63,21933.217,3.6
2019-12-06,1.84,258.63,21933.217,3.6
2019-12-07,1.84,258.63,21933.217,3.6
2019-12-08,1.84,258.63,21933.217,3.6
2019-12-09,1.83,258.63,21933.217,3.6
2019-12-10,1.85,258.63,21933.217,3.6
2019-12-11,1.79,258.63,21933.217,3.6
2019-12-12,1.9,258.63,21933.217,3.6
2019-12-13,1.82,258.63,21933.217,3.6
2019-12-14,1.82,258.63,21933.217,3.6
2019-12-15,1.82,258.63,21933.217,3.6
2019-12-16,1.89,258.63,21933.217,3.6
2019-12-17,1.89,258.63,21933.217,3.6
2019-12-18,1.92,258.63,21933.217,3.6
2019-12-19,1.92,258.63,21933.217,3.6
2019-12-20,1.92,258.63,21933.217,3.6
2019-12-21,1.92,258.63,21933.217,3.6
2019-12-22,1.92,258.63,21933.217,3.6
2019-12-23,1.93,258.63,21933.217,3.6
2019-12-24,1.9,258.63,21933.217,3.6
2019-12-25,1.9,258.63,21933.217,3.6
2019-12-26,1.9,258.63,21933.217,3.6
2019-12-27,1.88,258.63,21933.217,3.6
2019-12-28,1.88,258.63,21933.217,3.6
2019-12-29,1.88,258.63,21933.217,3.6
2019-12-30,1.9,258.63,21933.217,3.6
2019-12-31,1.92,258.63,21933.217,3.6
2020-01-01,1.92,259.127,21727.657,3.6
2020-01-02,1.88,259.127,21727.657,3.6
2020-01-03,1.8,259.127,21727.657,3.6
2020-01-04,1.8,259.127,21727.657,3.6
2020-01-05,1.8,259.127,21727.657,3.6
2020-01-06,1.81,259.127,21727.657,3.6
2020-01-07,1.83,259.127,21727.657,3.6
2020-01-08,1.87,259.127,21727.657,3.6
2020-01-09,1.85,259.127,21727.657,3.6
2020-01-10,1.83,259.127,21727.657,3.6
2020-01-11,1.83,259.127,21727.657,3.6
2020-01-12,1.83,259.127,21727.657,3.6
2020-01-13,1.85,259.127,21727.657,3.6
2020-01-14,1.82,259.127,21727.657,3.6
2020-01-15,1.79,259.127,21727.657,3.6
2020-01-16,1.81,259.127,21727.657,3.6
2020-01-17,1.84,259.127,21727.657,3.6
2020-01-18,1.84,259.127,21727.657,3.6
2020-01-19,1.84,259.127,21727.657,3.6
2020-01-20,1.84,259.127,21727.657,3.6
2020-01-21,1.78,259.127,21727.657,3.6
2020-01-22,1.77,259.127,21727.657,3.6
2020-01-23,1.74,259.127,21727.657,3.6
2020-01-24,1.7,259.127,21727.657,3.6
2020-01-25,1.7,259.127,21727.657,3.6
2020-01-26,1.7,259.127,21727.657,3.6
2020-01-27,1.61,259.127,21727.657,3.6
2020-01-28,1.65,259.127,21727.657,3.6
2020-01-29,1.6,259.127,21727.657,3.6
2020-01-30,1.57,259.127,21727.657,3.6
2020-01-31,1.51,259.127,21727.657,3.6
2020-02-01,1.51,259.25,21727.657,3.5
2020-02-02,1.51,259.25,21727.657,3.5
2020-02-03,1.54,259.25,21727.657,3.5
2020-02-04,1.61,259.25,21727.657,3.5
2020-02-05,1.66,259.25,21727.657,3.5
2020-02-06,1.65,259.25,21727.657,3.5
2020-02-07,1.59,259.25,21727.657,3.5
2020-02-08,1.59,259.25,21727.657,3.5
2020-02-09,1.59,259.25,21727.657,3.5
2020-02-10,1.56,259.25,21727.657,3.5
2020-02-11,1.59,259.25,21727.657,3.5
2020-02-12,1.62,259.25,21727.657,3.5
2020-02-13,1.61,259.25,21727.657,3.5
2020-02-14,1.59,259.25,21727.657,3.5
2020-02-15,1.59,259.25,21727.657,3.5
2020-02-16,1.59,259.25,21727.657,3.5
2020-02-17,1.59,259.25,21727.657,3.5
2020-02-18,1.55,259.25,21727.657,3.5
2020-02-19,1.56,259.25,21727.657,3.5
2020-02-20,1.52,259.25,21727.657,3.5
2020-02-21,1.46,259.25,21727.657,3.5
2020-02-22,1.46,259.25,21727.657,3.5
2020-02-23,1.46,259.25,21727.657,3.5
2020-02-24,1.38,259.25,21727.657,3.5
2020-02-25,1.33,259.25,21727.657,3.5
2020-02-26,1.33,259.25,21727.657,3.5
2020-02-27,1.3,259.25,21727.657,3.5
2020-02-28,1.13,259.25,21727.657,3.5
2020-02-29,1.13,259.25,21727.657,3.5
2020-03-01,1.13,258.076,21727.657,4.4
2020-03-02,1.1,258.076,21727.657,4.4
2020-03-03,1.02,258.076,21727.657,4.4
2020-03-04,1.02,258.076,21727.657,4.4
2020-03-05,0.92,258.076,21727.657,4.4
2020-03-06,0.74,258.076,21727.657,4.4
2020-03-07,0.74,258.076,21727.657,4.4
2020-03-08,0.74,258.076,21727.657,4.4
2020-03-09,0.54,258.076,21727.657,4.4
2020-03-10,0.76,258.076,21727.657,4.4
2020-03-11,0.82,258.076,21727.657,4.4
2020-03-12,0.88,258.076,21727.657,4.4
2020-03-13,0.94,258.076,21727.657,4.4
2020-03-14,0.94,258.076,21727.657,4.4
2020-03-15,0.94,258.076,21727.657,4.4
2020-03-16,0.73,258.076,21727.657,4.4
2020-03-17,1.02,258.076,21727.657,4.4
2020-03-18,1.18,258.076,21727.657,4.4
2020-03-19,1.12,258.076,21727.657,4.4
2020-03-20,0.92,258.076,21727.657,4.4
2020-03-21,0.92,258.076,21727.657,4.4
2020-03-22,0.92,258.076,21727.657,4.4
2020-03-23,0.76,258.076,21727.657,4.4
2020-03-24,0.84,258.076,21727.657,4.4
2020-03-25,0.88,258.076,21727.657,4.4
2020-03-26,0.83,258.076,21727.657,4.4
2020-03-27,0.72,258.076,21727.657,4.4
2020-03-28,0.72,258.076,21727.657,4.4
2020-03-29,0.72,258.076,21727.657,4.4
2020-03-30,0.7,258.076,21727.657,4.4
2020-03-31,0.7,258.076,21727.657,4.4
2020-04-01,0.62,256.032,19935.444,14.8
2020-04-02,0.63,256.032,19935.444,14.8
2020-04-03,0.62,256.032,19935.444,14.8
2020-04-04,0.62,256.032,19935.444,14.8
2020-04-05,0.62,256.032,19935.444,14.8
2020-04-06,0.67,256.032,19935.444,14.8
2020-04-07,0.75,256.032,19935.444,14.8
2020-04-08,0.77,256.032,19935.444,14.8
2020-04-09,0.73,256.032,19935.444,14.8
2020-04-10,0.73,256.032,19935.444,14.8
2020-04-11,0.73,256.032,19935.444,14.8
2020-04-12,0.73,256.032,19935.444,14.8
2020-04-13,0.76,256.032,19935.444,14.8
2020-04-14,0.76,256.032,19935.444,14.8
2020-04-15,0.63,256.032,19935.444,14.8
2020-04-16,0.61,256.032,19935.444,14.8
2020-04-17,0.65,256.032,19935.444,14.8
2020-04-18,0.65,256.032,19935.444,14.8
2020-04-19,0.65,256.032,19935.444,14.8
2020-04-20,0.63,256.032,19935.444,14.8
2020-04-21,0.58,256.032,19935.444,14.8
2020-04-22,0.63,256.032,19935.444,14.8
2020-04-23,0.61,256.032,19935.444,14.8
2020-04-24,0.6,256.032,19935.444,14.8
2020-04-25,0.6,256.032,19935.444,14.8
2020-04-26,0.6,256.032,19935.444,14.8
2020-04-27,0.67,256.032,19935.444,14.8
2020-04-28,0.62,256.032,19935.444,14.8
2020-04-29,0.63,256.032,19935.444,14.8
2020-04-30,0.64,256.032,19935.444,14.8
2020-05-01,0.64,255.802,19935.444,13.2
2020-05-02,0.64,255.802,19935.444,13.2
2020-05-03,0.64,255.802,19935.444,13.2
2020-05-04,0.64,255.802,19935.444,13.2
2020-05-05,0.66,255.802,19935.444,13.2
2020-05-06,0.72,255.802,19935.444,13.2
2020-05-07,0.63,255.802,19935.444,13.2
2020-05-08,0.69,255.802,19935.444,13.2
2020-05-09,0.69,255.802,19935.444,13.2
2020-05-10,0.69,255.802,19935.444,13.2
2020-05-11,0.73,255.802,19935.444,13.2
2020-05-12,0.69,255.802,19935.444,13.2
2020-05-13,0.64,255.802,19935.444,13.2
2020-05-14,0.63,255.802,19935.444,13.2
2020-05-15,0.64,255.802,19935.444,13.2
2020-05-16,0.64,255.802,19935.444,13.2
2020-05-17,0.64,255.802,19935.444,13.2
2020-05-18,0.73,255.802,19935.444,13.2
2020-05-19,0.7,255.802,19935.444,13.2
2020-05-20,0.68,255.802,19935.444,13.2
2020-05-21,0.68,255.802,19935.444,13.2
2020-05-22,0.66,255.802,19935.444,13.2
2020-05-23,0.66,255.802,19935.444,13.2
2020-05-24,0.66,255.802,19935.444,13.2
2020-05-25,0.66,255.802,19935.444,13.2
2020-05-26,0.69,255.802,19935.444,13.2
2020-05-27,0.68,255.802,19935.444,13.2
2020-05-28,0.7,255.802,19935.444,13.2
2020-05-29,0.65,255.802,19935.444,13.2
2020-05-30,0.65,255.802,19935.444,13.2
2020-05-31,0.65,255.802,19935.444,13.2
2020-06-01,0.66,257.042,19935.444,11.0
2020-06-02,0.68,257.042,19935.444,11.0
2020-06-03,0.77,257.042,19935.444,11.0
2020-06-04,0.82,257.042,19935.444,11.0
2020-06-05,0.91,257.042,19935.444,11.0
2020-06-06,0.91,257.042,19935.444,11.0
2020-06-07,0.91,257.042,19935.444,11.0
2020-06-08,0.88,257.042,19935.444,11.0
2020-06-09,0.84,257.042,19935.444,11.0
2020-06-10,0.75,257.042,19935.444,11.0
2020-06-11,0.66,257.042,19935.444,11.0
2020-06-12,0.71,257.042,19935.444,11.0
2020-06-13,0.71,257.042,19935.444,11.0
2020-06-14,0.71,257.042,19935.444,11.0
2020-06-15,0.71,257.042,19935.444,11.0
2020-06-16,0.75,257.042,19935.444,11.0
2020-06-17,0.74,257.042,19935.444,11.0
2020-06-18,0.71,257.042,19935.444,11.0
2020-06-19,0.7,257.042,19935.444,11.0
2020-06-20,0.7,257.042,19935.444,11.0
2020-06-21,0.7,257.042,19935.444,11.0
2020-06-22,0.71,257.042,19935.444,11.0
2020-06-23,0.72,257.042,19935.444,11.0
2020-06-24,0.69,257.042,19935.444,11.0
2020-06-25,0.68,257.042,19935.444,11.0
2020-06-26,0.64,257.042,19935.444,11.0
2020-06-27,0.64,257.042,19935.444,11.0
2020-06-28,0.64,257.042,19935.444,11.0
2020-06-29,0.64,257.042,19935.444,11.0
2020-06-30,0.66,257.042,19935.444,11.0
2020-07-01,0.69,258.352,21684.551,10.2
2020-07-02,0.68,258.352,21684.551,10.2
2020-07-03,0.68,258.352,21684.551,10.2
2020-07-04,0.68,258.352,21684.551,10.2
2020-07-05,0.68,258.352,21684.551,10.2
2020-07-06,0.69,258.352,21684.551,10.2
2020-07-07,0.65,258.352,21684.551,10.2
2020-07-08,0.67,258.352,21684.551,10.2
2020-07-09,0.62,258.352,21684.551,10.2
2020-07-10,0.65,258.352,21684.551,10.2
2020-07-11,0.65,258.352,21684.551,10.2
2020-07-12,0.65,258.352,21684.551,10.2
2020-07-13,0.64,258.352,21684.551,10.2
2020-07-14,0.63,258.352,21684.551,10.2
2020-07-15,0.64,258.352,21684.551,10.2
2020-07-16,0.62,258.352,21684.551,10.2
2020-07-17,0.64,258.352,21684.551,10.2
2020-07-18,0.64,258.352,21684.551,10.2
2020-07-19,0.64,258.352,21684.551,10.2
2020-07-20,0.62,258.352,21684.551,10.2
2020-07-21,0.61,258.352,21684.551,10.2
2020-07-22,0.6,258.352,21684.551,10.2
2020-07-23,0.59,258.352,21684.551,10.2
2020-07-24,0.59,258.352,21684.551,10.2
2020-07-25,0.59,258.352,21684.551,10.2
2020-07-26,0.59,258.352,21684.551,10.2
2020-07-27,0.62,258.352,21684.551,10.2
2020-07-28,0.59,258.352,21684.551,10.2
2020-07-29,0.58,258.352,21684.551,10.2
2020-07-30,0.55,258.352,21684.551,10.2
2020-07-31,0.55,258.352,21684.551,10.2
2020-08-01,0.55,259.316,21684.551,8.4
2020-08-02,0.55,259.316,21684.551,8.4
2020-08-03,0.56,259.316,21684.551,8.4
2020-08-04,0.52,259.316,21684.551,8.4
2020-08-05,0.55,259.316,21684.551,8.4
2020-08-06,0.55,259.316,21684.551,8.4
2020-08-07,0.57,259.316,21684.551,8.4
2020-08-08,0.57,259.316,21684.551,8.4
2020-08-09,0.57,259.316,21684.551,8.4
2020-08-10,0.59,259.316,21684.551,8.4
2020-08-11,0.64,259.316,21684.551,8.4
2020-08-12,0.69,259.316,21684.551,8.4
2020-08-13,0.71,259.316,21684.551,8.4
2020-08-14,0.71,259.316,21684.551,8.4
2020-08-15,0.71,259.316,21684.551,8.4
2020-08-16,0.71,259.316,21684.551,8.4
2020-08-17,0.69,259.316,21684.551,8.4
2020-08-18,0.67,259.316,21684.551,8.4
2020-08-19,0.68,259.316,21684.551,8.4
2020-08-20,0.65,259.316,21684.551,8.4
2020-08-21,0.64,259.316,21684.551,8.4
2020-08-22,0.64,259.316,21684.551,8.4
2020-08-23,0.64,259.316,21684.551,8.4
2020-08-24,0.65,259.316,21684.551,8.4
2020-08-25,0.69,259.316,21684.551,8.4
2020-08-26,0.69,259.316,21684.551,8.4
2020-08-27,0.74,259.316,21684.551,8.4
2020-08-28,0.74,259.316,21684.551,8.4
2020-08-29,0.74,259.316,21684.551,8.4
2020-08-30,0.74,259.316,21684.551,8.4
2020-08-31,0.72,259.316,21684.551,8.4
2020-09-01,0.68,259.997,21684.551,7.8
2020-09-02,0.66,259.997,21684.551,7.8
2020-09-03,0.63,259.997,21684.551,7.8
2020-09-04,0.72,259.997,21684.551,7.8
2020-09-05,0.72,259.997,21684.551,7.8
2020-09-06,0.72,259.997,21684.551,7.8
2020-09-07,0.72,259.997,21684.551,7.8
2020-09-08,0.69,259.997,21684.551,7.8
2020-09-09,0.71,259.997,21684.551,7.8
2020-09-10,0.68,259.997,21684.551,7.8
2020-09-11,0.67,259.997,21684.551,7.8
2020-09-12,0.67,259.997,21684.551,7.8
2020-09-13,0.67,259.997,21684.551,7.8
2020-09-14,0.68,259.997,21684.551,7.8
2020-09-15,0.68,259.997,21684.551,7.8
2020-09-16,0.69,259.997,21684.551,7.8
2020-09-17,0.69,259.997,21684.551,7.8
2020-09-18,0.7,259.997,21684.551,7.8
2020-09-19,0.7,259.997,21684.551,7.8
2020-09-20,0.7,259.997,21684.551,7.8
2020-09-21,0.68,259.997,21684.551,7.8
2020-09-22,0.68,259.997,21684.551,7.8
2020-09-23,0.68,259.997,21684.551,7.8
2020-09-24,0.67,259.997,21684.551,7.8
2020-09-25,0.66,259.997,21684.551,7.8
2020-09-26,0.66,259.997,21684.551,7.8
2020-09-27,0.66,259.997,21684.551,7.8
2020-09-28,0.67,259.997,21684.551,7.8
2020-09-29,0.66,259.997,21684.551,7.8
2020-09-30,0.69,259.997,21684.551,7.8
2020-10-01,0.68,260.319,22068.767,6.9
2020-10-02,0.7,260.319,22068.767,6.9
2020-10-03,0.7,260.319,22068.767,6.9
2020-10-04,0.7,260.319,22068.767,6.9
2020-10-05,0.78,260.319,22068.767,6.9
2020-10-06,0.76,260.319,22068.767,6.9
2020-10-07,0.81,260.319,22068.767,6.9
2020-10-08,0.78,260.319,22068.767,6.9
2020-10-09,0.79,260.319,22068.767,6.9
2020-10-10,0.79,260.319,22068.767,6.9
2020-10-11,0.79,260.319,22068.767,6.9
2020-10-12,0.79,260.319,22068.767,6.9
2020-10-13,0.74,260.319,22068.767,6.9
2020-10-14,0.73,260.319,22068.767,6.9
2020-10-15,0.74,260.319,22068.767,6.9
2020-10-16,0.76,260.319,22068.767,6.9
2020-10-17,0.76,260.319,22068.767,6.9
2020-10-18,0.76,260.319,22068.767,6.9
2020-10-19,0.78,260.319,22068.767,6.9
2020-10-20,0.81,260.319,22068.767,6.9
2020-10-21,0.83,260.319,22068.767,6.9
2020-10-22,0.87,260.319,22068.767,6.9
2020-10-23,0.85,260.319,22068.767,6.9
2020-10-24,0.85,260.319,22068.767,6.9
2020-10-25,0.85,260.319,22068.767,6.9
2020-10-26,0.81,260.319,22068.767,6.9
2020-10-27,0.79,260.319,22068.767,6.9
2020-10-28,0.79,260.319,22068.767,6.9
2020-10-29,0.85,260.319,22068.767,6.9
2020-10-30,0.88,260.319,22068.767,6.9
2020-10-31,0.88,260.319,22068.767,6.9
2020-11-01,0.88,260.911,22068.767,6.7
2020-11-02,0.87,260.911,22068.767,6.7
2020-11-03,0.9,260.911,22068.767,6.7
2020-11-04,0.78,260.911,22068.767,6.7
2020-11-05,0.79,260.911,22068.767,6.7
2020-11-06,0.83,260.911,22068.767,6.7
2020-11-07,0.83,260.911,22068.767,6.7
2020-11-08,0.83,260.911,22068.767,6.7
2020-11-09,0.96,260.911,22068.767,6.7
2020-11-10,0.98,260.911,22068.767,6.7
2020-11-11,0.98,260.911,22068.767,6.7
2020-11-12,0.88,260.911,22068.767,6.7
2020-11-13,0.89,260.911,22068.767,6.7
2020-11-14,0.89,260.911,22068.767,6.7
2020-11-15,0.89,260.911,22068.767,6.7
2020-11-16,0.91,260.911,22068.767,6.7
2020-11-17,0.87,260.911,22068.767,6.7
2020-11-18,0.88,260.911,22068.767,6.7
2020-11-19,0.86,260.911,22068.767,6.7
2020-11-20,0.83,260.911,22068.767,6.7
2020-11-21,0.83,260.911,22068.767,6.7
2020-11-22,0.83,260.911,22068.767,6.7
2020-11-23,0.86,260.911,22068.767,6.7
2020-11-24,0.88,260.911,22068.767,6.7
2020-11-25,0.88,260.911,22068.767,6.7
2020-11-26,0.88,260.911,22068.767,6.7
2020-11-27,0.84,260.911,22068.767,6.7
2020-11-28,0.84,260.911,22068.767,6.7
2020-11-29,0.84,260.911,22068.767,6.7
2020-11-30,0.84,260.911,22068.767,6.7
2020-12-01,0.92,262.045,22068.767,6.7
2020-12-02,0.95,262.045,22068.767,6.7
2020-12-03,0.92,262.045,22068.767,6.7
2020-12-04,0.97,262.045,22068.767,6.7
2020-12-05,0.97,262.045,22068.767,6.7
2020-12-06,0.97,262.045,22068.767,6.7
2020-12-07,0.94,262.045,22068.767,6.7
2020-12-08,0.92,262.045,22068.767,6.7
2020-12-09,0.95,262.045,22068.767,6.7
2020-12-10,0.92,262.045,22068.767,6.7
2020-12-11,0.9,262.045,22068.767,6.7
2020-12-12,0.9,262.045,22068.767,6.7
2020-12-13,0.9,262.045,22068.767,6.7
2020-12-14,0.9,262.045,22068.767,6.7
2020-12-15,0.92,262.045,22068.767,6.7
2020-12-16,0.92,262.045,22068.767,6.7
2020-12-17,0.94,262.045,22068.767,6.7
2020-12-18,0.95,262.045,22068.767,6.7
2020-12-19,0.95,262.045,22068.767,6.7
2020-12-20,0.95,262.045,22068.767,6.7
2020-12-21,0.95,262.045,22068.767,6.7
2020-12-22,0.93,262.045,22068.767,6.7
2020-12-23,0.96,262.045,22068.767,6.7
2020-12-24,0.94,262.045,22068.767,6.7
2020-12-25,0.94,262.045,22068.767,6.7
2020-12-26,0.94,262.045,22068.767,6.7
2020-12-27,0.94,262.045,22068.767,6.7
2020-12-28,0.94,262.045,22068.767,6.7
2020-12-29,0.94,262.045,22068.767,6.7
2020-12-30,0.93,262.045,22068.767,6.7
2020-12-31,0.93,262.045,22068.767,6.7
2021-01-01,0.93,262.639,22656.793,6.4
2021-01-02,0.93,262.639,22656.793,6.4
2021-01-03,0.93,262.639,22656.793,6.4
2021-01-04,0.93,262.639,22656.793,6.4
2021-01-05,0.96,262.639,22656.793,6.4
2021-01-06,1.04,262.639,22656.793,6.4
2021-01-07,1.08,262.639,22656.793,6.4
2021-01-08,1.13,262.639,22656.793,6.4
2021-01-09,1.13,262.639,22656.793,6.4
2021-01-10,1.13,262.639,22656.793,6.4
2021-01-11,1.15,262.639,22656.793,6.4
2021-01-12,1.15,262.639,22656.793,6.4
2021-01-13,1.1,262.639,22656.793,6.4
2021-01-14,1.15,262.639,22656.793,6.4
2021-01-15,1.11,262.639,22656.793,6.4
2021-01-16,1.11,262.639,22656.793,6.4
2021-01-17,1.11,262.639,22656.793,6.4
2021-01-18,1.11,262.639,22656.793,6.4
2021-01-19,1.1,262.639,22656.793,6.4
2021-01-20,1.1,262.639,22656.793,6.4
2021-01-21,1.12,262.639,22656.793,6.4
2021-01-22,1.1,262.639,22656.793,6.4
2021-01-23,1.1,262.639,22656.793,6.4
2021-01-24,1.1,262.639,22656.793,6.4
2021-01-25,1.05,262.639,22656.793,6.4
2021-01-26,1.05,262.639,22656.793,6.4
2021-01-27,1.04,262.639,22656.793,6.4
2021-01-28,1.07,262.639,22656.793,6.4
2021-01-29,1.11,262.639,22656.793,6.4
2021-01-30,1.11,262.639,22656.793,6.4
2021-01-31,1.11,262.639,22656.793,6.4
2021-02-01,1.09,263.573,22656.793,6.2
2021-02-02,1.12,263.573,22656.793,6.2
2021-02-03,1.15,263.573,22656.793,6.2
2021-02-04,1.15,263.573,22656.793,6.2
2021-02-05,1.19,263.573,22656.793,6.2
2021-02-06,1.19,263.573,22656.793,6.2
2021-02-07,1.19,263.573,22656.793,6.2
2021-02-08,1.19,263.573,22656.793,6.2
2021-02-09,1.18,263.573,22656.793,6.2
2021-02-10,1.15,263.573,22656.793,6.2
2021-02-11,1.16,263.573,22656.793,6.2
2021-02-12,1.2,263.573,22656.793,6.2
2021-02-13,1.2,263.573,22656.793,6.2
2021-02-14,1.2,263.573,22656.793,6.2
2021-02-15,1.2,263.573,22656.793,6.2
2021-02-16,1.3,263.573,22656.793,6.2
2021-02-17,1.29,263.573,22656.793,6.2
2021-02-18,1.29,263.573,22656.793,6.2
2021-02-19,1.34,263.573,22656.793,6.2
2021-02-20,1.34,263.573,22656.793,6.2
2021-02-21,1.34,263.573,22656.793,6.2
2021-02-22,1.37,263.573,22656.793,6.2
2021-02-23,1.37,263.573,22656.793,6.2
2021-02-24,1.38,263.573,22656.793,6.2
2021-02-25,1.54,263.573,22656.793,6.2
2021-02-26,1.44,263.573,22656.793,6.2
2021-02-27,1.44,263.573,22656.793,6.2
2021-02-28,1.44,263.573,22656.793,6.2
2021-03-01,1.45,264.847,22656.793,6.1
2021-03-02,1.42,264.847,22656.793,6.1
2021-03-03,1.47,264.847,22656.793,6.1
2021-03-04,1.54,264.847,22656.793,6.1
2021-03-05,1.56,264.847,22656.793,6.1
2021-03-06,1.56,264.847,22656.793,6.1
2021-03-07,1.56,264.847,22656.793,6.1
2021-03-08,1.59,264.847,22656.793,6.1
2021-03-09,1.55,264.847,22656.793,6.1
2021-03-10,1.53,264.847,22656.793,6.1
2021-03-11,1.54,264.847,22656.793,6.1
2021-03-12,1.64,264.847,22656.793,6.1
2021-03-13,1.64,264.847,22656.793,6.1
2021-03-14,1.64,264.847,22656.793,6.1
2021-03-15,1.62,264.847,22656.793,6.1
2021-03-16,1.62,264.847,22656.793,6.1
2021-03-17,1.63,264.847,22656.793,6.1
2021-03-18,1.71,264.847,22656.793,6.1
2021-03-19,1.74,264.847,22656.793,6.1
2021-03-20,1.74,264.847,22656.793,6.1
2021-03-21,1.74,264.847,22656.793,6.1
2021-03-22,1.69,264.847,22656.793,6.1
2021-03-23,1.63,264.847,22656.793,6.1
2021-03-24,1.62,264.847,22656.793,6.1
2021-03-25,1.63,264.847,22656.793,6.1
2021-03-26,1.67,264.847,22656.793,6.1
2021-03-27,1.67,264.847,22656.793,6.1
2021-03-28,1.67,264.847,22656.793,6.1
2021-03-29,1.73,264.847,22656.793,6.1
2021-03-30,1.73,264.847,22656.793,6.1
2021-03-31,1.74,264.847,22656.793,6.1
2021-04-01,1.69,266.625,23368.861,6.1
2021-04-02,1.72,266.625,23368.861,6.1
2021-04-03,1.72,266.625,23368.861,6.1
2021-04-04,1.72,266.625,23368.861,6.1
2021-04-05,1.73,266.625,23368.861,6.1
2021-04-06,1.67,266.625,23368.861,6.1
2021-04-07,1.68,266.625,23368.861,6.1
2021-04-08,1.64,266.625,23368.861,6.1
2021-04-09,1.67,266.625,23368.861,6.1
2021-04-10,1.67,266.625,23368.861,6.1
2021-04-11,1.67,266.625,23368.861,6.1
2021-04-12,1.69,266.625,23368.861,6.1
2021-04-13,1.64,266.625,23368.861,6.1
2021-04-14,1.64,266.625,23368.861,6.1
2021-04-15,1.56,266.625,23368.861,6.1
2021-04-16,1.59,266.625,23368.861,6.1
2021-04-17,1.59,266.625,23368.861,6.1
2021-04-18,1.59,266.625,23368.861,6.1
2021-04-19,1.61,266.625,23368.861,6.1
2021-04-20,1.58,266.625,23368.861,6.1
2021-04-21,1.57,266.625,23368.861,6.1
2021-04-22,1.57,266.625,23368.861,6.1
2021-04-23,1.58,266.625,23368.861,6.1
2021-04-24,1.58,266.625,23368.861,6.1
2021-04-25,1.58,266.625,23368.861,6.1
2021-04-26,1.58,266.625,23368.861,6.1
2021-04-27,1.63,266.625,23368.861,6.1
2021-04-28,1.63,266.625,23368.861,6.1
2021-04-29,1.65,266.625,23368.861,6.1
2021-04-30,1.65,266.625,23368.861,6.1
2021-05-01,1.65,268.404,23368.861,5.8
2021-05-02,1.65,268.404,23368.861,5.8
2021-05-03,1.63,268.404,23368.861,5.8
2021-05-04,1.61,268.404,23368.861,5.8
2021-05-05,1.59,268.404,23368.861,5.8
2021-05-06,1.58,268.404,23368.861,5.8
2021-05-07,1.6,268.404,23368.861,5.8
2021-05-08,1.6,268.404,23368.861,5.8
2021-05-09,1.6,268.404,23368.861,5.8
2021-05-10,1.63,268.404,23368.861,5.8
2021-05-11,1.64,268.404,23368.861,5.8
2021-05-12,1.69,268.404,23368.861,5.8
2021-05-13,1.66,268.404,23368.861,5.8
2021-05-14,1.63,268.404,23368.861,5.8
2021-05-15,1.63,268.404,23368.861,5.8
2021-05-16,1.63,268.404,23368.861,5.8
2021-05-17,1.64,268.404,23368.861,5.8
2021-05-18,1.64,268.404,23368.861,5.8
2021-05-19,1.68,268.404,23368.861,5.8
2021-05-20,1.63,268.404,23368.861,5.8
2021-05-21,1.63,268.404,23368.861,5.8
2021-05-22,1.63,268.404,23368.861,5.8
2021-05-23,1.63,268.404,23368.861,5.8
2021-05-24,1.61,268.404,23368.861,5.8
2021-05-25,1.56,268.404,23368.861,5.8
2021-05-26,1.58,268.404,23368.861,5.8
2021-05-27,1.61,268.404,23368.861,5.8
2021-05-28,1.58,268.404,23368.861,5.8
2021-05-29,1.58,268.404,23368.861,5.8
2021-05-30,1.58,268.404,23368.861,5.8
2021-05-31,1.58,268.404,23368.861,5.8
2021-06-01,1.62,270.71,23368.861,5.9
2021-06-02,1.59,270.71,23368.861,5.9
2021-06-03,1.63,270.71,23368.861,5.9
2021-06-04,1.56,270.71,23368.861,5.9
2021-06-05,1.56,270.71,23368.861,5.9
2021-06-06,1.56,270.71,23368.861,5.9
2021-06-07,1.57,270.71,23368.861,5.9
2021-06-08,1.53,270.71,23368.861,5.9
2021-06-09,1.5,270.71,23368.861,5.9
2021-06-10,1.45,270.71,23368.861,5.9
2021-06-11,1.47,270.71,23368.861,5.9
2021-06-12,1.47,270.71,23368.861,5.9
2021-06-13,1.47,270.71,23368.861,5.9
2021-06-14,1.51,270.71,23368.861,5.9
2021-06-15,1.51,270.71,23368.861,5.9
2021-06-16,1.57,270.71,23368.861,5.9
2021-06-17,1.52,270.71,23368.861,5.9
2021-06-18,1.45,270.71,23368.861,5.9
2021-06-19,1.45,270.71,23368.861,5.9
2021-06-20,1.45,270.71,23368.861,5.9
2021-06-21,1.5,270.71,23368.861,5.9
2021-06-22,1.48,270.71,23368.861,5.9
2021-06-23,1.5,270.71,23368.861,5.9
2021-06-24,1.49,270.71,23368.861,5.9
2021-06-25,1.54,270.71,23368.861,5.9
2021-06-26,1.54,270.71,23368.861,5.9
2021-06-27,1.54,270.71,23368.861,5.9
2021-06-28,1.49,270.71,23368.861,5.9
2021-06-29,1.49,270.71,23368.861,5.9
2021-06-30,1.45,270.71,23368.861,5.9
2021-07-01,1.48,271.965,23921.991,5.4
2021-07-02,1.44,271.965,23921.991,5.4
2021-07-03,1.44,271.965,23921.991,5.4
2021-07-04,1.44,271.965,23921.991,5.4
2021-07-05,1.44,271.965,23921.991,5.4
2021-07-06,1.37,271.965,23921.991,5.4
2021-07-07,1.33,271.965,23921.991,5.4
2021-07-08,1.3,271.965,23921.991,5.4
2021-07-09,1.37,271.965,23921.991,5.4
2021-07-10,1.37,271.965,23921.991,5.4
2021-07-11,1.37,271.965,23921.991,5.4
2021-07-12,1.38,271.965,23921.991,5.4
2021-07-13,1.42,271.965,23921.991,5.4
2021-07-14,1.37,271.965,23921.991,5.4
2021-07-15,1.31,271.965,23921.991,5.4
2021-07-16,1.31,271.965,23921.991,5.4
2021-07-17,1.31,271.965,23921.991,5.4
2021-07-18,1.31,271.965,23921.991,5.4
2021-07-19,1.19,271.965,23921.991,5.4
2021-07-20,1.23,271.965,23921.991,5.4
2021-07-21,1.3,271.965,23921.991,5.4
2021-07-22,1.27,271.965,23921.991,5.4
2021-07-23,1.3,271.965,23921.991,5.4
2021-07-24,1.3,271.965,23921.991,5.4
2021-07-25,1.3,271.965,23921.991,5.4
2021-07-26,1.29,271.965,23921.991,5.4
2021-07-27,1.25,271.965,23921.991,5.4
2021-07-28,1.26,271.965,23921.991,5.4
2021-07-29,1.28,271.965,23921.991,5.4
2021-07-30,1.24,271.965,23921.991,5.4
2021-07-31,1.24,271.965,23921.991,5.4
2021-08-01,1.24,272.752,23921.991,5.1
2021-08-02,1.2,272.752,23921.991,5.1
2021-08-03,1.19,272.752,23921.991,5.1
2021-08-04,1.19,272.752,23921.991,5.1
2021-08-05,1.23,272.752,23921.991,5.1
2021-08-06,1.31,272.752,23921.991,5.1
2021-08-07,1.31,272.752,23921.991,5.1
2021-08-08,1.31,272.752,23921.991,5.1
2021-08-09,1.33,272.752,23921.991,5.1
2021-08-10,1.36,272.752,23921.991,5.1
2021-08-11,1.35,272.752,23921.991,5.1
2021-08-12,1.36,272.752,23921.991,5.1
2021-08-13,1.29,272.752,23921.991,5.1
2021-08-14,1.29,272.752,23921.991,5.1
2021-08-15,1.29,272.752,23921.991,5.1
2021-08-16,1.26,272.752,23921.991,5.1
2021-08-17,1.26,272.752,23921.991,5.1
2021-08-18,1.27,272.752,23921.991,5.1
2021-08-19,1.24,272.752,23921.991,5.1
2021-08-20,1.26,272.752,23921.991,5.1
2021-08-21,1.26,272.752,23921.991,5.1
2021-08-22,1.26,272.752,23921.991,5.1
2021-08-23,1.25,272.752,23921.991,5.1
2021-08-24,1.29,272.752,23921.991,5.1
2021-08-25,1.35,272.752,23921.991,5.1
2021-08-26,1.34,272.752,23921.991,5.1
2021-08-27,1.31,272.752,23921.991,5.1
2021-08-28,1.31,272.752,23921.991,5.1
2021-08-29,1.31,272.752,23921.991,5.1
2021-08-30,1.29,272.752,23921.991,5.1
2021-08-31,1.3,272.752,23921.991,5.1
2021-09-01,1.31,273.942,23921.991,4.7
2021-09-02,1.29,273.942,23921.991,4.7
2021-09-03,1.33,273.942,23921.991,4.7
2021-09-04,1.33,273.942,23921.991,4.7
2021-09-05,1.33,273.942,23921.991,4.7
2021-09-06,1.33,273.942,23921.991,4.7
2021-09-07,1.38,273.942,23921.991,4.7
2021-09-08,1.35,273.942,23921.991,4.7
2021-09-09,1.3,273.942,23921.991,4.7
2021-09-10,1.35,273.942,23921.991,4.7
2021-09-11,1.35,273.942,23921.991,4.7
2021-09-12,1.35,273.942,23921.991,4.7
2021-09-13,1.33,273.942,23921.991,4.7
2021-09-14,1.28,273.942,23921.991,4.7
2021-09-15,1.31,273.942,23921.991,4.7
2021-09-16,1.34,273.942,23921.991,4.7
2021-09-17,1.37,273.942,23921.991,4.7
2021-09-18,1.37,273.942,23921.991,4.7
2021-09-19,1.37,273.942,23921.991,4.7
2021-09-20,1.31,273.942,23921.991,4.7
2021-09-21,1.33,273.942,23921.991,4.7
2021-09-22,1.32,273.942,23921.991,4.7
2021-09-23,1.41,273.942,23921.991,4.7
2021-09-24,1.47,273.942,23921.991,4.7
2021-09-25,1.47,273.942,23921.991,4.7
2021-09-26,1.47,273.942,23921.991,4.7
2021-09-27,1.48,273.942,23921.991,4.7
2021-09-28,1.54,273.942,23921.991,4.7
2021-09-29,1.55,273.942,23921.991,4.7
2021-09-30,1.52,273.942,23921.991,4.7
2021-10-01,1.48,276.528,24777.038,4.5
2021-10-02,1.48,276.528,24777.038,4.5
2021-10-03,1.48,276.528,24777.038,4.5
2021-10-04,1.49,276.528,24777.038,4.5
2021-10-05,1.54,276.528,24777.038,4.5
2021-10-06,1.53,276.528,24777.038,4.5
2021-10-07,1.58,276.528,24777.038,4.5
2021-10-08,1.61,276.528,24777.038,4.5
2021-10-09,1.61,276.528,24777.038,4.5
2021-10-10,1.61,276.528,24777.038,4.5
2021-10-11,1.61,276.528,24777.038,4.5
2021-10-12,1.59,276.528,24777.038,4.5
2021-10-13,1.56,276.528,24777.038,4.5
2021-10-14,1.52,276.528,24777.038,4.5
2021-10-15,1.59,276.528,24777.038,4.5
2021-10-16,1.59,276.528,24777.038,4.5
2021-10-17,1.59,276.528,24777.038,4.5
2021-10-18,1.59,276.528,24777.038,4.5
2021-10-19,1.65,276.528,24777.038,4.5
2021-10-20,1.65,276.528,24777.038,4.5
2021-10-21,1.68,276.528,24777.038,4.5
2021-10-22,1.66,276.528,24777.038,4.5
2021-10-23,1.66,276.528,24777.038,4.5
2021-10-24,1.66,276.528,24777.038,4.5
2021-10-25,1.64,276.528,24777.038,4.5
2021-10-26,1.63,276.528,24777.038,4.5
2021-10-27,1.54,276.528,24777.038,4.5
2021-10-28,1.57,276.528,24777.038,4.5
2021-10-29,1.55,276.528,24777.038,4.5
2021-10-30,1.55,276.528,24777.038,4.5
2021-10-31,1.55,276.528,24777.038,4.5
2021-11-01,1.58,278.824,24777.038,4.2
2021-11-02,1.56,278.824,24777.038,4.2
2021-11-03,1.6,278.824,24777.038,4.2
2021-11-04,1.53,278.824,24777.038,4.2
2021-11-05,1.45,278.824,24777.038,4.2
2021-11-06,1.45,278.824,24777.038,4.2
2021-11-07,1.45,278.824,24777.038,4.2
2021-11-08,1.51,278.824,24777.038,4.2
2021-11-09,1.46,278.824,24777.038,4.2
2021-11-10,1.56,278.824,24777.038,4.2
2021-11-11,1.56,278.824,24777.038,4.2
2021-11-12,1.58,278.824,24777.038,4.2
2021-11-13,1.58,278.824,24777.038,4.2
2021-11-14,1.58,278.824,24777.038,4.2
2021-11-15,1.63,278.824,24777.038,4.2
2021-11-16,1.63,278.824,24777.038,4.2
2021-11-17,1.6,278.824,24777.038,4.2
2021-11-18,1.59,278.824,24777.038,4.2
2021-11-19,1.54,278.824,24777.038,4.2
2021-11-20,1.54,278.824,24777.038,4.2
2021-11-21,1.54,278.824,24777.038,4.2
2021-11-22,1.63,278.824,24777.038,4.2
2021-11-23,1.67,278.824,24777.038,4.2
2021-11-24,1.64,278.824,24777.038,4.2
2021-11-25,1.64,278.824,24777.038,4.2
2021-11-26,1.48,278.824,24777.038,4.2
2021-11-27,1.48,278.824,24777.038,4.2
2021-11-28,1.48,278.824,24777.038,4.2
2021-11-29,1.52,278.824,24777.038,4.2
2021-11-30,1.43,278.824,24777.038,4.2
2021-12-01,1.43,280.806,24777.038,3.9
2021-12-02,1.44,280.806,24777.038,3.9
2021-12-03,1.35,280.806,24777.038,3.9
2021-12-04,1.35,280.806,24777.038,3.9
2021-12-05,1.35,280.806,24777.038,3.9
2021-12-06,1.43,280.806,24777.038,3.9
2021-12-07,1.48,280.806,24777.038,3.9
2021-12-08,1.52,280.806,24777.038,3.9
2021-12-09,1.49,280.806,24777.038,3.9
2021-12-10,1.48,280.806,24777.038,3.9
2021-12-11,1.48,280.806,24777.038,3.9
2021-12-12,1.48,280.806,24777.038,3.9
2021-12-13,1.42,280.806,24777.038,3.9
2021-12-14,1.44,280.806,24777.038,3.9
2021-12-15,1.47,280.806,24777.038,3.9
2021-12-16,1.44,280.806,24777.038,3.9
2021-12-17,1.41,280.806,24777.038,3.9
2021-12-18,1.41,280.806,24777.038,3.9
2021-12-19,1.41,280.806,24777.038,3.9
2021-12-20,1.43,280.806,24777.038,3.9
2021-12-21,1.48,280.806,24777.038,3.9
2021-12-22,1.46,280.806,24777.038,3.9
2021-12-23,1.5,280.806,24777.038,3.9
2021-12-24,1.5,280.806,24777.038,3.9
2021-12-25,1.5,280.806,24777.038,3.9
2021-12-26,1.5,280.806,24777.038,3.9
2021-12-27,1.48,280.806,24777.038,3.9
2021-12-28,1.49,280.806,24777.038,3.9
2021-12-29,1.55,280.806,24777.038,3.9
2021-12-30,1.52,280.806,24777.038,3.9
2021-12-31,1.52,280.806,24777.038,3.9
2022-01-01,1.52,282.542,25215.491,4.0
2022-01-02,1.52,282.542,25215.491,4.0
2022-01-03,1.63,282.542,25215.491,4.0
2022-01-04,1.66,282.542,25215.491,4.0
2022-01-05,1.71,282.542,25215.491,4.0
2022-01-06,1.73,282.542,25215.491,4.0
2022-01-07,1.76,282.542,25215.491,4.0
2022-01-08,1.76,282.542,25215.491,4.0
2022-01-09,1.76,282.542,25215.491,4.0
2022-01-10,1.78,282.542,25215.491,4.0
2022-01-11,1.75,282.542,25215.491,4.0
2022-01-12,1.74,282.542,25215.491,4.0
2022-01-13,1.7,282.542,25215.491,4.0
2022-01-14,1.78,282.542,25215.491,4.0
2022-01-15,1.78,282.542,25215.491,4.0
2022-01-16,1.78,282.542,25215.491,4.0
2022-01-17,1.78,282.542,25215.491,4.0
2022-01-18,1.87,282.542,25215.491,4.0
2022-01-19,1.83,282.542,25215.491,4.0
2022-01-20,1.83,282.542,25215.491,4.0
2022-01-21,1.75,282.542,25215.491,4.0
2022-01-22,1.75,282.542,25215.491,4.0
2022-01-23,1.75,282.542,25215.491,4.0
2022-01-24,1.75,282.542,25215.491,4.0
2022-01-25,1.78,282.542,25215.491,4.0
2022-01-26,1.85,282.542,25215.491,4.0
2022-01-27,1.81,282.542,25215.491,4.0
2022-01-28,1.78,282.542,25215.491,4.0
2022-01-29,1.78,282.542,25215.491,4.0
2022-01-30,1.78,282.542,25215.491,4.0
2022-01-31,1.79,282.542,25215.491,4.0
2022-02-01,1.81,284.525,25215.491,3.8
2022-02-02,1.78,284.525,25215.491,3.8
2022-02-03,1.82,284.525,25215.491,3.8
2022-02-04,1.93,284.525,25215.491,3.8
2022-02-05,1.93,284.525,25215.491,3.8
2022-02-06,1.93,284.525,25215.491,3.8
2022-02-07,1.92,284.525,25215.491,3.8
2022-02-08,1.96,284.525,25215.491,3.8
2022-02-09,1.94,284.525,25215.491,3.8
2022-02-10,2.03,284.525,25215.491,3.8
2022-02-11,1.92,284.525,25215.491,3.8
2022-02-12,1.92,284.525,25215.491,3.8
2022-02-13,1.92,284.525,25215.491,3.8
2022-02-14,1.98,284.525,25215.491,3.8
2022-02-15,2.05,284.525,25215.491,3.8
2022-02-16,2.03,284.525,25215.491,3.8
2022-02-17,1.97,284.525,25215.491,3.8
2022-02-18,1.92,284.525,25215.491,3.8
2022-02-19,1.92,284.525,25215.491,3.8
2022-02-20,1.92,284.525,25215.491,3.8
2022-02-21,1.92,284.525,25215.491,3.8
2022-02-22,1.94,284.525,25215.491,3.8
2022-02-23,1.99,284.525,25215.491,3.8
2022-02-24,1.96,284.525,25215.491,3.8
2022-02-25,1.97,284.525,25215.491,3.8
2022-02-26,1.97,284.525,25215.491,3.8
2022-02-27,1.97,284.525,25215.491,3.8
2022-02-28,1.83,284.525,25215.491,3.8
2022-03-01,1.72,287.467,25215.491,3.7
2022-03-02,1.86,287.467,25215.491,3.7
2022-03-03,1.86,287.467,25215.491,3.7
2022-03-04,1.74,287.467,25215.491,3.7
2022-03-05,1.74,287.467,25215.491,3.7
2022-03-06,1.74,287.467,25215.491,3.7
2022-03-07,1.78,287.467,25215.491,3.7
2022-03-08,1.86,287.467,25215.491,3.7
2022-03-09,1.94,287.467,25215.491,3.7
2022-03-10,1.98,287.467,25215.491,3.7
2022-03-11,2.0,287.467,25215.491,3.7
2022-03-12,2.0,287.467,25215.491,3.7
2022-03-13,2.0,287.467,25215.491,3.7
2022-03-14,2.14,287.467,25215.491,3.7
2022-03-15,2.15,287.467,25215.491,3.7
2022-03-16,2.19,287.467,25215.491,3.7
2022-03-17,2.2,287.467,25215.491,3.7
2022-03-18,2.14,287.467,25215.491,3.7
2022-03-19,2.14,287.467,25215.491,3.7
2022-03-20,2.14,287.467,25215.491,3.7
2022-03-21,2.32,287.467,25215.491,3.7
2022-03-22,2.38,287.467,25215.491,3.7
2022-03-23,2.32,287.467,25215.491,3.7
2022-03-24,2.34,287.467,25215.491,3.7
2022-03-25,2.48,287.467,25215.491,3.7
2022-03-26,2.48,287.467,25215.491,3.7
2022-03-27,2.48,287.467,25215.491,3.7
2022-03-28,2.46,287.467,25215.491,3.7
2022-03-29,2.41,287.467,25215.491,3.7
2022-03-30,2.35,287.467,25215.491,3.7
2022-03-31,2.32,287.467,25215.491,3.7
2022-04-01,2.39,288.582,25805.791,3.7
2022-04-02,2.39,288.582,25805.791,3.7
2022-04-03,2.39,288.582,25805.791,3.7
2022-04-04,2.42,288.582,25805.791,3.7
2022-04-05,2.54,288.582,25805.791,3.7
2022-04-06,2.61,288.582,25805.791,3.7
2022-04-07,2.66,288.582,25805.791,3.7
2022-04-08,2.72,288.582,25805.791,3.7
2022-04-09,2.72,288.582,25805.791,3.7
2022-04-10,2.72,288.582,25805.791,3.7
2022-04-11,2.79,288.582,25805.791,3.7
2022-04-12,2.72,288.582,25805.791,3.7
2022-04-13,2.7,288.582,25805.791,3.7
2022-04-14,2.83,288.582,25805.791,3.7
2022-04-15,2.83,288.582,25805.791,3.7
2022-04-16,2.83,288.582,25805.791,3.7
2022-04-17,2.83,288.582,25805.791,3.7
2022-04-18,2.85,288.582,25805.791,3.7
2022-04-19,2.93,288.582,25805.791,3.7
2022-04-20,2.85,288.582,25805.791,3.7
2022-04-21,2.9,288.582,25805.791,3.7
2022-04-22,2.9,288.582,25805.791,3.7
2022-04-23,2.9,288.582,25805.791,3.7
2022-04-24,2.9,288.582,25805.791,3.7
2022-04-25,2.81,288.582,25805.791,3.7
2022-04-26,2.77,288.582,25805.791,3.7
2022-04-27,2.82,288.582,25805.791,3.7
2022-04-28,2.85,288.582,25805.791,3.7
2022-04-29,2.89,288.582,25805.791,3.7
2022-04-30,2.89,288.582,25805.791,3.7
2022-05-01,2.89,291.299,25805.791,3.6
2022-05-02,2.99,291.299,25805.791,3.6
2022-05-03,2.97,291.299,25805.791,3.6
2022-05-04,2.93,291.299,25805.791,3.6
2022-05-05,3.05,291.299,25805.791,3.6
2022-05-06,3.12,291.299,25805.791,3.6
2022-05-07,3.12,291.299,25805.791,3.6
2022-05-08,3.12,291.299,25805.791,3.6
2022-05-09,3.05,291.299,25805.791,3.6
2022-05-10,2.99,291.299,25805.791,3.6
2022-05-11,2.91,291.299,25805.791,3.6
2022-05-12,2.84,291.299,25805.791,3.6
2022-05-13,2.93,291.299,25805.791,3.6
2022-05-14,2.93,291.299,25805.791,3.6
2022-05-15,2.93,291.299,25805.791,3.6
2022-05-16,2.88,291.299,25805.791,3.6
2022-05-17,2.98,291.299,25805.791,3.6
2022-05-18,2.89,291.299,25805.791,3.6
2022-05-19,2.84,291.299,25805.791,3.6
2022-05-20,2.78,291.299,25805.791,3.6
2022-05-21,2.78,291.299,25805.791,3.6
2022-05-22,2.78,291.299,25805.791,3.6
2022-05-23,2.86,291.299,25805.791,3.6
2022-05-24,2.76,291.299,25805.791,3.6
2022-05-25,2.75,291.299,25805.791,3.6
2022-05-26,2.75,291.299,25805.791,3.6
2022-05-27,2.74,291.299,25805.791,3.6
2022-05-28,2.74,291.299,25805.791,3.6
2022-05-29,2.74,291.299,25805.791,3.6
2022-05-30,2.74,291.299,25805.791,3.6
2022-05-31,2.85,291.299,25805.791,3.6
2022-06-01,2.94,295.072,25805.791,3.6
2022-06-02,2.92,295.072,25805.791,3.6
2022-06-03,2.96,295.072,25805.791,3.6
2022-06-04,2.96,295.072,25805.791,3.6
2022-06-05,2.96,295.072,25805.791,3.6
2022-06-06,3.04,295.072,25805.791,3.6
2022-06-07,2.98,295.072,25805.791,3.6
2022-06-08,3.03,295.072,25805.791,3.6
2022-06-09,3.04,295.072,25805.791,3.6
2022-06-10,3.15,295.072,25805.791,3.6
2022-06-11,3.15,295.072,25805.791,3.6
2022-06-12,3.15,295.072,25805.791,3.6
2022-06-13,3.43,295.072,25805.791,3.6
2022-06-14,3.49,295.072,25805.791,3.6
2022-06-15,3.33,295.072,25805.791,3.6
2022-06-16,3.28,295.072,25805.791,3.6
2022-06-17,3.25,295.072,25805.791,3.6
2022-06-18,3.25,295.072,25805.791,3.6
2022-06-19,3.25,295.072,25805.791,3.6
2022-06-20,3.25,295.072,25805.791,3.6
2022-06-21,3.31,295.072,25805.791,3.6
2022-06-22,3.16,295.072,25805.791,3.6
2022-06-23,3.09,295.072,25805.791,3.6
2022-06-24,3.13,295.072,25805.791,3.6
2022-06-25,3.13,295.072,25805.791,3.6
2022-06-26,3.13,295.072,25805.791,3.6
2022-06-27,3.2,295.072,25805.791,3.6
2022-06-28,3.2,295.072,25805.791,3.6
2022-06-29,3.1,295.072,25805.791,3.6
2022-06-30,2.98,295.072,25805.791,3.6
2022-07-01,2.88,294.94,26272.011,3.5
2022-07-02,2.88,294.94,26272.011,3.5
2022-07-03,2.88,294.94,26272.011,3.5
2022-07-04,2.88,294.94,26272.011,3.5
2022-07-05,2.82,294.94,26272.011,3.5
2022-07-06,2.93,294.94,26272.011,3.5
2022-07-07,3.01,294.94,26272.011,3.5
2022-07-08,3.09,294.94,26272.011,3.5
2022-07-09,3.09,294.94,26272.011,3.5
2022-07-10,3.09,294.94,26272.011,3.5
2022-07-11,2.99,294.94,26272.011,3.5
2022-07-12,2.96,294.94,26272.011,3.5
2022-07-13,2.91,294.94,26272.011,3.5
2022-07-14,2.96,294.94,26272.011,3.5
2022-07-15,2.93,294.94,26272.011,3.5
2022-07-16,2.93,294.94,26272.011,3.5
2022-07-17,2.93,294.94,26272.011,3.5
2022-07-18,2.96,294.94,26272.011,3.5
2022-07-19,3.01,294.94,26272.011,3.5
2022-07-20,3.04,294.94,26272.011,3.5
2022-07-21,2.91,294.94,26272.011,3.5
2022-07-22,2.77,294.94,26272.011,3.5
2022-07-23,2.77,294.94,26272.011,3.5
2022-07-24,2.77,294.94,26272.011,3.5
2022-07-25,2.81,294.94,26272.011,3.5
2022-07-26,2.81,294.94,26272.011,3.5
2022-07-27,2.78,294.94,26272.011,3.5
2022-07-28,2.68,294.94,26272.011,3.5
2022-07-29,2.67,294.94,26272.011,3.5
2022-07-30,2.67,294.94,26272.011,3.5
2022-07-31,2.67,294.94,26272.011,3.5
2022-08-01,2.6,295.162,26272.011,3.6
2022-08-02,2.75,295.162,26272.011,3.6
2022-08-03,2.73,295.162,26272.011,3.6
2022-08-04,2.68,295.162,26272.011,3.6
2022-08-05,2.83,295.162,26272.011,3.6
2022-08-06,2.83,295.162,26272.011,3.6
2022-08-07,2.83,295.162,26272.011,3.6
2022-08-08,2.77,295.162,26272.011,3.6
2022-08-09,2.8,295.162,26272.011,3.6
2022-08-10,2.78,295.162,26272.011,3.6
2022-08-11,2.87,295.162,26272.011,3.6
2022-08-12,2.84,295.162,26272.011,3.6
2022-08-13,2.84,295.162,26272.011,3.6
2022-08-14,2.84,295.162,26272.011,3.6
2022-08-15,2.79,295.162,26272.011,3.6
2022-08-16,2.82,295.162,26272.011,3.6
2022-08-17,2.89,295.162,26272.011,3.6
2022-08-18,2.88,295.162,26272.011,3.6
2022-08-19,2.98,295.162,26272.011,3.6
2022-08-20,2.98,295.162,26272.011,3.6
2022-08-21,2.98,295.162,26272.011,3.6
2022-08-22,3.03,295.162,26272.011,3.6
2022-08-23,3.05,295.162,26272.011,3.6
2022-08-24,3.11,295.162,26272.011,3.6
2022-08-25,3.03,295.162,26272.011,3.6
2022-08-26,3.04,295.162,26272.011,3.6
2022-08-27,3.04,295.162,26272.011,3.6
2022-08-28,3.04,295.162,26272.011,3.6
2022-08-29,3.12,295.162,26272.011,3.6
2022-08-30,3.11,295.162,26272.011,3.6
2022-08-31,3.15,295.162,26272.011,3.6
2022-09-01,3.26,296.421,26272.011,3.5
2022-09-02,3.2,296.421,26272.011,3.5
2022-09-03,3.2,296.421,26272.011,3.5
2022-09-04,3.2,296.421,26272.011,3.5
2022-09-05,3.2,296.421,26272.011,3.5
2022-09-06,3.33,296.421,26272.011,3.5
2022-09-07,3.27,296.421,26272.011,3.5
2022-09-08,3.29,296.421,26272.011,3.5
2022-09-09,3.33,296.421,26272.011,3.5
2022-09-10,3.33,296.421,26272.011,3.5
2022-09-11,3.33,296.421,26272.011,3.5
2022-09-12,3.37,296.421,26272.011,3.5
2022-09-13,3.42,296.421,26272.011,3.5
2022-09-14,3.41,296.421,26272.011,3.5
2022-09-15,3.45,296.421,26272.011,3.5
2022-09-16,3.45,296.421,26272.011,3.5
2022-09-17,3.45,296.421,26272.011,3.5
2022-09-18,3.45,296.421,26272.011,3.5
2022-09-19,3.49,296.421,26272.011,3.5
2022-09-20,3.57,296.421,26272.011,3.5
2022-09-21,3.51,296.421,26272.011,3.5
2022-09-22,3.7,296.421,26272.011,3.5
2022-09-23,3.69,296.421,26272.011,3.5
2022-09-24,3.69,296.421,26272.011,3.5
2022-09-25,3.69,296.421,26272.011,3.5
2022-09-26,3.88,296.421,26272.011,3.5
2022-09-27,3.97,296.421,26272.011,3.5
2022-09-28,3.72,296.421,26272.011,3.5
2022-09-29,3.76,296.421,26272.011,3.5
2022-09-30,3.83,296.421,26272.011,3.5
2022-10-01,3.83,297.979,26734.277,3.6
2022-10-02,3.83,297.979,26734.277,3.6
2022-10-03,3.67,297.979,26734.277,3.6
2022-10-04,3.62,297.979,26734.277,3.6
2022-10-05,3.76,297.979,26734.277,3.6
2022-10-06,3.83,297.979,26734.277,3.6
2022-10-07,3.89,297.979,26734.277,3.6
2022-10-08,3.89,297.979,26734.277,3.6
2022-10-09,3.89,297.979,26734.277,3.6
2022-10-10,3.89,297.979,26734.277,3.6
2022-10-11,3.93,297.979,26734.277,3.6
2022-10-12,3.91,297.979,26734.277,3.6
2022-10-13,3.97,297.979,26734.277,3.6
2022-10-14,4.0,297.979,26734.277,3.6
2022-10-15,4.0,297.979,26734.277,3.6
2022-10-16,4.0,297.979,26734.277,3.6
2022-10-17,4.02,297.979,26734.277,3.6
2022-10-18,4.01,297.979,26734.277,3.6
2022-10-19,4.14,297.979,26734.277,3.6
2022-10-20,4.24,297.979,26734.277,3.6
2022-10-21,4.21,297.979,26734.277,3.6
2022-10-22,4.21,297.979,26734.277,3.6
2022-10-23,4.21,297.979,26734.277,3.6
2022-10-24,4.25,297.979,26734.277,3.6
2022-10-25,4.1,297.979,26734.277,3.6
2022-10-26,4.04,297.979,26734.277,3.6
2022-10-27,3.96,297.979,26734.277,3.6
2022-10-28,4.02,297.979,26734.277,3.6
2022-10-29,4.02,297.979,26734.277,3.6
2022-10-30,4.02,297.979,26734.277,3.6
2022-10-31,4.1,297.979,26734.277,3.6
2022-11-01,4.07,298.708,26734.277,3.6
2022-11-02,4.1,298.708,26734.277,3.6
2022-11-03,4.14,298.708,26734.277,3.6
2022-11-04,4.17,298.708,26734.277,3.6
2022-11-05,4.17,298.708,26734.277,3.6
2022-11-06,4.17,298.708,26734.277,3.6
2022-11-07,4.22,298.708,26734.277,3.6
2022-11-08,4.14,298.708,26734.277,3.6
2022-11-09,4.12,298.708,26734.277,3.6
2022-11-10,3.82,298.708,26734.277,3.6
2022-11-11,3.82,298.708,26734.277,3.6
2022-11-12,3.82,298.708,26734.277,3.6
2022-11-13,3.82,298.708,26734.277,3.6
2022-11-14,3.88,298.708,26734.277,3.6
2022-11-15,3.8,298.708,26734.277,3.6
2022-11-16,3.67,298.708,26734.277,3.6
2022-11-17,3.77,298.708,26734.277,3.6
2022-11-18,3.82,298.708,26734.277,3.6
2022-11-19,3.82,298.708,26734.277,3.6
2022-11-20,3.82,298.708,26734.277,3.6
2022-11-21,3.83,298.708,26734.277,3.6
2022-11-22,3.76,298.708,26734.277,3.6
2022-11-23,3.71,298.708,26734.277,3.6
2022-11-24,3.71,298.708,26734.277,3.6
2022-11-25,3.68,298.708,26734.277,3.6
2022-11-26,3.68,298.708,26734.277,3.6
2022-11-27,3.68,298.708,26734.277,3.6
2022-11-28,3.69,298.708,26734.277,3.6
2022-11-29,3.75,298.708,26734.277,3.6
2022-11-30,3.68,298.708,26734.277,3.6
2022-12-01,3.53,298.808,26734.277,3.5
2022-12-02,3.51,298.808,26734.277,3.5
2022-12-03,3.51,298.808,26734.277,3.5
2022-12-04,3.51,298.808,26734.277,3.5
2022-12-05,3.6,298.808,26734.277,3.5
2022-12-06,3.51,298.808,26734.277,3.5
2022-12-07,3.42,298.808,26734.277,3.5
2022-12-08,3.48,298.808,26734.277,3.5
2022-12-09,3.57,298.808,26734.277,3.5
2022-12-10,3.57,298.808,26734.277,3.5
2022-12-11,3.57,298.808,26734.277,3.5
2022-12-12,3.61,298.808,26734.277,3.5
2022-12-13,3.51,298.808,26734.277,3.5
2022-12-14,3.49,298.808,26734.277,3.5
2022-12-15,3.44,298.808,26734.277,3.5
2022-12-16,3.48,298.808,26734.277,3.5
2022-12-17,3.48,298.808,26734.277,3.5
2022-12-18,3.48,298.808,26734.277,3.5
2022-12-19,3.57,298.808,26734.277,3.5
2022-12-20,3.69,298.808,26734.277,3.5
2022-12-21,3.68,298.808,26734.277,3.5
2022-12-22,3.67,298.808,26734.277,3.5
2022-12-23,3.75,298.808,26734.277,3.5
2022-12-24,3.75,298.808,26734.277,3.5
2022-12-25,3.75,298.808,26734.277,3.5
2022-12-26,3.75,298.808,26734.277,3.5
2022-12-27,3.84,298.808,26734.277,3.5
2022-12-28,3.88,298.808,26734.277,3.5
2022-12-29,3.83,298.808,26734.277,3.5
2022-12-30,3.88,298.808,26734.277,3.5
2022-12-31,3.88,298.808,26734.277,3.5
2023-01-01,3.88,300.456,27164.359,3.5
2023-01-02,3.88,300.456,27164.359,3.5
2023-01-03,3.79,300.456,27164.359,3.5
2023-01-04,3.69,300.456,27164.359,3.5
2023-01-05,3.71,300.456,27164.359,3.5
2023-01-06,3.55,300.456,27164.359,3.5
2023-01-07,3.55,300.456,27164.359,3.5
2023-01-08,3.55,300.456,27164.359,3.5
2023-01-09,3.53,300.456,27164.359,3.5
2023-01-10,3.61,300.456,27164.359,3.5
2023-01-11,3.54,300.456,27164.359,3.5
2023-01-12,3.43,300.456,27164.359,3.5
2023-01-13,3.49,300.456,27164.359,3.5
2023-01-14,3.49,300.456,27164.359,3.5
2023-01-15,3.49,300.456,27164.359,3.5
2023-01-16,3.49,300.456,27164.359,3.5
2023-01-17,3.53,300.456,27164.359,3.5
2023-01-18,3.37,300.456,27164.359,3.5
2023-01-19,3.39,300.456,27164.359,3.5
2023-01-20,3.48,300.456,27164.359,3.5
2023-01-21,3.48,300.456,27164.359,3.5
2023-01-22,3.48,300.456,27164.359,3.5
2023-01-23,3.52,300.456,27164.359,3.5
2023-01-24,3.46,300.456,27164.359,3.5
2023-01-25,3.46,300.456,27164.359,3.5
2023-01-26,3.49,300.456,27164.359,3.5
2023-01-27,3.52,300.456,27164.359,3.5
2023-01-28,3.52,300.456,27164.359,3.5
2023-01-29,3.52,300.456,27164.359,3.5
2023-01-30,3.55,300.456,27164.359,3.5
2023-01-31,3.52,300.456,27164.359,3.5
2023-02-01,3.39,301.476,27164.359,3.6
2023-02-02,3.4,301.476,27164.359,3.6
2023-02-03,3.53,301.476,27164.359,3.6
2023-02-04,3.53,301.476,27164.359,3.6
2023-02-05,3.53,301.476,27164.359,3.6
2023-02-06,3.63,301.476,27164.359,3.6
2023-02-07,3.67,301.476,27164.359,3.6
2023-02-08,3.63,301.476,27164.359,3.6
2023-02-09,3.67,301.476,27164.359,3.6
2023-02-10,3.74,301.476,27164.359,3.6
2023-02-11,3.74,301.476,27164.359,3.6
2023-02-12,3.74,301.476,27164.359,3.6
2023-02-13,3.72,301.476,27164.359,3.6
2023-02-14,3.77,301.476,27164.359,3.6
2023-02-15,3.81,301.476,27164.359,3.6
2023-02-16,3.86,301.476,27164.359,3.6
2023-02-17,3.82,301.476,27164.359,3.6
2023-02-18,3.82,301.476,27164.359,3.6
2023-02-19,3.82,301.476,27164.359,3.6
2023-02-20,3.82,301.476,27164.359,3.6
2023-02-21,3.95,301.476,27164.359,3.6
2023-02-22,3.93,301.476,27164.359,3.6
2023-02-23,3.88,301.476,27164.359,3.6
2023-02-24,3.95,301.476,27164.359,3.6
2023-02-25,3.95,301.476,27164.359,3.6
2023-02-26,3.95,301.476,27164.359,3.6
2023-02-27,3.92,301.476,27164.359,3.6
2023-02-28,3.92,301.476,27164.359,3.6
2023-03-01,4.01,301.643,27164.359,3.5
2023-03-02,4.08,301.643,27164.359,3.5
2023-03-03,3.97,301.643,27164.359,3.5
2023-03-04,3.97,301.643,27164.359,3.5
2023-03-05,3.97,301.643,27164.359,3.5
2023-03-06,3.98,301.643,27164.359,3.5
2023-03-07,3.97,301.643,27164.359,3.5
2023-03-08,3.98,301.643,27164.359,3.5
2023-03-09,3.93,301.643,27164.359,3.5
2023-03-10,3.7,301.643,27164.359,3.5
2023-03-11,3.7,301.643,27164.359,3.5
2023-03-12,3.7,301.643,27164.359,3.5
2023-03-13,3.55,301.643,27164.359,3.5
2023-03-14,3.64,301.643,27164.359,3.5
2023-03-15,3.51,301.643,27164.359,3.5
2023-03-16,3.56,301.643,27164.359,3.5
2023-03-17,3.39,301.643,27164.359,3.5
2023-03-18,3.39,301.643,27164.359,3.5
2023-03-19,3.39,301.643,27164.359,3.5
2023-03-20,3.47,301.643,27164.359,3.5
2023-03-21,3.59,301.643,27164.359,3.5
2023-03-22,3.48,301.643,27164.359,3.5
2023-03-23,3.38,301.643,27164.359,3.5
2023-03-24,3.38,301.643,27164.359,3.5
2023-03-25,3.38,301.643,27164.359,3.5
2023-03-26,3.38,301.643,27164.359,3.5
2023-03-27,3.53,301.643,27164.359,3.5
2023-03-28,3.55,301.643,27164.359,3.5
2023-03-29,3.57,301.643,27164.359,3.5
2023-03-30,3.55,301.643,27164.359,3.5
2023-03-31,3.48,301.643,27164.359,3.5
2023-04-01,3.48,302.858,27453.815,3.4
2023-04-02,3.48,302.858,27453.815,3.4
2023-04-03,3.43,302.858,27453.815,3.4
2023-04-04,3.35,302.858,27453.815,3.4
2023-04-05,3.3,302.858,27453.815,3.4
2023-04-06,3.3,302.858,27453.815,3.4
2023-04-07,3.39,302.858,27453.815,3.4
2023-04-08,3.39,302.858,27453.815,3.4
2023-04-09,3.39,302.858,27453.815,3.4
2023-04-10,3.41,302.858,27453.815,3.4
2023-04-11,3.43,302.858,27453.815,3.4
2023-04-12,3.41,302.858,27453.815,3.4
2023-04-13,3.45,302.858,27453.815,3.4
2023-04-14,3.52,302.858,27453.815,3.4
2023-04-15,3.52,302.858,27453.815,3.4
2023-04-16,3.52,302.858,27453.815,3.4
2023-04-17,3.6,302.858,27453.815,3.4
2023-04-18,3.58,302.858,27453.815,3.4
2023-04-19,3.6,302.858,27453.815,3.4
2023-04-20,3.54,302.858,27453.815,3.4
2023-04-21,3.57,302.858,27453.815,3.4
2023-04-22,3.57,302.858,27453.815,3.4
2023-04-23,3.57,302.858,27453.815,3.4
2023-04-24,3.52,302.858,27453.815,3.4
2023-04-25,3.4,302.858,27453.815,3.4
2023-04-26,3.43,302.858,27453.815,3.4
2023-04-27,3.53,302.858,27453.815,3.4
2023-04-28,3.44,302.858,27453.815,3.4
2023-04-29,3.44,302.858,27453.815,3.4
2023-04-30,3.44,302.858,27453.815,3.4
2023-05-01,3.59,303.316,27453.815,3.6
2023-05-02,3.44,303.316,27453.815,3.6
2023-05-03,3.38,303.316,27453.815,3.6
2023-05-04,3.37,303.316,27453.815,3.6
2023-05-05,3.44,303.316,27453.815,3.6
2023-05-06,3.44,303.316,27453.815,3.6
2023-05-07,3.44,303.316,27453.815,3.6
2023-05-08,3.52,303.316,27453.815,3.6
2023-05-09,3.53,303.316,27453.815,3.6
2023-05-10,3.43,303.316,27453.815,3.6
2023-05-11,3.39,303.316,27453.815,3.6
2023-05-12,3.46,303.316,27453.815,3.6
2023-05-13,3.46,303.316,27453.815,3.6
2023-05-14,3.46,303.316,27453.815,3.6
2023-05-15,3.5,303.316,27453.815,3.6
2023-05-16,3.54,303.316,27453.815,3.6
2023-05-17,3.57,303.316,27453.815,3.6
2023-05-18,3.65,303.316,27453.815,3.6
2023-05-19,3.7,303.316,27453.815,3.6
2023-05-20,3.7,303.316,27453.815,3.6
2023-05-21,3.7,303.316,27453.815,3.6
2023-05-22,3.72,303.316,27453.815,3.6
2023-05-23,3.7,303.316,27453.815,3.6
2023-05-24,3.73,303.316,27453.815,3.6
2023-05-25,3.83,303.316,27453.815,3.6
2023-05-26,3.8,303.316,27453.815,3.6
2023-05-27,3.8,303.316,27453.815,3.6
2023-05-28,3.8,303.316,27453.815,3.6
2023-05-29,3.8,303.316,27453.815,3.6
2023-05-30,3.69,303.316,27453.815,3.6
2023-05-31,3.64,303.316,27453.815,3.6
2023-06-01,3.61,304.099,27453.815,3.6
2023-06-02,3.69,304.099,27453.815,3.6
2023-06-03,3.69,304.099,27453.815,3.6
2023-06-04,3.69,304.099,27453.815,3.6
2023-06-05,3.69,304.099,27453.815,3.6
2023-06-06,3.7,304.099,27453.815,3.6
2023-06-07,3.79,304.099,27453.815,3.6
2023-06-08,3.73,304.099,27453.815,3.6
2023-06-09,3.75,304.099,27453.815,3.6
2023-06-10,3.75,304.099,27453.815,3.6
2023-06-11,3.75,304.099,27453.815,3.6
2023-06-12,3.73,304.099,27453.815,3.6
2023-06-13,3.84,304.099,27453.815,3.6
2023-06-14,3.83,304.099,27453.815,3.6
2023-06-15,3.72,304.099,27453.815,3.6
2023-06-16,3.77,304.099,27453.815,3.6
2023-06-17,3.77,304.099,27453.815,3.6
2023-06-18,3.77,304.099,27453.815,3.6
2023-06-19,3.77,304.099,27453.815,3.6
2023-06-20,3.74,304.099,27453.815,3.6
2023-06-21,3.72,304.099,27453.815,3.6
2023-06-22,3.8,304.099,27453.815,3.6
2023-06-23,3.74,304.099,27453.815,3.6
2023-06-24,3.74,304.099,27453.815,3.6
2023-06-25,3.74,304.099,27453.815,3.6
2023-06-26,3.72,304.099,27453.815,3.6
2023-06-27,3.77,304.099,27453.815,3.6
2023-06-28,3.71,304.099,27453.815,3.6
2023-06-29,3.85,304.099,27453.815,3.6
2023-06-30,3.81,304.099,27453.815,3.6
2023-07-01,3.81,304.615,27967.697,3.5
2023-07-02,3.81,304.615,27967.697,3.5
2023-07-03,3.86,304.615,27967.697,3.5
2023-07-04,3.86,304.615,27967.697,3.5
2023-07-05,3.95,304.615,27967.697,3.5
2023-07-06,4.05,304.615,27967.697,3.5
2023-07-07,4.06,304.615,27967.697,3.5
2023-07-08,4.06,304.615,27967.697,3.5
2023-07-09,4.06,304.615,27967.697,3.5
2023-07-10,4.01,304.615,27967.697,3.5
2023-07-11,3.99,304.615,27967.697,3.5
2023-07-12,3.86,304.615,27967.697,3.5
2023-07-13,3.76,304.615,27967.697,3.5
2023-07-14,3.83,304.615,27967.697,3.5
2023-07-15,3.83,304.615,27967.697,3.5
2023-07-16,3.83,304.615,27967.697,3.5
2023-07-17,3.81,304.615,27967.697,3.5
2023-07-18,3.8,304.615,27967.697,3.5
2023-07-19,3.75,304.615,27967.697,3.5
2023-07-20,3.85,304.615,27967.697,3.5
2023-07-21,3.84,304.615,27967.697,3.5
2023-07-22,3.84,304.615,27967.697,3.5
2023-07-23,3.84,304.615,27967.697,3.5
2023-07-24,3.86,304.615,27967.697,3.5
2023-07-25,3.91,304.615,27967.697,3.5
2023-07-26,3.86,304.615,27967.697,3.5
2023-07-27,4.01,304.615,27967.697,3.5
2023-07-28,3.96,304.615,27967.697,3.5
2023-07-29,3.96,304.615,27967.697,3.5
2023-07-30,3.96,304.615,27967.697,3.5
2023-07-31,3.97,304.615,27967.697,3.5
2023-08-01,4.05,306.138,27967.697,3.7
2023-08-02,4.08,306.138,27967.697,3.7
2023-08-03,4.2,306.138,27967.697,3.7
2023-08-04,4.05,306.138,27967.697,3.7
2023-08-05,4.05,306.138,27967.697,3.7
2023-08-06,4.05,306.138,27967.697,3.7
2023-08-07,4.09,306.138,27967.697,3.7
2023-08-08,4.02,306.138,27967.697,3.7
2023-08-09,4.0,306.138,27967.697,3.7
2023-08-10,4.09,306.138,27967.697,3.7
2023-08-11,4.16,306.138,27967.697,3.7
2023-08-12,4.16,306.138,27967.697,3.7
2023-08-13,4.16,306.138,27967.697,3.7
2023-08-14,4.19,306.138,27967.697,3.7
2023-08-15,4.21,306.138,27967.697,3.7
2023-08-16,4.28,306.138,27967.697,3.7
2023-08-17,4.3,306.138,27967.697,3.7
2023-08-18,4.26,306.138,27967.697,3.7
2023-08-19,4.26,306.138,27967.697,3.7
2023-08-20,4.26,306.138,27967.697,3.7
2023-08-21,4.34,306.138,27967.697,3.7
2023-08-22,4.34,306.138,27967.697,3.7
2023-08-23,4.19,306.138,27967.697,3.7
2023-08-24,4.23,306.138,27967.697,3.7
2023-08-25,4.25,306.138,27967.697,3.7
2023-08-26,4.25,306.138,27967.697,3.7
2023-08-27,4.25,306.138,27967.697,3.7
2023-08-28,4.2,306.138,27967.697,3.7
2023-08-29,4.12,306.138,27967.697,3.7
2023-08-30,4.12,306.138,27967.697,3.7
2023-08-31,4.09,306.138,27967.697,3.7
2023-09-01,4.18,307.374,27967.697,3.8
2023-09-02,4.18,307.374,27967.697,3.8
2023-09-03,4.18,307.374,27967.697,3.8
2023-09-04,4.18,307.374,27967.697,3.8
2023-09-05,4.27,307.374,27967.697,3.8
2023-09-06,4.3,307.374,27967.697,3.8
2023-09-07,4.27,307.374,27967.697,3.8
2023-09-08,4.26,307.374,27967.697,3.8
2023-09-09,4.26,307.374,27967.697,3.8
2023-09-10,4.26,307.374,27967.697,3.8
2023-09-11,4.29,307.374,27967.697,3.8
2023-09-12,4.27,307.374,27967.697,3.8
2023-09-13,4.25,307.374,27967.697,3.8
2023-09-14,4.29,307.374,27967.697,3.8
2023-09-15,4.33,307.374,27967.697,3.8
2023-09-16,4.33,307.374,27967.697,3.8
2023-09-17,4.33,307.374,27967.697,3.8
2023-09-18,4.32,307.374,27967.697,3.8
2023-09-19,4.37,307.374,27967.697,3.8
2023-09-20,4.35,307.374,27967.697,3.8
2023-09-21,4.49,307.374,27967.697,3.8
2023-09-22,4.44,307.374,27967.697,3.8
2023-09-23,4.44,307.374,27967.697,3.8
2023-09-24,4.44,307.374,27967.697,3.8
2023-09-25,4.55,307.374,27967.697,3.8
2023-09-26,4.56,307.374,27967.697,3.8
2023-09-27,4.61,307.374,27967.697,3.8
2023-09-28,4.59,307.374,27967.697,3.8
2023-09-29,4.59,307.374,27967.697,3.8
2023-09-30,4.59,307.374,27967.697,3.8
2023-10-01,4.59,307.653,28296.967,3.9
2023-10-02,4.69,307.653,28296.967,3.9
2023-10-03,4.81,307.653,28296.967,3.9
2023-10-04,4.73,307.653,28296.967,3.9
2023-10-05,4.72,307.653,28296.967,3.9
2023-10-06,4.78,307.653,28296.967,3.9
2023-10-07,4.78,307.653,28296.967,3.9
2023-10-08,4.78,307.653,28296.967,3.9
2023-10-09,4.78,307.653,28296.967,3.9
2023-10-10,4.66,307.653,28296.967,3.9
2023-10-11,4.58,307.653,28296.967,3.9
2023-10-12,4.7,307.653,28296.967,3.9
2023-10-13,4.63,307.653,28296.967,3.9
2023-10-14,4.63,307.653,28296.967,3.9
2023-10-15,4.63,307.653,28296.967,3.9
2023-10-16,4.71,307.653,28296.967,3.9
2023-10-17,4.83,307.653,28296.967,3.9
2023-10-18,4.91,307.653,28296.967,3.9
2023-10-19,4.98,307.653,28296.967,3.9
2023-10-20,4.93,307.653,28296.967,3.9
2023-10-21,4.93,307.653,28296.967,3.9
2023-10-22,4.93,307.653,28296.967,3.9
2023-10-23,4.86,307.653,28296.967,3.9
2023-10-24,4.83,307.653,28296.967,3.9
2023-10-25,4.95,307.653,28296.967,3.9
2023-10-26,4.86,307.653,28296.967,3.9
2023-10-27,4.84,307.653,28296.967,3.9
2023-10-28,4.84,307.653,28296.967,3.9
2023-10-29,4.84,307.653,28296.967,3.9
2023-10-30,4.88,307.653,28296.967,3.9
2023-10-31,4.88,307.653,28296.967,3.9
2023-11-01,4.77,308.087,28296.967,3.7
2023-11-02,4.67,308.087,28296.967,3.7
2023-11-03,4.57,308.087,28296.967,3.7
2023-11-04,4.57,308.087,28296.967,3.7
2023-11-05,4.57,308.087,28296.967,3.7
2023-11-06,4.67,308.087,28296.967,3.7
2023-11-07,4.58,308.087,28296.967,3.7
2023-11-08,4.49,308.087,28296.967,3.7
2023-11-09,4.62,308.087,28296.967,3.7
2023-11-10,4.61,308.087,28296.967,3.7
2023-11-11,4.61,308.087,28296.967,3.7
2023-11-12,4.61,308.087,28296.967,3.7
2023-11-13,4.63,308.087,28296.967,3.7
2023-11-14,4.44,308.087,28296.967,3.7
2023-11-15,4.53,308.087,28296.967,3.7
2023-11-16,4.45,308.087,28296.967,3.7
2023-11-17,4.44,308.087,28296.967,3.7
2023-11-18,4.44,308.087,28296.967,3.7
2023-11-19,4.44,308.087,28296.967,3.7
2023-11-20,4.42,308.087,28296.967,3.7
2023-11-21,4.41,308.087,28296.967,3.7
2023-11-22,4.42,308.087,28296.967,3.7
2023-11-23,4.42,308.087,28296.967,3.7
2023-11-24,4.47,308.087,28296.967,3.7
2023-11-25,4.47,308.087,28296.967,3.7
2023-11-26,4.47,308.087,28296.967,3.7
2023-11-27,4.39,308.087,28296.967,3.7
2023-11-28,4.34,308.087,28296.967,3.7
2023-11-29,4.27,308.087,28296.967,3.7
2023-11-30,4.37,308.087,28296.967,3.7
2023-12-01,4.22,308.735,28296.967,3.8
2023-12-02,4.22,308.735,28296.967,3.8
2023-12-03,4.22,308.735,28296.967,3.8
2023-12-04,4.28,308.735,28296.967,3.8
2023-12-05,4.18,308.735,28296.967,3.8
2023-12-06,4.12,308.735,28296.967,3.8
2023-12-07,4.14,308.735,28296.967,3.8
2023-12-08,4.23,308.735,28296.967,3.8
2023-12-09,4.23,308.735,28296.967,3.8
2023-12-10,4.23,308.735,28296.967,3.8
2023-12-11,4.23,308.735,28296.967,3.8
2023-12-12,4.2,308.735,28296.967,3.8
2023-12-13,4.04,308.735,28296.967,3.8
2023-12-14,3.92,308.735,28296.967,3.8
2023-12-15,3.91,308.735,28296.967,3.8
2023-12-16,3.91,308.735,28296.967,3.8
2023-12-17,3.91,308.735,28296.967,3.8
2023-12-18,3.95,308.735,28296.967,3.8
2023-12-19,3.93,308.735,28296.967,3.8
2023-12-20,3.86,308.735,28296.967,3.8
2023-12-21,3.89,308.735,28296.967,3.8
2023-12-22,3.9,308.735,28296.967,3.8
2023-12-23,3.9,308.735,28296.967,3.8
2023-12-24,3.9,308.735,28296.967,3.8
2023-12-25,3.9,308.735,28296.967,3.8
2023-12-26,3.89,308.735,28296.967,3.8
2023-12-27,3.79,308.735,28296.967,3.8
2023-12-28,3.84,308.735,28296.967,3.8
2023-12-29,3.88,308.735,28296.967,3.8
2023-12-30,3.88,308.735,28296.967,3.8
2023-12-31,3.88,308.735,28296.967,3.8
2024-01-01,3.88,309.794,28624.069,3.7
2024-01-02,3.95,309.794,28624.069,3.7
2024-01-03,3.91,309.794,28624.069,3.7
2024-01-04,3.99,309.794,28624.069,3.7
2024-01-05,4.05,309.794,28624.069,3.7
2024-01-06,4.05,309.794,28624.069,3.7
2024-01-07,4.05,309.794,28624.069,3.7
2024-01-08,4.01,309.794,28624.069,3.7
2024-01-09,4.02,309.794,28624.069,3.7
2024-01-10,4.04,309.794,28624.069,3.7
2024-01-11,3.98,309.794,28624.069,3.7
2024-01-12,3.96,309.794,28624.069,3.7
2024-01-13,3.96,309.794,28624.069,3.7
2024-01-14,3.96,309.794,28624.069,3.7
2024-01-15,3.96,309.794,28624.069,3.7
2024-01-16,4.07,309.794,28624.069,3.7
2024-01-17,4.1,309.794,28624.069,3.7
2024-01-18,4.14,309.794,28624.069,3.7
2024-01-19,4.15,309.794,28624.069,3.7
2024-01-20,4.15,309.794,28624.069,3.7
2024-01-21,4.15,309.794,28624.069,3.7
2024-01-22,4.11,309.794,28624.069,3.7
2024-01-23,4.14,309.794,28624.069,3.7
2024-01-24,4.18,309.794,28624.069,3.7
2024-01-25,4.14,309.794,28624.069,3.7
2024-01-26,4.15,309.794,28624.069,3.7
2024-01-27,4.15,309.794,28624.069,3.7
2024-01-28,4.15,309.794,28624.069,3.7
2024-01-29,4.08,309.794,28624.069,3.7
2024-01-30,4.06,309.794,28624.069,3.7
2024-01-31,3.99,309.794,28624.069,3.7
2024-02-01,3.87,311.022,28624.069,3.9
2024-02-02,4.03,311.022,28624.069,3.9
2024-02-03,4.03,311.022,28624.069,3.9
2024-02-04,4.03,311.022,28624.069,3.9
2024-02-05,4.17,311.022,28624.069,3.9
2024-02-06,4.09,311.022,28624.069,3.9
2024-02-07,4.09,311.022,28624.069,3.9
2024-02-08,4.15,311.022,28624.069,3.9
2024-02-09,4.17,311.022,28624.069,3.9
2024-02-10,4.17,311.022,28624.069,3.9
2024-02-11,4.17,311.022,28624.069,3.9
2024-02-12,4.17,311.022,28624.069,3.9
2024-02-13,4.31,311.022,28624.069,3.9
2024-02-14,4.27,311.022,28624.069,3.9
2024-02-15,4.24,311.022,28624.069,3.9
2024-02-16,4.3,311.022,28624.069,3.9
2024-02-17,4.3,311.022,28624.069,3.9
2024-02-18,4.3,311.022,28624.069,3.9
2024-02-19,4.3,311.022,28624.069,3.9
2024-02-20,4.27,311.022,28624.069,3.9
2024-02-21,4.32,311.022,28624.069,3.9
2024-02-22,4.33,311.022,28624.069,3.9
2024-02-23,4.26,311.022,28624.069,3.9
2024-02-24,4.26,311.022,28624.069,3.9
2024-02-25,4.26,311.022,28624.069,3.9
2024-02-26,4.28,311.022,28624.069,3.9
2024-02-27,4.31,311.022,28624.069,3.9
2024-02-28,4.27,311.022,28624.069,3.9
2024-02-29,4.25,311.022,28624.069,3.9
2024-03-01,4.19,312.107,28624.069,3.9
2024-03-02,4.19,312.107,28624.069,3.9
2024-03-03,4.19,312.107,28624.069,3.9
2024-03-04,4.22,312.107,28624.069,3.9
2024-03-05,4.13,312.107,28624.069,3.9
2024-03-06,4.11,312.107,28624.069,3.9
2024-03-07,4.09,312.107,28624.069,3.9
2024-03-08,4.09,312.107,28624.069,3.9
2024-03-09,4.09,312.107,28624.069,3.9
2024-03-10,4.09,312.107,28624.069,3.9
2024-03-11,4.1,312.107,28624.069,3.9
2024-03-12,4.16,312.107,28624.069,3.9
2024-03-13,4.19,312.107,28624.069,3.9
2024-03-14,4.29,312.107,28624.069,3.9
2024-03-15,4.31,312.107,28624.069,3.9
2024-03-16,4.31,312.107,28624.069,3.9
2024-03-17,4.31,312.107,28624.069,3.9
2024-03-18,4.34,312.107,28624.069,3.9
2024-03-19,4.3,312.107,28624.069,3.9
2024-03-20,4.27,312.107,28624.069,3.9
2024-03-21,4.27,312.107,28624.069,3.9
2024-03-22,4.22,312.107,28624.069,3.9
2024-03-23,4.22,312.107,28624.069,3.9
2024-03-24,4.22,312.107,28624.069,3.9
2024-03-25,4.25,312.107,28624.069,3.9
2024-03-26,4.24,312.107,28624.069,3.9
2024-03-27,4.2,312.107,28624.069,3.9
2024-03-28,4.2,312.107,28624.069,3.9
2024-03-29,4.2,312.107,28624.069,3.9
2024-03-30,4.2,312.107,28624.069,3.9
2024-03-31,4.2,312.107,28624.069,3.9
2024-04-01,4.33,313.016,29016.714,3.9
2024-04-02,4.36,313.016,29016.714,3.9
2024-04-03,4.36,313.016,29016.714,3.9
2024-04-04,4.31,313.016,29016.714,3.9
2024-04-05,4.39,313.016,29016.714,3.9
2024-04-06,4.39,313.016,29016.714,3.9
2024-04-07,4.39,313.016,29016.714,3.9
2024-04-08,4.42,313.016,29016.714,3.9
2024-04-09,4.36,313.016,29016.714,3.9
2024-04-10,4.55,313.016,29016.714,3.9
2024-04-11,4.56,313.016,29016.714,3.9
2024-04-12,4.5,313.016,29016.714,3.9
2024-04-13,4.5,313.016,29016.714,3.9
2024-04-14,4.5,313.016,29016.714,3.9
2024-04-15,4.63,313.016,29016.714,3.9
2024-04-16,4.67,313.016,29016.714,3.9
2024-04-17,4.59,313.016,29016.714,3.9
2024-04-18,4.64,313.016,29016.714,3.9
2024-04-19,4.62,313.016,29016.714,3.9
2024-04-20,4.62,313.016,29016.714,3.9
2024-04-21,4.62,313.016,29016.714,3.9
2024-04-22,4.62,313.016,29016.714,3.9
2024-04-23,4.61,313.016,29016.714,3.9
2024-04-24,4.65,313.016,29016.714,3.9
2024-04-25,4.7,313.016,29016.714,3.9
2024-04-26,4.67,313.016,29016.714,3.9
2024-04-27,4.67,313.016,29016.714,3.9
2024-04-28,4.67,313.016,29016.714,3.9
2024-04-29,4.63,313.016,29016.714,3.9
2024-04-30,4.69,313.016,29016.714,3.9
2024-05-01,4.63,313.14,29016.714,4.0
2024-05-02,4.58,313.14,29016.714,4.0
2024-05-03,4.5,313.14,29016.714,4.0
2024-05-04,4.5,313.14,29016.714,4.0
2024-05-05,4.5,313.14,29016.714,4.0
2024-05-06,4.49,313.14,29016.714,4.0
2024-05-07,4.47,313.14,29016.714,4.0
2024-05-08,4.48,313.14,29016.714,4.0
2024-05-09,4.45,313.14,29016.714,4.0
2024-05-10,4.5,313.14,29016.714,4.0
2024-05-11,4.5,313.14,29016.714,4.0
2024-05-12,4.5,313.14,29016.714,4.0
2024-05-13,4.48,313.14,29016.714,4.0
2024-05-14,4.45,313.14,29016.714,4.0
2024-05-15,4.36,313.14,29016.714,4.0
2024-05-16,4.38,313.14,29016.714,4.0
2024-05-17,4.42,313.14,29016.714,4.0
2024-05-18,4.42,313.14,29016.714,4.0
2024-05-19,4.42,313.14,29016.714,4.0
2024-05-20,4.44,313.14,29016.714,4.0
2024-05-21,4.41,313.14,29016.714,4.0
2024-05-22,4.43,313.14,29016.714,4.0
2024-05-23,4.47,313.14,29016.714,4.0
2024-05-24,4.46,313.14,29016.714,4.0
2024-05-25,4.46,313.14,29016.714,4.0
2024-05-26,4.46,313.14,29016.714,4.0
2024-05-27,4.46,313.14,29016.714,4.0
2024-05-28,4.54,313.14,29016.714,4.0
2024-05-29,4.61,313.14,29016.714,4.0
2024-05-30,4.55,313.14,29016.714,4.0
2024-05-31,4.51,313.14,29016.714,4.0
2024-06-01,4.51,313.131,29016.714,4.1
2024-06-02,4.51,313.131,29016.714,4.1
2024-06-03,4.41,313.131,29016.714,4.1
2024-06-04,4.33,313.131,29016.714,4.1
2024-06-05,4.29,313.131,29016.714,4.1
2024-06-06,4.28,313.131,29016.714,4.1
2024-06-07,4.43,313.131,29016.714,4.1
2024-06-08,4.43,313.131,29016.714,4.1
2024-06-09,4.43,313.131,29016.714,4.1
2024-06-10,4.47,313.131,29016.714,4.1
2024-06-11,4.39,313.131,29016.714,4.1
2024-06-12,4.31,313.131,29016.714,4.1
2024-06-13,4.24,313.131,29016.714,4.1
2024-06-14,4.2,313.131,29016.714,4.1
2024-06-15,4.2,313.131,29016.714,4.1
2024-06-16,4.2,313.131,29016.714,4.1
2024-06-17,4.28,313.131,29016.714,4.1
2024-06-18,4.22,313.131,29016.714,4.1
2024-06-19,4.22,313.131,29016.714,4.1
2024-06-20,4.25,313.131,29016.714,4.1
2024-06-21,4.25,313.131,29016.714,4.1
2024-06-22,4.25,313.131,29016.714,4.1
2024-06-23,4.25,313.131,29016.714,4.1
2024-06-24,4.25,313.131,29016.714,4.1
2024-06-25,4.23,313.131,29016.714,4.1
2024-06-26,4.32,313.131,29016.714,4.1
2024-06-27,4.29,313.131,29016.714,4.1
2024-06-28,4.36,313.131,29016.714,4.1
2024-06-29,4.36,313.131,29016.714,4.1
2024-06-30,4.36,313.131,29016.714,4.1
2024-07-01,4.48,313.566,29374.914,4.2
2024-07-02,4.43,313.566,29374.914,4.2
2024-07-03,4.36,313.566,29374.914,4.2
2024-07-04,4.36,313.566,29374.914,4.2
2024-07-05,4.28,313.566,29374.914,4.2
2024-07-06,4.28,313.566,29374.914,4.2
2024-07-07,4.28,313.566,29374.914,4.2
2024-07-08,4.28,313.566,29374.914,4.2
2024-07-09,4.3,313.566,29374.914,4.2
2024-07-10,4.28,313.566,29374.914,4.2
2024-07-11,4.2,313.566,29374.914,4.2
2024-07-12,4.18,313.566,29374.914,4.2
2024-07-13,4.18,313.566,29374.914,4.2
2024-07-14,4.18,313.566,29374.914,4.2
2024-07-15,4.23,313.566,29374.914,4.2
2024-07-16,4.17,313.566,29374.914,4.2
2024-07-17,4.16,313.566,29374.914,4.2
2024-07-18,4.2,313.566,29374.914,4.2
2024-07-19,4.25,313.566,29374.914,4.2
2024-07-20,4.25,313.566,29374.914,4.2
2024-07-21,4.25,313.566,29374.914,4.2
2024-07-22,4.26,313.566,29374.914,4.2
2024-07-23,4.25,313.566,29374.914,4.2
2024-07-24,4.28,313.566,29374.914,4.2
2024-07-25,4.27,313.566,29374.914,4.2
2024-07-26,4.2,313.566,29374.914,4.2
2024-07-27,4.2,313.566,29374.914,4.2
2024-07-28,4.2,313.566,29374.914,4.2
2024-07-29,4.17,313.566,29374.914,4.2
2024-07-30,4.15,313.566,29374.914,4.2
2024-07-31,4.09,313.566,29374.914,4.2
2024-08-01,3.99,314.131,29374.914,4.2
2024-08-02,3.8,314.131,29374.914,4.2
2024-08-03,3.8,314.131,29374.914,4.2
2024-08-04,3.8,314.131,29374.914,4.2
2024-08-05,3.78,314.131,29374.914,4.2
2024-08-06,3.9,314.131,29374.914,4.2
2024-08-07,3.96,314.131,29374.914,4.2
2024-08-08,3.99,314.131,29374.914,4.2
2024-08-09,3.94,314.131,29374.914,4.2
2024-08-10,3.94,314.131,29374.914,4.2
2024-08-11,3.94,314.131,29374.914,4.2
2024-08-12,3.9,314.131,29374.914,4.2
2024-08-13,3.85,314.131,29374.914,4.2
2024-08-14,3.83,314.131,29374.914,4.2
2024-08-15,3.92,314.131,29374.914,4.2
2024-08-16,3.89,314.131,29374.914,4.2
2024-08-17,3.89,314.131,29374.914,4.2
2024-08-18,3.89,314.131,29374.914,4.2
2024-08-19,3.86,314.131,29374.914,4.2
2024-08-20,3.82,314.131,29374.914,4.2
2024-08-21,3.79,314.131,29374.914,4.2
2024-08-22,3.86,314.131,29374.914,4.2
2024-08-23,3.81,314.131,29374.914,4.2
2024-08-24,3.81,314.131,29374.914,4.2
2024-08-25,3.81,314.131,29374.914,4.2
2024-08-26,3.82,314.131,29374.914,4.2
2024-08-27,3.83,314.131,29374.914,4.2
2024-08-28,3.84,314.131,29374.914,4.2
2024-08-29,3.87,314.131,29374.914,4.2
2024-08-30,3.91,314.131,29374.914,4.2
2024-08-31,3.91,314.131,29374.914,4.2
2024-09-01,3.91,314.851,29374.914,4.1
2024-09-02,3.91,314.851,29374.914,4.1
2024-09-03,3.84,314.851,29374.914,4.1
2024-09-04,3.77,314.851,29374.914,4.1
2024-09-05,3.73,314.851,29374.914,4.1
2024-09-06,3.72,314.851,29374.914,4.1
2024-09-07,3.72,314.851,29374.914,4.1
2024-09-08,3.72,314.851,29374.914,4.1
2024-09-09,3.7,314.851,29374.914,4.1
2024-09-10,3.65,314.851,29374.914,4.1
2024-09-11,3.65,314.851,29374.914,4.1
2024-09-12,3.68,314.851,29374.914,4.1
2024-09-13,3.66,314.851,29374.914,4.1
2024-09-14,3.66,314.851,29374.914,4.1
2024-09-15,3.66,314.851,29374.914,4.1
2024-09-16,3.63,314.851,29374.914,4.1
2024-09-17,3.65,314.851,29374.914,4.1
2024-09-18,3.7,314.851,29374.914,4.1
2024-09-19,3.73,314.851,29374.914,4.1
2024-09-20,3.73,314.851,29374.914,4.1
2024-09-21,3.73,314.851,29374.914,4.1
2024-09-22,3.73,314.851,29374.914,4.1
2024-09-23,3.75,314.851,29374.914,4.1
2024-09-24,3.74,314.851,29374.914,4.1
2024-09-25,3.79,314.851,29374.914,4.1
2024-09-26,3.79,314.851,29374.914,4.1
2024-09-27,3.75,314.851,29374.914,4.1
2024-09-28,3.75,314.851,29374.914,4.1
2024-09-29,3.75,314.851,29374.914,4.1
2024-09-30,3.81,314.851,29374.914,4.1
2024-10-01,3.74,315.564,29719.647,4.1
2024-10-02,3.79,315.564,29719.647,4.1
2024-10-03,3.85,315.564,29719.647,4.1
2024-10-04,3.98,315.564,29719.647,4.1
2024-10-05,3.98,315.564,29719.647,4.1
2024-10-06,3.98,315.564,29719.647,4.1
2024-10-07,4.03,315.564,29719.647,4.1
2024-10-08,4.04,315.564,29719.647,4.1
2024-10-09,4.06,315.564,29719.647,4.1
2024-10-10,4.09,315.564,29719.647,4.1
2024-10-11,4.08,315.564,29719.647,4.1
2024-10-12,4.08,315.564,29719.647,4.1
2024-10-13,4.08,315.564,29719.647,4.1
2024-10-14,4.08,315.564,29719.647,4.1
2024-10-15,4.03,315.564,29719.647,4.1
2024-10-16,4.02,315.564,29719.647,4.1
2024-10-17,4.09,315.564,29719.647,4.1
2024-10-18,4.08,315.564,29719.647,4.1
2024-10-19,4.08,315.564,29719.647,4.1
2024-10-20,4.08,315.564,29719.647,4.1
2024-10-21,4.19,315.564,29719.647,4.1
2024-10-22,4.2,315.564,29719.647,4.1
2024-10-23,4.24,315.564,29719.647,4.1
2024-10-24,4.21,315.564,29719.647,4.1
2024-10-25,4.25,315.564,29719.647,4.1
2024-10-26,4.25,315.564,29719.647,4.1
2024-10-27,4.25,315.564,29719.647,4.1
2024-10-28,4.28,315.564,29719.647,4.1
2024-10-29,4.28,315.564,29719.647,4.1
2024-10-30,4.29,315.564,29719.647,4.1
2024-10-31,4.28,315.564,29719.647,4.1
2024-11-01,4.37,316.449,29719.647,4.2
2024-11-02,4.37,316.449,29719.647,4.2
2024-11-03,4.37,316.449,29719.647,4.2
2024-11-04,4.31,316.449,29719.647,4.2
2024-11-05,4.26,316.449,29719.647,4.2
2024-11-06,4.42,316.449,29719.647,4.2
2024-11-07,4.31,316.449,29719.647,4.2
2024-11-08,4.3,316.449,29719.647,4.2
2024-11-09,4.3,316.449,29719.647,4.2
2024-11-10,4.3,316.449,29719.647,4.2
2024-11-11,4.3,316.449,29719.647,4.2
2024-11-12,4.43,316.449,29719.647,4.2
2024-11-13,4.44,316.449,29719.647,4.2
2024-11-14,4.43,316.449,29719.647,4.2
2024-11-15,4.43,316.449,29719.647,4.2
2024-11-16,4.43,316.449,29719.647,4.2
2024-11-17,4.43,316.449,29719.647,4.2
2024-11-18,4.42,316.449,29719.647,4.2
2024-11-19,4.39,316.449,29719.647,4.2
2024-11-20,4.41,316.449,29719.647,4.2
2024-11-21,4.43,316.449,29719.647,4.2
2024-11-22,4.41,316.449,29719.647,4.2
2024-11-23,4.41,316.449,29719.647,4.2
2024-11-24,4.41,316.449,29719.647,4.2
2024-11-25,4.27,316.449,29719.647,4.2
2024-11-26,4.3,316.449,29719.647,4.2
2024-11-27,4.25,316.449,29719.647,4.2
2024-11-28,4.25,316.449,29719.647,4.2
2024-11-29,4.18,316.449,29719.647,4.2
2024-11-30,4.18,316.449,29719.647,4.2
2024-12-01,4.18,317.603,29719.647,4.1
2024-12-02,4.19,317.603,29719.647,4.1
2024-12-03,4.23,317.603,29719.647,4.1
2024-12-04,4.19,317.603,29719.647,4.1
2024-12-05,4.17,317.603,29719.647,4.1
2024-12-06,4.15,317.603,29719.647,4.1
2024-12-07,4.15,317.603,29719.647,4.1
2024-12-08,4.15,317.603,29719.647,4.1
2024-12-09,4.2,317.603,29719.647,4.1
2024-12-10,4.22,317.603,29719.647,4.1
2024-12-11,4.26,317.603,29719.647,4.1
2024-12-12,4.32,317.603,29719.647,4.1
2024-12-13,4.4,317.603,29719.647,4.1
2024-12-14,4.4,317.603,29719.647,4.1
2024-12-15,4.4,317.603,29719.647,4.1
2024-12-16,4.39,317.603,29719.647,4.1
2024-12-17,4.4,317.603,29719.647,4.1
2024-12-18,4.5,317.603,29719.647,4.1
2024-12-19,4.57,317.603,29719.647,4.1
2024-12-20,4.52,317.603,29719.647,4.1
2024-12-21,4.52,317.603,29719.647,4.1
2024-12-22,4.52,317.603,29719.647,4.1
2024-12-23,4.59,317.603,29719.647,4.1
2024-12-24,4.59,317.603,29719.647,4.1
2024-12-25,4.59,317.603,29719.647,4.1
2024-12-26,4.58,317.603,29719.647,4.1
2024-12-27,4.62,317.603,29719.647,4.1
2024-12-28,4.62,317.603,29719.647,4.1
2024-12-29,4.62,317.603,29719.647,4.1
2024-12-30,4.55,317.603,29719.647,4.1
2024-12-31,4.58,317.603,29719.647,4.1
2025-01-01,4.58,319.086,29719.647,4.0
2025-01-02,4.57,319.086,29719.647,4.0
2025-01-03,4.6,319.086,29719.647,4.0
2025-01-04,4.6,319.086,29719.647,4.0
2025-01-05,4.6,319.086,29719.647,4.0
2025-01-06,4.62,319.086,29719.647,4.0
2025-01-07,4.67,319.086,29719.647,4.0
2025-01-08,4.67,319.086,29719.647,4.0
2025-01-09,4.68,319.086,29719.647,4.0
2025-01-10,4.77,319.086,29719.647,4.0
2025-01-11,4.77,319.086,29719.647,4.0
2025-01-12,4.77,319.086,29719.647,4.0
2025-01-13,4.79,319.086,29719.647,4.0
2025-01-14,4.78,319.086,29719.647,4.0
2025-01-15,4.66,319.086,29719.647,4.0
2025-01-16,4.61,319.086,29719.647,4.0
2025-01-17,4.61,319.086,29719.647,4.0
2025-01-18,4.61,319.086,29719.647,4.0
2025-01-19,4.61,319.086,29719.647,4.0
2025-01-20,4.61,319.086,29719.647,4.0
2025-01-21,4.57,319.086,29719.647,4.0
2025-01-22,4.6,319.086,29719.647,4.0
2025-01-23,4.65,319.086,29719.647,4.0
2025-01-24,4.63,319.086,29719.647,4.0
2025-01-25,4.63,319.086,29719.647,4.0
2025-01-26,4.63,319.086,29719.647,4.0
2025-01-27,4.53,319.086,29719.647,4.0
2025-01-28,4.55,319.086,29719.647,4.0
2025-01-29,4.55,319.086,29719.647,4.0
2025-01-30,4.52,319.086,29719.647,4.0
2025-01-31,4.58,319.086,29719.647,4.0
2025-02-01,4.58,319.775,29719.647,4.1
2025-02-03,4.54,319.775,29719.647,4.1
2025-02-04,4.52,319.775,29719.647,4.1
2025-02-05,4.43,319.775,29719.647,4.1
2025-02-06,4.45,319.775,29719.647,4.1
2025-02-07,4.49,319.775,29719.647,4.1
2025-02-10,4.51,319.775,29719.647,4.1
2025-02-11,4.54,319.775,29719.647,4.1
2025-02-12,4.62,319.775,29719.647,4.1
2025-02-13,4.52,319.775,29719.647,4.1
2025-02-14,4.47,319.775,29719.647,4.1
2025-02-17,4.47,319.775,29719.647,4.1
2025-02-18,4.55,319.775,29719.647,4.1
2025-02-19,4.53,319.775,29719.647,4.1
2025-02-20,4.5,319.775,29719.647,4.1
2025-02-21,4.42,319.775,29719.647,4.1
2025-02-24,4.4,319.775,29719.647,4.1
2025-02-25,4.3,319.775,29719.647,4.1
2025-02-26,4.25,319.775,29719.647,4.1
2025-02-27,4.29,319.775,29719.647,4.1
2025-02-28,4.24,319.775,29719.647,4.1
2025-03-03,4.16,319.775,29719.647,4.1
2025-03-04,4.22,319.775,29719.647,4.1
2025-03-05,4.28,319.775,29719.647,4.1
2025-03-06,4.29,319.775,29719.647,4.1
2025-03-07,4.32,319.775,29719.647,4.1
2025-03-10,4.22,319.775,29719.647,4.1
2025-03-11,4.28,319.775,29719.647,4.1
2025-03-12,4.32,319.775,29719.647,4.1
2025-03-13,4.27,319.775,29719.647,4.1
2025-03-14,4.31,319.775,29719.647,4.1
2025-03-17,4.31,319.775,29719.647,4.1
2025-03-18,4.29,319.775,29719.647,4.1
2025-03-19,4.25,319.775,29719.647,4.1
2025-03-20,4.24,319.775,29719.647,4.1
