Price,Close,High,Low,Open,Volume
Ticker,AAPL,AAPL,AAPL,AAPL,AAPL
Date,,,,,
2010-01-04,6.440332412719727,6.455078215013772,6.391279918788766,6.422878123960718,493729600
2010-01-05,6.451465129852295,6.48787840981577,6.417458990809972,6.458085872315779,601904800
2010-01-06,6.348845958709717,6.4770447941915,6.342225216323105,6.451465054945159,552160000
2010-01-07,6.337109565734863,6.37984305187511,6.291066511579937,6.372319480055896,477131200
2010-01-08,6.379240036010742,6.3798423234804025,6.291367539745052,6.328682844536467,447610800
2010-01-11,6.322966575622559,6.409936656739424,6.2730108613843925,6.403917799170273,462229600
2010-01-12,6.251040458679199,6.3127329296572,6.211919099700183,6.295277845304952,594459600
2010-01-13,6.3392181396484375,6.347644542709635,6.142105719918867,6.25555880752049,605892000
2010-01-14,6.30250358581543,6.333500306041158,6.290165327387363,6.322967705206413,432894000
2010-01-15,6.197174072265625,6.367805046438101,6.195368415225328,6.347641876154785,594067600
2010-01-19,6.47132682800293,6.475840970783041,6.236597430330016,6.269398995820248,730007600
2010-01-20,6.37171745300293,6.486674406258934,6.304608403474319,6.467414465836276,612152800
2010-01-21,6.261574745178223,6.419265602042172,6.2356944607414775,6.382250832690952,608154400
2010-01-22,5.951009750366211,6.244422252842924,5.933254922521883,6.222755167225841,881767600
2010-01-25,6.111108303070068,6.160160393869574,6.0244387475210655,6.094255900652011,1065699600
2010-01-26,6.197475910186768,6.431303307369188,6.096361512083576,6.197776853070281,1867110000
2010-01-27,6.255855083465576,6.337107218257237,6.00457310109467,6.224858380845523,1722568400
2010-01-28,5.997353553771973,6.184235074027143,5.9795987265158175,6.167082132562241,1173502400
2010-01-29,5.7797770500183105,6.0849263149904775,5.725307591416028,6.051221514344954,1245952400
2010-02-01,5.8601250648498535,5.898343997641952,5.756904093106256,5.789104169775881,749876400
2010-02-02,5.894132614135742,5.907975987482095,5.819500784189587,5.895637730422833,698342400
2010-02-03,5.995547771453857,6.0247388299284275,5.850797456017155,5.873367770925905,615328000
2010-02-04,5.779476165771484,5.969667242555499,5.7650309076728465,5.920313414304272,757652000
2010-02-05,5.8820929527282715,5.898343863890438,5.743361536593577,5.796928551283286,850306800
2010-02-08,5.841768741607666,5.9549208411804475,5.838157427448201,5.889015964941626,478270800
2010-02-09,5.904062747955322,5.94348505576787,5.860727781315687,5.910984031684571,632886800
2010-02-10,5.871863842010498,5.916402993800595,5.8459835536495115,5.895035644004947,370361600
2010-02-11,5.978696346282959,6.011197781839873,5.839964866012881,5.864641785170748,550345600
2010-02-12,6.030154228210449,6.068072218787727,5.8832973508743995,5.9618414155335016,655468800
2010-02-16,6.12103796005249,6.1297649012161175,6.064461907644149,6.077101105995172,543737600
2010-02-17,6.095458030700684,6.148422361864562,6.044599093978458,6.144811047887162,436396800
2010-02-18,6.106894016265869,6.13578413084111,6.046405702998772,6.067771843810248,422825200
2010-02-19,6.068976402282715,6.1150198620807625,6.052124001791336,6.074694719136381,415469600
2010-02-22,6.031357765197754,6.093952666207925,5.994343003817547,6.089137982893924,390563600
2010-02-23,5.9302449226379395,6.058744727114363,5.8896188369192135,6.0187201253967535,575094800
2010-02-24,6.038582801818848,6.0620555459310665,5.953718103981422,5.9654548778304815,460566400
2010-02-25,6.078907489776611,6.104787775293293,5.925129285780472,5.939875085918058,665126000
2010-02-26,6.157752513885498,6.174303971386686,6.078907484030895,6.090342912295723,507460800
2010-03-01,6.289261341094971,6.304608623247241,6.182729578466092,6.191757462401463,550093600
2010-03-02,6.28504753112793,6.344632603980136,6.25164327896818,6.317548151216819,566546400
2010-03-03,6.299490451812744,6.315741361632123,6.2576610133375885,6.287754487195372,372052800
2010-03-04,6.34102201461792,6.347341815136955,6.2784271005699805,6.297988789683704,366041200
2010-03-05,6.588991165161133,6.611561470735733,6.458986703274436,6.4683159289862715,899620400
2010-03-08,6.592904567718506,6.623298586880981,6.567926715680666,6.6208914461359,429889600
2010-03-09,6.711474418640137,6.771059499877591,6.55709434208007,6.56973354085879,920259200
2010-03-10,6.766244888305664,6.7855052333841055,6.716891861213809,6.735850861607487,596218000
2010-03-11,6.786106586456299,6.786106586456299,6.72050304237879,6.738258673706713,405700400
2010-03-12,6.819209575653076,6.853214914769391,6.793629833356823,6.842380971390462,416323600
2010-03-15,6.736152172088623,6.786106685897265,6.628115676983293,6.7824961745838594,493502800
2010-03-16,6.754508018493652,6.770457588790943,6.696126708957758,6.746382962806636,446908000
2010-03-17,6.744577407836914,6.814695088558323,6.718998067116694,6.768050148437816,450956800
2010-03-18,6.76052713394165,6.771059732987713,6.699135991573257,6.7439748736875265,342109600
2010-03-19,6.688302993774414,6.778282913583098,6.657607219196507,6.764740884624189,559445600
2010-03-22,6.7635369300842285,6.801154390473503,6.625106411597116,6.634736584315758,456419600
2010-03-23,6.872175216674805,6.884814819679694,6.743975939811549,6.790320347243555,602431200
2010-03-24,6.90256929397583,6.927547152525729,6.846594718962101,6.850507378399074,597780400
2010-03-25,6.820712566375732,6.950717450970843,6.808674853843144,6.9492123351114605,542284400
2010-03-26,6.948612689971924,6.980210486525643,6.877892319597145,6.8899300346190095,640875200
2010-03-29,6.99345064163208,7.037989380265627,6.97027924734253,7.011808557447748,540744400
2010-03-30,7.0975728034973145,7.146626075281803,7.04942276185364,7.120143110405738,527310000
2010-03-31,7.071994304656982,7.120445699343426,7.055744195137805,7.086740905378297,430659600
2010-04-01,7.101185321807861,7.184243133164767,7.004284140098637,7.144520286281626,603145200
2010-04-05,7.1770219802856445,7.177623866009455,7.065073646414248,7.0713938483071255,684507600
2010-04-06,7.20862340927124,7.229688614289544,7.132185499507523,7.168297853528945,447017200
2010-04-07,7.240520477294922,7.280244135642127,7.182138359554928,7.208921875277468,628502000
2010-04-08,7.2209601402282715,7.268808858544516,7.163481248589745,7.235705941335068,572989200
2010-04-09,7.276330947875977,7.2793411801775445,7.236306751334545,7.2654978080848815,334182800
2010-04-12,7.291377544403076,7.31485028303942,7.276932287651042,7.288668656969214,333026400
2010-04-13,7.295592308044434,7.306727598863597,7.25586864267215,7.278439765464145,306210800
2010-04-14,7.3936967849731445,7.397308099689961,7.34494564346777,7.381358528150266,404076400
2010-04-15,7.490899085998535,7.4942090559213455,7.388279571775949,7.396404627830705,376784800
2010-04-16,7.445159912109375,7.557710190189552,7.3593931608635,7.480369039869499,750545600
2010-04-19,7.435225963592529,7.459902476783473,7.2757294475494225,7.434022192042443,566924400
2010-04-20,7.360593318939209,7.500829482260532,7.311540836422376,7.47946294024618,738326400
2010-04-21,7.800860404968262,7.831857109745148,7.695833382933952,7.788220808114617,982391200
2010-04-22,8.019042015075684,8.027468416462876,7.709980480389631,7.771372029767588,793424800
2010-04-23,8.150249481201172,8.190875566097228,8.034991166527515,8.064783307350293,796955600
2010-04-26,8.110225677490234,8.199302366789198,8.07080255865003,8.181848481850466,479068800
2010-04-27,7.885725498199463,8.060268330251482,7.839983792962175,8.043114989891075,709343600
2010-04-28,7.872483730316162,7.944707592343689,7.716298031555276,7.922138087476981,758402400
2010-04-29,8.084342956542969,8.125269572207047,7.8848222899416935,7.915216308874787,558840800
2010-04-30,7.857138633728027,8.142425272800002,7.854430549400593,8.104507270700806,542463600
2010-05-03,8.015430450439453,8.061474311934688,7.911005274038108,7.939895792179695,454342000
2010-05-04,7.784611225128174,7.923343066024642,7.726531264211398,7.911306155645368,723819600
2010-05-05,7.703658580780029,7.768360079338548,7.485178922953155,7.614581920070192,883103200
2010-05-06,7.410550117492676,7.7716727755823864,5.996150160458547,7.638659221667405,1285860800
2010-05-07,7.097875118255615,7.420178088575527,6.777378608668771,7.334110841976601,1676018400
2010-05-10,7.643472671508789,7.663334901708025,7.479161875971379,7.530923248056316,984306400
2010-05-11,7.71960973739624,7.821024661807859,7.538446165856317,7.578770899197833,848906800
2010-05-12,7.887232303619385,7.918529562595967,7.785215469932708,7.801464779860699,654379600
2010-05-13,7.774983882904053,7.974805165261444,7.715999872696161,7.921238127748902,599712400
2010-05-14,7.638357162475586,7.718406363102898,7.50835304986718,7.678682705675704,759362800
2010-05-17,7.650393486022949,7.709377477452184,7.45448412230176,7.6648387419449655,762834800
2010-05-18,7.594420433044434,7.780699643481458,7.531223236091717,7.733452819886079,782678400
2010-05-19,7.473443031311035,7.611271632275471,7.368416796825539,7.508351595794417,1025726800
2010-05-20,7.155055046081543,7.338324846916724,7.108409299785181,7.279039499202624,1282915200
2010-05-21,7.292281150817871,7.357885088111906,6.962153658917422,7.006391054623354,1223891200
2010-05-24,7.4258952140808105,7.550483139996555,7.41084887555626,7.441544241875465,754238800
2010-05-25,7.379550457000732,7.425894040202952,7.136996189626181,7.202900652686707,1048006400
2010-05-26,7.346145153045654,7.587496418148265,7.33531121399559,7.525804359491354,850654000
2010-05-27,7.624213695526123,7.640464612347687,7.496617118529871,7.541456405862435,666282400
2010-05-28,7.730443477630615,7.8062794719522985,7.62421265593192,7.805978930882105,815614800
2010-06-01,7.849315643310547,8.00309388010777,7.793040515032598,7.815008949373061,876472800
2010-06-02,7.943207263946533,7.968786207087022,7.834267532718274,7.960961691069337,688548000
2010-06-03,7.918225288391113,7.9913523718991,7.83667100381118,7.980217087713539,650106800
2010-06-04,7.702755451202393,7.881510641927119,7.662731266635164,7.7704655680862595,758304400
2010-06-07,7.5516862869262695,7.798754313054048,7.539949115257963,7.772874034350128,886942000
2010-06-08,7.503234386444092,7.637752989710059,7.39248985979567,7.620900194887577,1000770400
2010-06-09,7.318763256072998,7.580578753176239,7.29739751590934,7.56763780689989,854630000
2010-06-10,7.538742542266846,7.552885642538703,7.288664403976916,7.368111662583588,776356000
2010-06-11,7.629025459289551,7.639558053443495,7.444250634038186,7.470130906207403,545759200
2010-06-14,7.652198314666748,7.798753841708821,7.64407326088298,7.702755901335308,602960400
2010-06-15,7.815005779266357,7.819820864684868,7.6889135424190105,7.6931267421602065,585074000
2010-06-16,8.04251480102539,8.057561141350504,7.843294633573966,7.857438547057321,783678000
2010-06-17,8.181544303894043,8.212541007598954,8.110222072350492,8.143324973665404,872855200
2010-06-18,8.247751235961914,8.275739322093672,8.16800339170237,8.192981245824896,784621600
2010-06-21,8.130387306213379,8.396414368636755,8.08705233749172,8.356690714274047,776490400
2010-06-22,8.241133689880371,8.304931983812239,8.170414110357573,8.190275540134126,717262000
2010-06-23,8.154462814331055,8.265508733924092,8.062075354278866,8.26310119075753,768457200
2010-06-24,8.095176696777344,8.221569461580499,8.068091844103295,8.155362847518427,714277200
2010-06-25,8.025962829589844,8.133397432013187,7.999179314258042,8.12707803313622,549942400
2010-06-28,8.074113845825195,8.11775016811852,7.960359831033878,8.032885066929737,584948000
2010-06-29,7.709076404571533,7.956445795856145,7.6528012984368186,7.9483199373207425,1133344800
2010-06-30,7.5694451332092285,7.763247578781005,7.523703410261138,7.725329569241134,739452000
2010-07-01,7.47765588760376,7.667847728354321,7.319363985175884,7.652800587636073,1022896000
2010-07-02,7.431313991546631,7.5513873892381715,7.318762960546678,7.5381450988086565,693842800
2010-07-06,7.482168674468994,7.60765818245343,7.407837022155626,7.553490095760029,615235600
2010-07-07,7.784311771392822,7.787322004201004,7.515877917039111,7.538146086112127,654556000
2010-07-08,7.766857624053955,7.91160835222231,7.670558302940371,7.8989687499142125,738144400
2010-07-09,7.812904357910156,7.8213299589581835,7.678686180566753,7.730748118105951,433322400
2010-07-12,7.7427825927734375,7.880009339223491,7.669655477894179,7.780098708350719,562878400
2010-07-13,7.577568531036377,7.715999048566162,7.415965812355529,7.713592308988987,1190924000
2010-07-14,7.605550765991211,7.69793817429378,7.493301941275466,7.504738568496388,812047600
2010-07-15,7.567033767700195,7.733150180517835,7.442145314381242,7.470132593855372,824866000
2010-07-16,7.52039098739624,7.672965419201792,7.4755517013680315,7.619097846313121,1039858400
2010-07-19,7.390384674072266,7.51978768391869,7.210425678095953,7.51978768391869,1024478000
2010-07-20,7.580275535583496,7.610670361894217,7.222764266243712,7.309734741655003,1074950800
2010-07-21,7.65099573135376,7.979316742118223,7.643773906638924,7.977511085043088,1185671200
2010-07-22,7.794844627380371,7.824336228099093,7.683196820049115,7.754519082223235,645318800
2010-07-23,7.822530269622803,7.8357717567601215,7.712387582828928,7.736763555084265,533388800
2010-07-26,7.802667617797852,7.827344127276543,7.75542079694336,7.824334698854057,420551600
2010-07-27,7.947117328643799,7.968784410683991,7.833363339864897,7.850516680859221,584771600
2010-07-28,7.853224754333496,8.004596198107825,7.831859016970477,7.934779062799648,519985200
2010-07-29,7.767458915710449,7.904083773008183,7.706971403970497,7.8457024596988605,643806800
2010-07-30,7.741578102111816,7.815307095935719,7.670857733387388,7.700651479164118,448210000
2010-08-02,7.880007266998291,7.902276231895608,7.812899027696188,7.837575535132202,428055600
2010-08-03,7.882416725158691,7.9224409242129505,7.806882068614366,7.85473078282094,417653600
2010-08-04,7.914012908935547,7.953133865573038,7.833663190692503,7.909799709756155,420375200
2010-08-05,7.875495910644531,7.920034657507807,7.840887877966845,7.876398337576916,289097200
2010-08-06,7.82704496383667,7.869176165581139,7.753013815199255,7.817715332292042,444897600
2010-08-09,7.876999378204346,7.889037093250326,7.8113954383753255,7.868873518755418,303128000
2010-08-10,7.806580543518066,7.837878603404014,7.750605970769386,7.81982203039289,451920000
2010-08-11,7.529115676879883,7.694631005456664,7.51768065386379,7.685904065895542,620054400
2010-08-12,7.57726526260376,7.616687562329807,7.406634318477832,7.423787655547264,534920400
2010-08-13,7.49631929397583,7.5799790408759735,7.496017949169595,7.57305775336636,354869200
2010-08-16,7.452380657196045,7.523702929087676,7.421684477104912,7.450574999543625,318430000
2010-08-17,7.5826826095581055,7.662731787721656,7.49932265877965,7.525805625356551,422640400
2010-08-18,7.615785121917725,7.66393516925424,7.5709458473749205,7.5944193871994665,339696000
2010-08-19,7.51978874206543,7.628125768453603,7.483676399936038,7.608865424072169,426706000
2010-08-20,7.512563228607178,7.641363517864244,7.4933028916204085,7.505040061264466,384230000
2010-08-23,7.397005081176758,7.583585614729562,7.380454431181911,7.577266217198027,414041600
2010-08-24,7.220355987548828,7.31274262130385,7.181836109938997,7.302812713561602,602565600
2010-08-25,7.309435844421387,7.342539569281653,7.138203723730767,7.16348212821989,596867600
2010-08-26,7.230888843536377,7.395500956843797,7.230888843536377,7.386472671865209,466505200
2010-08-27,7.271216869354248,7.301009818192549,7.088849468268297,7.275129529310922,548391200
2010-08-30,7.297696590423584,7.39550100266679,7.24292579813312,7.245333340808994,383289200
2010-08-31,7.315755844116211,7.359692710482512,7.23299854323953,7.278138377799377,420786800
2010-09-01,7.533329486846924,7.567334821224944,7.411450453366763,7.447261444723005,697037600
2010-09-02,7.588699817657471,7.588699817657471,7.480362831744639,7.561314427514363,415427600
2010-09-03,7.787322044372559,7.787622585503383,7.658822228469241,7.676577459179298,520788800
2010-09-07,7.758427143096924,7.810187684228863,7.711480881942652,7.723217246334876,342557600
2010-09-08,7.912210941314697,7.956448347946214,7.797252345847213,7.81771646568878,526551200
2010-09-09,7.916719913482666,8.020542352276971,7.912206173912641,7.976004431335357,438575200
2010-09-10,7.92695426940918,7.95975663771239,7.866465962959215,7.920333526820984,387542400
2010-09-13,8.036195755004883,8.073511873687027,7.997676668222579,7.999481522165772,388780000
2010-09-14,8.066888809204102,8.100292258506032,7.990450936295881,8.01121559011521,408150400
2010-09-15,8.131888389587402,8.136704277072711,8.06026562374757,8.070197136083785,429368800
2010-09-16,8.322985649108887,8.325995077644418,8.110224274954044,8.132494046116975,652103200
2010-09-17,8.286874771118164,8.364816967406007,8.236016630212518,8.356691107922718,634477200
2010-09-20,8.523409843444824,8.539961299125183,8.30131883195484,8.308240116014408,658677600
2010-09-21,8.539661407470703,8.64739656005191,8.510169805449861,8.542370295492836,668074400
2010-09-22,8.659431457519531,8.666352740503493,8.49873120791434,8.507759492405784,585289600
2010-09-23,8.694642066955566,8.810201717695936,8.606769160115679,8.616699872982753,786116800
2010-09-24,8.796961784362793,8.833375476084326,8.743696896203062,8.790341843673337,649488000
2010-09-27,8.762053489685059,8.869487303589235,8.757539747509329,8.846917789124658,482834800
2010-09-28,8.632652282714844,8.780411663606058,8.275742762740354,8.780411663606058,1035042400
2010-09-29,8.64799976348877,8.721428238607016,8.60677178331956,8.643786562045886,469644000
2010-09-30,8.539057731628418,8.727142576249824,8.463823633062727,8.697049097540676,673391600
2010-10-01,8.502043724060059,8.624223318221764,8.46683380911633,8.611283176256753,448142800
2010-10-04,8.385284423828125,8.513482122755866,8.35910198126824,8.474361140276493,435302000
2010-10-05,8.695244789123535,8.710591670095518,8.480977483882741,8.486395259121672,501967200
2010-10-06,8.702770233154297,8.787032659275209,8.584502456119212,8.714807952196155,670868800
2010-10-07,8.703667640686035,8.741585626712808,8.634151868693959,8.737372427867,408399600
2010-10-08,8.84962272644043,8.862562866089036,8.727142613118595,8.778601827095974,658403200
2010-10-11,8.888442039489746,8.945018479818104,8.865571994865855,8.869785193880722,427753200
2010-10-12,8.984142303466797,9.013032817637619,8.802075491755215,8.889949198520005,558544000
2010-10-13,9.032289505004883,9.0870594803227,9.022057451133355,9.034095161570447,630092400
2010-10-14,9.097594261169434,9.102408542490346,9.040114586890752,9.078935807156702,435296400
2010-10-15,9.471661567687988,9.4794860844934,9.175841474333518,9.251978032744283,922194000
2010-10-18,9.569767951965332,9.599860642049126,9.458120118111136,9.583911869882574,1093010800
2010-10-19,9.31367015838623,9.442470528729325,9.028684010599292,9.130400318589512,1232784000
2010-10-20,9.344964981079102,9.456913320292731,9.234823102708853,9.298921926389067,721624400
2010-10-21,9.314569473266602,9.471657611743368,9.232714631123407,9.400034825764486,551460000
2010-10-22,9.25287914276123,9.33021945526283,9.217670030585328,9.301028397202762,372778000
2010-10-25,9.294107437133789,9.377165265558931,9.282069721310217,9.30163141131644,392462000
2010-10-26,9.270333290100098,9.32119142933779,9.19810780547331,9.234822835314688,392929600
2010-10-27,9.263711929321289,9.32600508978658,9.196602879710518,9.258294958066545,399002800
2010-10-28,9.185768127441406,9.26882592800248,9.055162168914421,9.267320812236548,551051200
2010-10-29,9.057570457458496,9.2050292377153,9.054259684358305,9.15537487348378,430511200
2010-11-01,9.153871536254883,9.196604625122417,9.094286448315533,9.094888334124736,423889200
2010-11-02,9.3097562789917,9.334734139182384,9.238736161699528,9.238736161699528,433930000
2010-11-03,9.413275718688965,9.415683261164574,9.284775951602954,9.370241298730257,508348400
2010-11-04,9.577889442443848,9.635368323411283,9.480385562829364,9.493025162968285,642488000
2010-11-05,9.5435791015625,9.617007530376148,9.532144079871703,9.569460179819385,361253200
2010-11-08,9.588419914245605,9.623027130143608,9.532445358201597,9.545686841124722,281758400
2010-11-09,9.511981964111328,9.669070886635911,9.464434610315093,9.661546915069819,383544000
2010-11-10,9.57066822052002,9.592937191880779,9.435848209979145,9.528837558561866,384227200
2010-11-11,9.529142379760742,9.581806197473812,9.45691686596324,9.479487188352568,361284000
2010-11-12,9.269726753234863,9.52461922936135,9.137315964399823,9.509572895814713,795846800
2010-11-15,9.23993968963623,9.345267296513196,9.216767487549559,9.282672778919245,403606000
2010-11-16,9.075928688049316,9.256790941141572,9.007615858937477,9.200215286268145,657650000
2010-11-17,9.043126106262207,9.148152348191374,8.960669372667756,9.064191302142229,479449600
2010-11-18,9.281766891479492,9.319082997745205,9.169217490625227,9.184564369137245,494491200
2010-11-19,9.230607986450195,9.2808642309763,9.185768712572482,9.267924091775727,384843200
2010-11-22,9.430130958557129,9.430130958557129,9.204729959202586,9.229105127703237,393075200
2010-11-23,9.290796279907227,9.381680227037105,9.225493683225036,9.34255765222572,519447600
2010-11-24,9.473462104797363,9.49151867228065,9.381677365973438,9.389199730379806,413725200
2010-11-26,9.479483604431152,9.560736573596094,9.417490979286715,9.441565605726565,237585600
2010-11-29,9.535758972167969,9.554115282675543,9.370544945327572,9.494530198937587,445785200
2010-11-30,9.36362361907959,9.460224275250143,9.355197218382452,9.435546958922808,501858000
2010-12-01,9.521615982055664,9.562242069874282,9.479484777881238,9.487609834727785,461750800
2010-12-02,9.57427978515625,9.599858727342925,9.476174002841523,9.555621324579064,462837200
2010-12-03,9.552910804748535,9.58932368250341,9.519807896394765,9.539970664601407,342092800
2010-12-06,9.634468078613281,9.70007202987783,9.582405353757176,9.589026098186537,448481600
2010-12-07,9.576086044311523,9.750026237170536,9.573377959721494,9.744309526852,391454000
2010-12-08,9.660346984863281,9.660648329566806,9.542982464077626,9.61881766678807,321935600
2010-12-09,9.622727394104004,9.705183315720745,9.600457625506746,9.694049636800562,294151200
2010-12-10,9.64680290222168,9.661548699908682,9.587818907887964,9.619417504980516,262511200
2010-12-13,9.680206298828125,9.782224717853559,9.660044333601757,9.761460063351793,439815600
2010-12-14,9.638676643371582,9.706387570005242,9.5998554228108,9.6820116042737,351008000
2010-12-15,9.640788078308105,9.720234605646962,9.605578155262748,9.629953328618026,417312000
2010-12-16,9.66756820678711,9.708495633080705,9.632960982488353,9.66275312091895,322030800
2010-12-17,9.648306846618652,9.68381729461105,9.636871019839294,9.679002209651319,386929200
2010-12-20,9.696459770202637,9.727757834322855,9.576687700701603,9.678102653617387,385610400
2010-12-21,9.756341934204102,9.762059445467731,9.691641242792839,9.720229602696547,256354000
2010-12-22,9.785233497619629,9.802086297197986,9.73678290421042,9.76115887323626,265921600
2010-12-23,9.738288879394531,9.784933819821225,9.725348737512384,9.780420078471662,223157200
2010-12-27,9.770787239074707,9.793658893300387,9.67569171910377,9.715716712205895,249816000
2010-12-28,9.794562339782715,9.830373330627179,9.782224085734024,9.80780302051479,175924000
2010-12-29,9.78915023803711,9.824058819561674,9.783431919717346,9.817136729341547,163139200
2010-12-30,9.740094184875488,9.795766605990627,9.721737071885386,9.794864179187622,157494400
2010-12-31,9.706991195678711,9.734677135478744,9.669373739610469,9.718727565538504,193508000
2011-01-03,9.917946815490723,9.938711471019936,9.775604458969374,9.79967908416286,445138400
2011-01-04,9.969705581665039,10.006118452811169,9.875211155541308,10.004312796124008,309080800
2011-01-05,10.051264762878418,10.061496824055979,9.915843638107837,9.917348754779916,255519600
2011-01-06,10.04313850402832,10.088880220052705,10.018160643812834,10.072930647310146,300428800
2011-01-07,10.115063667297363,10.12198495380917,9.988068144810443,10.050964020114353,311931200
2011-01-10,10.305548667907715,10.32902139892815,10.14665491311821,10.196609802672654,448560000
2011-01-11,10.281174659729004,10.381084450006519,10.215871280762524,10.378677711312067,444108000
2011-01-12,10.364835739135742,10.36513708377746,10.292009980468263,10.329627434783163,302590400
2011-01-13,10.402750968933105,10.431641474743314,10.347680451196139,10.387102748538073,296780400
2011-01-14,10.487016677856445,10.487016677856445,10.365438974849864,10.409074484856609,308840000
2011-01-18,10.251384735107422,10.375069453195756,9.81051343592603,9.916442924888335,1880998000
2011-01-19,10.196915626525879,10.490628648604229,10.137932428520525,10.483104674722428,1135612800
2011-01-20,10.011540412902832,10.180666322303043,9.93450062968956,10.124391199549049,764789200
2011-01-21,9.83217716217041,10.077740837009046,9.829468275451884,10.044336591383876,754401200
2011-01-24,10.155085563659668,10.155085563659668,9.832180686679239,9.836695231633264,574683200
2011-01-25,10.273953437805176,10.27515801278965,10.06841469477399,10.12137983273373,546868000
2011-01-26,10.34768295288086,10.400346744784617,10.276963394066005,10.320899441770138,506875600
2011-01-27,10.328422546386719,10.372961283081064,10.316987522062668,10.345575886458482,285026000
2011-01-28,10.114457130432129,10.364234878818602,10.037117629169508,10.357313594939516,592057200
2011-01-31,10.211359977722168,10.233027865118302,10.060290669639219,10.105430494542905,377246800
2011-02-01,10.383190155029297,10.401847801784427,10.26131115486978,10.270941322787493,426633200
2011-02-02,10.361827850341797,10.389814331895572,10.338655651126112,10.365740509447816,258955200
2011-02-03,10.335345268249512,10.35942069877842,10.188187815277656,10.34617921198752,393797600
2011-02-04,10.42742919921875,10.433448055128784,10.337449312327674,10.34136116687641,321840400
2011-02-07,10.589337348937988,10.630564519076257,10.461739964515619,10.469263135551689,485021600
2011-02-08,10.689245223999023,10.698875395456364,10.597460464846318,10.643503516748126,381040800
2011-02-09,10.778322219848633,10.803601418791432,10.679314836539282,10.688944203979412,482745200
2011-02-10,10.66938304901123,10.833694623609832,10.472570451614311,10.755150552146038,928550000
2011-02-11,10.738903045654297,10.767491418849303,10.639292944008988,10.675706637031208,367572800
2011-02-14,10.809016227722168,10.818043708338434,10.73468536342414,10.73709290587797,310416400
2011-02-15,10.830683708190918,10.83279070970902,10.759964154948953,10.809317169912973,284174800
2011-02-16,10.927891731262207,10.98115662396646,10.848744941505597,10.85777242633813,481157600
2011-02-17,10.782538414001465,10.841822965464091,10.728971376380338,10.750940611926753,530583200
2011-02-18,10.54961109161377,10.818647561079345,10.518313036347875,10.794873478583673,816057200
2011-02-22,10.18999195098877,10.394327717369386,10.163209243903275,10.296523304414436,872555600
2011-02-23,10.310670852661133,10.371458911615436,10.189994750959977,10.194810641255739,671854400
2011-02-24,10.318492889404297,10.38680571562859,10.182771270945857,10.352800376641019,499900800
2011-02-25,10.477386474609375,10.485511529516465,10.376272090878373,10.390114657966645,380018800
2011-02-28,10.629362106323242,10.684733998065807,10.566466239565647,10.57007755471224,403074000
2011-03-01,10.511995315551758,10.704895286464788,10.462942830332185,10.697372116080043,456136800
2011-03-02,10.596555709838867,10.663664752147909,10.484607393511695,10.531553669025831,602590800
2011-03-03,10.820453643798828,10.827374927577463,10.710912856815833,10.749132197091653,500788400
2011-03-04,10.833699226379395,10.842426170564032,10.765988264690465,10.83580542533961,453266800
2011-03-07,10.694061279296875,10.883951805947076,10.572182232448283,10.875825946860955,546123200
2011-03-08,10.706100463867188,10.75545430024759,10.60047150558699,10.680520716897114,356316800
2011-03-09,10.607093811035156,10.676008545995444,10.550819484439302,10.673901543406027,453306000
2011-03-10,10.432547569274902,10.525838253249786,10.379281885837699,10.50627656460361,507539200
2011-03-11,10.592646598815918,10.60257811682117,10.382293527758451,10.392223438591925,471080400
2011-03-14,10.63989543914795,10.727769173256235,10.572185284455175,10.628459607063533,435957200
2011-03-15,10.395230293273926,10.467755503382643,10.234831387559476,10.295018343934101,721081200
2011-03-16,9.931187629699707,10.322103972046651,9.818336868347604,10.292010489258475,1162011200
2011-03-17,10.070521354675293,10.220086329758633,9.950748515321418,10.136425827556037,659422400
2011-03-18,9.9510498046875,10.177654556545681,9.930887034719296,10.145454072093253,753214000
2011-03-21,10.210756301879883,10.223996982714901,10.089177810228849,10.111147038446884,409402000
2011-03-22,10.267936706542969,10.310670600045993,10.205944073844142,10.308864942574035,325922800
2011-03-23,10.207448959350586,10.238444873206072,10.109945065241668,10.21015704370434,372996400
2011-03-24,10.381388664245605,10.41238537787596,10.197516991505193,10.287496900128627,404712000
2011-03-25,10.579106330871582,10.594754560309822,10.44308253149602,10.474681138694216,448910000
2011-03-28,10.545997619628906,10.662761819031449,10.545997619628906,10.627551913171859,309355200
2011-03-29,10.561650276184082,10.561650276184082,10.414192271198841,10.462341528652278,352900800
2011-03-30,10.491534233093262,10.559246000479616,10.455723224550793,10.552022565514436,329406000
2011-03-31,10.487918853759766,10.526739274027772,10.414189868279015,10.423217349727414,274019200
2011-04-01,10.369050025939941,10.580608451144837,10.33113202659434,10.566163996471053,418661600
2011-04-04,10.267632484436035,10.370251971671493,10.183671451055021,10.361525032145275,460084800
2011-04-05,10.198419570922852,10.299533965389356,10.111449089679887,10.141242032283307,482731200
2011-04-06,10.172842979431152,10.34919153952007,10.145758916085926,10.268541235416194,402539200
2011-04-07,10.174047470092773,10.244766253939494,10.112354564389847,10.174648552433545,373447200
2011-04-08,10.083160400390625,10.236336693346141,10.04975694975912,10.229415409659431,377535200
2011-04-11,9.95496654510498,10.101521359314534,9.931493795822941,10.053070744029975,398946800
2011-04-12,10.003111839294434,10.043136031860087,9.936905217709283,9.94563215832532,425639200
2011-04-13,10.115362167358398,10.115662708450637,10.006723794786655,10.08195790890054,346220000
2011-04-14,10.003717422485352,10.111452597526325,9.992884278896074,10.075340243861273,301800800
2011-04-15,9.854453086853027,10.040431831911283,9.834591653615071,10.030199770517088,453605600
2011-04-18,9.986560821533203,9.99799665093758,9.634767033559887,9.813523085794088,609898800
2011-04-19,10.167421340942383,10.17103185100523,9.982345132595077,10.02417578056336,419378400
2011-04-20,10.304347038269043,10.404859527353794,10.276962447582841,10.337449944212096,700666400
2011-04-21,10.553824424743652,10.687139301748594,10.488220487167967,10.683226642700149,753810400
2011-04-25,10.62333869934082,10.645608466543292,10.54178440591014,10.542988980695855,266546000
2011-04-26,10.545397758483887,10.682925018075283,10.513197276900835,10.641697055019243,338800000
2011-04-27,10.537272453308105,10.603479076961559,10.445487696276539,10.600168303806742,356213200
2011-04-28,10.434958457946777,10.525238127996719,10.39794287713829,10.418105652859927,360959200
2011-04-29,10.536670684814453,10.651627632098375,10.432546072292599,10.435856845231745,1006345200
2011-05-02,10.42081069946289,10.546902945353809,10.397337959949828,10.524934518349081,442713600
2011-05-03,10.478592872619629,10.529451023974604,10.400951201464038,10.472273472688274,313348000
2011-05-04,10.519815444946289,10.587826901906928,10.438863047442211,10.480392344963635,389250400
2011-05-05,10.434958457946777,10.561351281754257,10.413892451588215,10.484612035398452,335969200
2011-05-06,10.432246208190918,10.532758709671455,10.418704181688279,10.523429883082972,280134400
2011-05-09,10.460533142089844,10.508683190566856,10.428332661565763,10.468356851964378,204747200
2011-05-10,10.516212463378906,10.523435095380568,10.43225137532487,10.499359655375027,282091600
2011-05-11,10.449398040771484,10.53275799950244,10.389512426422353,10.50326640567754,336000000
2011-05-12,10.429535865783691,10.446088122073062,10.300134475829456,10.415994644755816,322000000
2011-05-13,10.246870994567871,10.419908740600201,10.242357252906327,10.40215431505807,326116000
2011-05-16,10.030196189880371,10.268538125167595,10.009130188647879,10.20774927163968,449775200
2011-05-17,10.115662574768066,10.115662574768066,9.952856092193931,9.991075436308979,452334400
2011-05-18,10.227911949157715,10.263422407258483,10.111449861091906,10.1255937753945,334776400
2011-05-19,10.247772216796875,10.304347863167353,10.19179765251669,10.294417151306574,261170000
2011-05-20,10.087976455688477,10.260413107424153,10.08195759817114,10.218582449471553,337968400
2011-05-23,10.0632963180542,10.110844475522567,9.91343082582468,9.92998227756333,383600000
2011-05-24,9.996793746948242,10.108441555804825,9.971214001800996,10.096403839597684,321927200
2011-05-25,10.134920120239258,10.188487138954677,10.016652403775984,10.034106283861476,294224000
2011-05-26,10.081357955932617,10.138234966750229,10.06420460998378,10.11054901959501,222560800
2011-05-27,10.15388011932373,10.160500862059944,10.060590246070612,10.07533604400841,203599200
2011-05-31,10.467456817626953,10.467456817626953,10.261917240629296,10.264927473156852,417754400
2011-06-01,10.3976411819458,10.596860585277692,10.371761696463782,10.498756401886876,554682800
2011-06-02,10.415396690368652,10.471973160599948,10.36122856729002,10.427434408202114,338783200
2011-06-03,10.335345268249512,10.392222267495358,10.292311641557786,10.327521556913416,313250000
2011-06-06,10.172842979431152,10.443986564814391,10.1659216930084,10.403360469796551,461941200
2011-06-07,9.99227523803711,10.17825386173777,9.98806203903582,10.17674954960151,529785200
2011-06-08,9.998295783996582,10.075335543015758,9.950447881928378,9.984453217094899,333723600
2011-06-09,9.975727081298828,10.041331017815924,9.953457309588025,10.028691417655738,275088800
2011-06-10,9.807501792907715,9.980840830276897,9.79576462174584,9.947436580788471,433955200
2011-06-13,9.828567504882812,9.880027521764468,9.782524458765378,9.84662327051125,329473200
2011-06-14,10.004315376281738,10.028691346052327,9.910122270439143,9.930886925904034,334569200
2011-06-15,9.833086013793945,9.93991794550337,9.77681008551179,9.923366485509545,399196000
2011-06-16,9.785233497619629,9.891162969926452,9.579694754640721,9.83759674986667,510591200
2011-06-17,9.637776374816895,9.90831881988682,9.610692317274808,9.90049430444986,615020000
2011-06-20,9.489110946655273,9.560733722451046,9.34405973835028,9.550501667741495,640645600
2011-06-21,9.789444923400879,9.804491259569037,9.485499932645718,9.530038662731181,493382400
2011-06-22,9.70849609375,9.897785549787907,9.701574005693187,9.78523451945064,390583200
2011-06-23,9.967904090881348,9.981746661015972,9.573377181084815,9.598052892284393,559759200
2011-06-24,9.82104778289795,10.025684150961427,9.783129777826586,9.972117917331705,439807200
2011-06-27,9.99227523803711,10.048249792611564,9.84812725977077,9.85835931448819,339813600
2011-06-28,10.089179992675781,10.132514965659087,10.034409993350339,10.040729392307089,294299600
2011-06-29,10.052464485168457,10.122582155715307,9.987461637361942,10.112651444101,352545200
2011-06-30,10.101517677307129,10.115361853179474,10.016353656007428,10.072327423733704,322954800
2011-07-01,10.32992935180664,10.33715117755558,10.057280719520264,10.10994451970748,435313200
2011-07-05,10.515605926513672,10.527643641192375,10.307057743012566,10.322104082775185,355054000
2011-07-06,10.585722923278809,10.656142746024749,10.433750401391066,10.501159992075587,444626000
2011-07-07,10.749432563781738,10.773507187880261,10.65313246021624,10.673296032694632,399663600
2011-07-08,10.824971199035645,10.833698946580894,10.598968261657069,10.63327495516612,489633200
2011-07-11,10.653133392333984,10.8267746171496,10.617622936978394,10.72355322088617,442674400
2011-07-12,10.645612716674805,10.763880471755362,10.491231811172504,10.638991168844917,451609200
2011-07-13,10.7741117477417,10.833696834433818,10.724757112420164,10.783439772210297,391638800
2011-07-14,10.766587257385254,10.882146914036253,10.723553630369683,10.864090341003688,430533600
2011-07-15,10.981754302978516,10.984161845634505,10.808716594300499,10.868903553528881,484467200
2011-07-18,11.248987197875977,11.274566136139716,10.992589500819745,10.997103242022579,572653200
2011-07-19,11.340773582458496,11.394941695148855,11.234542751915908,11.375380809213823,819145600
2011-07-20,11.643211364746094,11.925188771076924,11.616127313486404,11.92067503039553,941340400
2011-07-21,11.654948234558105,11.738306584202732,11.552930626251838,11.644716178548688,526534400
2011-07-22,11.835810661315918,11.88847445103518,11.668791007284232,11.685944346751814,516728800
2011-07-25,11.992298126220703,12.037437944955002,11.72506650995894,11.747034131854504,589806000
2011-07-26,12.140058517456055,12.172860888054553,12.02780964099718,12.037439009122654,476582400
2011-07-27,11.814444541931152,12.116885265472462,11.801203056979048,12.05519318868778,659324400
2011-07-28,11.791274070739746,11.946857925561456,11.680228959144143,11.785256016648265,594034000
2011-07-29,11.750946044921875,11.891483529440714,11.555939918897296,11.665480694720598,632584400
2011-08-01,11.939635276794434,12.022391751601411,11.807824713506553,11.970631186316833,612836000
2011-08-02,11.703700065612793,11.974241653521355,11.686848070056248,11.966718484268561,639539600
2011-08-03,11.813847541809082,11.843339148721915,11.50298109378122,11.765998012282525,732508000
2011-08-04,11.35642147064209,11.776226742239938,11.35581958488378,11.718748661285947,871407600
2011-08-05,11.243571281433105,11.540897257469766,10.911037796759683,11.448810332305316,1204590800
2011-08-08,10.629362106323242,11.067524564159417,10.623643788881509,10.884555281328366,1143833600
2011-08-09,11.255306243896484,11.273362815314025,10.68322632839627,10.87281631035178,1082583600
2011-08-10,10.944740295410156,11.274565626187965,10.908929301309206,11.169238038475916,878656800
2011-08-11,11.245980262756348,11.29864407067139,10.975739133926677,11.15028201719979,741969200
2011-08-12,11.344985008239746,11.424732048567243,11.261926391282199,11.377485227901424,528976000
2011-08-15,11.538189888000488,11.585136185509823,11.37809144989117,11.424435861489025,460544000
2011-08-16,11.450013160705566,11.536984457027765,11.316999607741648,11.481311223601436,498750000
2011-08-17,11.448809623718262,11.571591111557176,11.375381163898581,11.505084740173045,442061200
2011-08-18,11.015759468078613,11.214378519798176,10.874921439213502,11.159908269837588,851435200
2011-08-19,10.714225769042969,11.044353336708946,10.713323342035173,10.899000712336543,775888400
2011-08-22,10.726560592651367,10.980551525750961,10.685934515005188,10.969416238980982,535315200
2011-08-23,11.242964744567871,11.244168515648377,10.7434109963548,10.84271969974006,656835200
2011-08-24,11.320612907409668,11.404272635044595,11.152689959080169,11.23905857500281,626267600
2011-08-25,11.246577262878418,11.298639162310486,10.98416076430868,10.98656830672766,871346000
2011-08-26,11.543303489685059,11.549923429502153,11.158706522411313,11.169841007250554,641477200
2011-08-29,11.735599517822266,11.781643372062906,11.676315785357799,11.681731953070145,405269200
2011-08-30,11.736202239990234,11.791875465809676,11.622448245380621,11.683838983962657,417922400
2011-08-31,11.580920219421387,11.799098586937772,11.491542191868986,11.753657416848284,522586400
2011-09-01,11.466564178466797,11.656454715902193,11.457235350985723,11.610713005343346,343725200
2011-09-02,11.256509780883789,11.375379394356823,11.189702075201767,11.277273632202911,438939200
2011-09-06,11.427738189697266,11.445492605584823,11.02869616117388,11.055479662646329,509698000
2011-09-07,11.553840637207031,11.604096912898523,11.49575903991842,11.602893140896832,350576800
2011-09-08,11.560154914855957,11.694673563873799,11.505083575565816,11.50779165957632,416158400
2011-09-09,11.359731674194336,11.616128565684175,11.285700533222272,11.553835401788929,564813200
2011-09-12,11.433760643005371,11.462047661669304,11.191807430779553,11.22491114186335,467832400
2011-09-13,11.574599266052246,11.622447169200575,11.443089252417787,11.499966244456072,440560400
2011-09-14,11.715438842773438,11.803011218781075,11.608907465626586,11.646825467905016,534724400
2011-09-15,11.825578689575195,11.846644687764734,11.73349259396078,11.779535641767987,417818800
2011-09-16,12.05248737335205,12.05248737335205,11.88787601773429,11.903223704684212,698513200
2011-09-19,12.387425422668457,12.435575471023414,11.89298881738089,11.947156115057131,823860800
2011-09-20,12.442200660705566,12.725381933013768,12.374189165199631,12.496368781330178,775754000
2011-09-21,12.402776718139648,12.687160921357892,12.398563517640422,12.628478262640266,605976000
2011-09-22,12.092209815979004,12.332959303420063,11.938131076176266,12.068436533348322,968480800
2011-09-23,12.166842460632324,12.240270915353422,12.032925693091434,12.04586583499274,546277200
2011-09-26,12.132835388183594,12.157211357529238,11.775624658655836,12.033225312618947,812876400
2011-09-27,12.015172958374023,12.315807320424918,11.979060609273196,12.300159091179932,632497600
2011-09-28,11.947461128234863,12.149990474469417,11.932413179809313,12.043157755072068,429637600
2011-09-29,11.753657341003418,12.103946819739162,11.62244865522914,12.095219877955413,651086800
2011-09-30,11.47529125213623,11.703100595046571,11.471078051770508,11.649834106501414,547640800
2011-10-03,11.273062705993652,11.51501598523545,11.230029878629665,11.446703953314755,669099200
2011-10-04,11.209861755371094,11.489732120768702,10.660353882998837,11.272155707385215,1233677200
2011-10-05,11.382906913757324,11.430152947071042,10.842725980466266,11.070234024954592,786469600
2011-10-06,11.35642147064209,11.579414920787778,11.188799903089208,11.23484295822113,812582400
2011-10-07,11.128612518310547,11.367555530323996,11.089190207994095,11.308572335386827,535458000
2011-10-10,11.700688362121582,11.700688362121582,11.381696244082214,11.408179209013543,442514800
2011-10-11,12.046164512634277,12.133135785141949,11.781642595493233,11.813842272930726,605687600
2011-10-12,12.103343963623047,12.315803996148142,12.041651883147294,12.25832591926769,622286000
2011-10-13,12.291130065917969,12.291130065917969,12.12320714131716,12.187305970336613,426185200
2011-10-14,12.699496269226074,12.699496269226074,12.496965377713854,12.543912455266593,573367200
2011-10-17,12.639009475708008,12.840937702067723,12.51712963420605,12.691673267444491,686044800
2011-10-18,12.706719398498535,12.784060501906586,12.518634545878886,12.692274142382757,881602400
2011-10-19,11.9959077835083,12.290824493089152,11.971230474088113,12.07806315834572,1104059600
2011-10-20,11.896302223205566,12.047974246535494,11.863200107869293,12.037441645712233,549270400
2011-10-21,11.822871208190918,12.01155876970479,11.759072927544647,11.980261515115783,621244400
2011-10-24,12.211076736450195,12.233044355448149,11.899006687249546,11.922479422038668,502138000
2011-10-25,11.970332145690918,12.234554405264234,11.958596577149146,12.188811884851793,430427200
2011-10-26,12.055495262145996,12.114177914080184,11.83129725264688,12.090403026504186,456304800
2011-10-27,12.178576469421387,12.308280823682297,12.094314885507826,12.264945054994556,494664800
2011-10-28,12.1864013671875,12.228532562264613,12.11297291954657,12.127718717285704,322842800
2011-10-31,12.181285858154297,12.318212042580203,12.069036183883389,12.110264952608553,385501200
2011-11-01,11.93241024017334,12.022390135183011,11.833402864069665,11.959495094212269,531790000
2011-11-02,11.959497451782227,12.050681136057513,11.890281392512742,12.04014853698113,327350800
2011-11-03,12.129826545715332,12.139757258569825,11.897804817715976,12.00945180923173,441386400
2011-11-04,12.044659614562988,12.140958904741012,12.012158594083084,12.098527173145008,302229200
2011-11-07,12.029314041137695,12.037439900913927,11.92097781570332,12.034731816712394,270275600
2011-11-08,12.22492504119873,12.27819153995692,12.084388303903921,12.1039491932738,400442000
2011-11-09,11.89539623260498,12.06422155068346,11.8637984396012,11.946254367479886,558684000
2011-11-10,11.592653274536133,11.953475251478563,11.500265844568103,11.948058281117731,744752400
2011-11-11,11.574599266052246,11.697380731847376,11.443390597054112,11.634484882939585,653786000
2011-11-14,11.413297653198242,11.593558808784174,11.381398513874954,11.541496096206656,432905200
2011-11-15,11.70129680633545,11.721458777355236,11.419018765441313,11.45964485579111,430810800
2011-11-16,11.579113006591797,11.77080917815893,11.565570176842934,11.713932186122216,349210400
2011-11-17,11.357621192932129,11.573391937051387,11.300142328884748,11.555335370739668,479900400
2011-11-18,11.283292770385742,11.435265297636107,11.281487113236599,11.403065617188334,371938000
2011-11-21,11.104840278625488,11.185190022926621,11.011549587998006,11.146669332222453,447980400
2011-11-22,11.33054256439209,11.373275654842468,11.162920976456757,11.165328519782744,409021200
2011-11-23,11.044052124023438,11.310380596538801,11.040741349921413,11.270355587685984,428271200
2011-11-25,10.94112777709961,11.16923680929507,10.933603804815537,11.087081428494633,254760800
2011-11-28,11.318800926208496,11.336857494034215,11.144559466410968,11.205348304253073,346413200
2011-11-29,11.230928421020508,11.400355605394854,11.140647989587496,11.310375714976342,375855200
2011-11-30,11.5017728805542,11.504180423506932,11.384407572365728,11.474388284845501,405938400
2011-12-01,11.674211502075195,11.706411189133108,11.458139307052306,11.512006884348043,387181200
2011-12-02,11.727472305297852,11.845740010999092,11.693767515895935,11.731384159833972,379055600
2011-12-05,11.827086448669434,11.929405433951505,11.748241814653854,11.841531708780568,357210000
2011-12-06,11.765092849731445,11.875838227663307,11.717846824290445,11.81203913765689,283598000
2011-12-07,11.70911693572998,11.764790155608793,11.638998459568182,11.73439533063952,304746400
2011-12-08,11.756363868713379,11.902016989952482,11.743423728295438,11.780137951447326,376356400
2011-12-09,11.845440864562988,11.858080464278817,11.767498675279665,11.822269470462542,296993200
2011-12-12,11.791873931884766,11.853866548145286,11.719950603954693,11.78705884656967,301067200
2011-12-13,11.700688362121582,11.899006040188329,11.64922835155378,11.826780575779331,338928800
2011-12-14,11.441286087036133,11.657659618895282,11.365751425838166,11.637195501082296,406887600
2011-12-15,11.403664588928223,11.548113909605584,11.38470559549968,11.535775657365434,256200000
2011-12-16,11.46626091003418,11.5604540066455,11.422625405162051,11.446399486885076,421478400
2011-12-19,11.502074241638184,11.581521552020297,11.450011527003868,11.50989875624574,235530400
2011-12-20,11.91556167602539,11.92007622145771,11.654048314744415,11.669094656623157,337215200
2011-12-21,11.930607795715332,11.956187539012937,11.796991566235274,11.937829621331554,262948000
2011-12-22,11.993803977966309,12.011258664890052,11.920074981821868,11.94715823366989,202358800
2011-12-23,12.137654304504395,12.145478821166432,12.022094623023008,12.028113481993806,269399200
2011-12-27,12.233948707580566,12.310988464191471,12.128319784171431,12.13072813037528,265076000
2011-12-28,12.116887092590332,12.285711631465606,12.077765321100136,12.244785006250018,228662000
2011-12-29,12.19151496887207,12.207465338938025,12.052784758895934,12.139754414854826,215978000
2011-12-30,12.187905311584473,12.226425188787537,12.142464151345004,12.143065233396698,179662000
2012-01-03,12.37539291381836,12.41361226434376,12.30828464902732,12.320322366292947,302220800
2012-01-04,12.44189739227295,12.479214310096314,12.316708366176513,12.33837545035911,260022000
2012-01-05,12.580028533935547,12.595676761859666,12.418726346560579,12.48734052728779,271269600
2012-01-06,12.711536407470703,12.72206900652282,12.615838981979081,12.632390438656923,318292800
2012-01-09,12.691374778747559,12.872538391661966,12.67993894822918,12.804828246241515,394024400
2012-01-10,12.73681354522705,12.819872165069333,12.684450292651947,12.817163277612984,258196400
2012-01-11,12.716048240661621,12.725076525745378,12.618545172514095,12.719960095738411,215084800
2012-01-12,12.681139945983887,12.726581109830388,12.601692642722089,12.707923457177985,212587200
2012-01-13,12.633593559265137,12.652853903900203,12.598986332877713,12.630284392909696,226021600
2012-01-17,12.78075122833252,12.819572456905265,12.728387972355346,12.76570408477995,242897200
2012-01-18,12.913464546203613,12.924297686247739,12.82890160627902,12.84876303268141,276791200
2012-01-19,12.87253475189209,12.98147283957881,12.835218645390352,12.944759422309284,261738400
2012-01-20,12.648338317871094,12.865012355668402,12.631786862355428,12.864711814601117,413974400
2012-01-23,12.862302780151367,12.89360083397805,12.708524612580671,12.719659095322342,306062400
2012-01-24,12.651647567749023,12.792786939617224,12.625767288477643,12.792786939617224,547638000
2012-01-25,13.441606521606445,13.676034991551278,13.353432269244085,13.675734450472742,958314000
2012-01-26,13.380513191223145,13.505701370976597,13.335673921951235,13.492762036690744,323985200
2012-01-27,13.460265159606934,13.496377501074706,13.354637022875526,13.371789561397291,299709200
2012-01-30,13.632699012756348,13.659482522959168,13.40338620032019,13.413015567339704,379341200
2012-01-31,13.737126350402832,13.790090693079232,13.634506831536775,13.710342834374847,391683600
2012-02-01,13.728397369384766,13.812659760821237,13.709138634017254,13.795205878981033,270046000
2012-02-02,13.696197509765625,13.757888784686468,13.661890828654245,13.719670248341082,186796400
2012-02-03,13.83342456817627,13.843054739551802,13.709439326059194,13.761802579327927,286599600
2012-02-06,13.962525367736816,13.992920194197106,13.788886564290877,13.794302732077,249412800
2012-02-07,14.108783721923828,14.136470469471378,13.98088499493514,14.001048571572488,316223600
2012-02-08,14.345017433166504,14.348326599489111,14.134963319503479,14.159038750058437,407890000
2012-02-09,14.841259956359863,14.948995092710902,14.461779436179084,14.467798293559438,884214800
2012-02-10,14.848783493041992,14.975176286808134,14.702227124760762,14.774753956192482,631302000
2012-02-13,15.125046730041504,15.162061506545902,14.9592299814727,15.032658452183172,517216000
2012-02-14,15.331488609313965,15.334497235276197,15.106990790118248,15.187039205343083,460398400
2012-02-15,14.976682662963867,15.837959504795778,14.953208314299578,15.475934454629908,1506120000
2012-02-16,15.113306045532227,15.193957128134036,14.644447497121584,14.791003863375943,944552000
2012-02-17,15.110596656799316,15.280625748825809,15.055825862357562,15.140388793204925,535805200
2012-02-21,15.49368953704834,15.49368953704834,15.17078467104705,15.25384329521621,605595200
2012-02-22,15.43921947479248,15.512948469217072,15.319747163979597,15.440423246276382,483302400
2012-02-23,15.540034294128418,15.583370072485124,15.33268985571589,15.500611978918819,568027600
2012-02-24,15.721196174621582,15.735941973562968,15.60774432796529,15.638740238415819,415072000
2012-02-27,15.822015762329102,15.904471724232224,15.5367282593282,15.688098151461201,547582000
2012-02-28,16.112411499023438,16.112411499023438,15.824716584335333,15.888214315621887,600387200
2012-02-29,16.3239688873291,16.479554326123527,16.121139038948584,16.297487524669215,952011200
2012-03-01,16.385061264038086,16.497613097249694,16.21352784085871,16.49640771856156,683270000
2012-03-02,16.406431198120117,16.455181541472648,16.326381183228655,16.378143366605006,431712400
2012-03-05,16.044706344604492,16.475645357374304,15.829234427461872,16.413653526391563,809124400
2012-03-06,15.957427024841309,16.06064759103248,15.534912983460293,15.758809601547616,810238800
2012-03-07,15.970369338989258,16.18373257578514,15.747977013977165,16.15424098291091,798520800
2012-03-08,16.310422897338867,16.34051556378781,16.013398443602362,16.090738717841635,516457200
2012-03-09,16.406129837036133,16.483470156343923,16.344136400839396,16.377239317525788,418919200
2012-03-12,16.611661911010742,16.611661911010742,16.461192130470053,16.520777996418378,407282400
2012-03-13,17.096168518066406,17.098576060381383,16.72451180725458,16.778380968344965,690855200
2012-03-14,17.74258804321289,17.897268696422195,17.315859793796115,17.39560927109235,1418844000
2012-03-15,17.62160873413086,18.05646117195612,17.41065298834786,18.044423456173472,1159718000
2012-03-16,17.621902465820312,17.731141881785405,17.39409400597079,17.59632273145956,825487600
2012-03-19,18.089265823364258,18.10942779446012,17.726638027403276,18.00711041176774,901236000
2012-03-20,18.23552131652832,18.26380754086132,17.799765601991165,18.041416745074155,816662000
2012-03-21,18.131391525268555,18.34656124646073,18.098590763100578,18.138614153774746,644042000
2012-03-22,18.036300659179688,18.19158399096605,17.921643416060107,17.989353563838076,623870800
2012-03-23,17.937284469604492,18.110322151259965,17.887629311871994,18.07089985180306,430488800
2012-03-26,18.26620864868164,18.27132588200806,17.913513306120173,18.049835180485776,595742000
2012-03-27,18.49191665649414,18.546084771391136,18.238528359473747,18.242139674278324,607129600
2012-03-28,18.586408615112305,18.7016669228576,18.36642379479225,18.609278666276154,655460400
2012-03-29,18.352880477905273,18.554508170609747,18.273735320460517,18.44075418342765,608238400
2012-03-30,18.042617797851562,18.373947472343357,17.99416639577982,18.320079901996767,731038000
2012-04-02,18.61679458618164,18.62100698081142,18.067585756549466,18.111222050556744,598351600
2012-04-03,18.938507080078125,19.02547918756129,18.733570162151334,18.87771741005238,834559600
2012-04-04,18.787736892700195,18.834381839361313,18.567752040543837,18.788940664365743,572980800
2012-04-05,19.069717407226562,19.099209012887854,18.76035448176955,18.8680896476496,641298000
2012-04-09,19.146451950073242,19.255090329026853,18.81752979494177,18.8425068504971,597536800
2012-04-10,18.912019729614258,19.3802755439452,18.838591282964643,19.257794619178945,889725200
2012-04-11,18.844619750976562,19.165718294724414,18.75855085741615,19.145556319303516,696614800
2012-04-12,18.741392135620117,18.998994445699893,18.67307930026053,18.80850119933674,614336800
2012-04-13,18.213552474975586,18.799475935806086,18.16179189538685,18.781719900182402,859644800
2012-04-16,17.45819854736328,18.365519139979252,17.40162289882992,18.358899200876106,1050786800
2012-04-17,18.348068237304688,18.35709572066949,17.210831944547117,17.4223903823685,1025528000
2012-04-18,18.307138442993164,18.665553738859174,18.13771043308242,18.469041676368125,954531200
2012-04-19,17.67818260192871,18.198501161977667,17.590308892780744,18.06277874281519,834719200
2012-04-20,17.24302864074707,17.894254495372138,17.16598887929235,17.796750620376102,1030985200
2012-04-23,17.20450782775879,17.354074412235217,16.75069726928948,17.171707066733028,966529200
2012-04-24,16.860843658447266,17.083837131689613,16.70194901613937,16.930961347588212,1076149200
2012-04-25,18.357091903686523,18.597841350796475,18.23671798371722,18.526820448723747,905777600
2012-04-26,18.287879943847656,18.498234594881428,18.120258377707778,18.48559419047771,536068400
2012-04-27,18.14643669128418,18.242135709218818,18.071203393298816,18.20873225991571,406722400
2012-04-30,17.57405662536621,18.00800734272057,17.544565031888023,17.989950773089646,506144800
2012-05-01,17.51838493347168,17.95865345938216,17.491300881494446,17.60174409107334,610999200
2012-05-02,17.634248733520508,17.67698182387444,17.4199821995066,17.461511518200254,427389200
2012-05-03,17.50905418395996,17.797351780749036,17.463312482439107,17.770267730503807,390549600
2012-05-04,17.010408401489258,17.404935309488792,17.008000858244486,17.36641622474417,529992400
2012-05-07,17.137699127197266,17.236707303492157,16.889426530325593,16.897552388051505,460118400
2012-05-08,17.098581314086914,17.198491136514516,16.81419712122764,17.14071171037288,497252000
2012-05-09,17.12866973876953,17.273120678986174,16.877991210967807,16.96375790201534,480704000
2012-05-10,17.169002532958984,17.33030473142244,17.106409616959645,17.291182953543945,333200000
2012-05-11,17.05434226989746,17.287869102152325,16.983321363809203,17.00288224744804,399546000
2012-05-14,16.798852920532227,17.07842209864483,16.780195260681413,16.92976029499761,352626400
2012-05-15,16.64687728881836,16.949318076308803,16.604144200113897,16.89605319136227,476336000
2012-05-16,16.433507919311523,16.7588202472202,16.281835966376693,16.673354101401863,560896000
2012-05-17,15.953222274780273,16.476249049646217,15.953222274780273,16.410343751299315,717220000
2012-05-18,15.961041450500488,16.35316074781914,15.714274739036878,16.068776581418298,732292400
2012-05-21,16.890926361083984,16.89875167571415,16.07147818476828,16.085021813108472,631106000
2012-05-22,16.761226654052734,17.270108425639823,16.62911558976918,17.139802214401737,694870400
2012-05-23,17.17020606994629,17.23761567283566,16.648683672673997,16.77718187213073,584897600
2012-05-24,17.01251220703125,17.348959079998163,16.889428590733925,17.329999278715132,496230000
2012-05-25,16.92132568359375,17.02845971773324,16.80636793991044,16.990541726922366,328507200
2012-05-29,17.221660614013672,17.273723322548342,17.012210830051966,17.180433454683815,380508800
2012-05-30,17.42930030822754,17.453976807362373,17.049819980871828,17.129267250751486,529429600
2012-05-31,17.38597297668457,17.49942480897434,17.197286239475638,17.476553153588867,491674400
2012-06-01,16.882205963134766,17.233098092872268,16.868062854607317,17.128071047513128,520987600
2012-06-04,16.981510162353516,17.07811078216838,16.506333986023975,16.897549942412937,556995600
2012-06-05,16.93757438659668,17.047115954148964,16.802154150058698,16.890628918886325,388214400
2012-06-06,17.197277069091797,17.26919955552017,17.01791845000127,17.08623123151762,401455600
2012-06-07,17.205110549926758,17.373633721343975,17.16839632648097,17.372732098188965,379766800
2012-06-08,17.46391487121582,17.471740188715895,17.123255608954462,17.201499140926853,347516400
2012-06-11,17.18856430053711,17.710085124478947,17.172312579185537,17.68661238018111,591264800
2012-06-12,17.338722229003906,17.352564793288618,17.054037591594383,17.28756436719656,435380400
2012-06-13,17.218355178833008,17.408546269781006,17.164788146313747,17.289376095935502,293580000
2012-06-14,17.199390411376953,17.258675743671837,17.07089225010573,17.19066347160355,345573200
2012-06-15,17.277631759643555,17.29237755381251,17.13980237957427,17.1834386801172,335255200
2012-06-18,17.62822914123535,17.691726888292266,17.16448778041789,17.18224381346061,440412000
2012-06-19,17.677278518676758,17.75521989708392,17.54757497484648,17.556602455927663,361404400
2012-06-20,17.627038955688477,17.732667173711395,17.478375471563893,17.701369090577966,358943200
2012-06-21,17.38416290283203,17.70164989266953,17.377240817295494,17.61799021295766,326351200
2012-06-22,17.517484664916992,17.520192749138307,17.316459635598154,17.425398551190725,284471600
2012-06-25,17.176517486572266,17.448262773947604,17.164479776084274,17.37302788698313,304382400
2012-06-26,17.214441299438477,17.288470833247892,17.073000564072416,17.19337449536627,276536400
2012-06-27,17.28876495361328,17.35617452296384,17.211124134269024,17.303811287644226,202997200
2012-06-28,17.124765396118164,17.273729338407655,17.021244239421424,17.20361164256891,282836400
2012-06-29,17.574657440185547,17.574657440185547,17.281244241869338,17.39409497747676,421500800
2012-07-02,17.831058502197266,17.859646869132767,17.56262389399688,17.596630036114504,400092000
2012-07-03,18.03840446472168,18.056160497162534,17.87559958327472,17.902080950628804,241712800
2012-07-05,18.35529327392578,18.487704952222668,18.045629821389838,18.07301442335251,484383200
2012-07-06,18.23311424255371,18.310154033339426,18.103712787351622,18.269527939014168,418930400
2012-07-09,18.474163055419922,18.47446359656694,18.179848092377256,18.21565909685787,379405600
2012-07-10,18.303234100341797,18.654124763695002,18.21596144268265,18.596946403016954,511957600
2012-07-11,18.189464569091797,18.28666625296312,17.97249009605337,18.240321878688757,469322000
2012-07-12,18.023054122924805,18.160581382187598,17.83587169775086,18.063379659171463,428041600
2012-07-13,18.205720901489258,18.272527795961754,18.05615593789936,18.144932863343733,311427200
2012-07-16,18.264110565185547,18.405850270641647,18.20723275114242,18.210242984137693,301260400
2012-07-17,18.265012741088867,18.402239499885773,18.15095657844083,18.380872150520496,293624800
2012-07-18,18.24454689025879,18.307141405243815,18.163293112198915,18.25447760400035,252700000
2012-07-19,18.487098693847656,18.51809460238582,18.23671906119953,18.395613673536662,436861600
2012-07-20,18.185564041137695,18.490712910270844,18.167507467090015,18.44828036305172,397471200
2012-07-23,18.17142105102539,18.233715032034983,17.68631229901468,17.887637895483426,487975600
2012-07-24,18.083850860595703,18.347470458329337,18.01132401082752,18.278254382832046,565132400
2012-07-25,17.30292320251465,17.47836854466971,17.153358153722994,17.28757631551675,877312800
2012-07-26,17.300209045410156,17.46632469484777,17.16418607701696,17.447064350389518,406632800
2012-07-27,17.60956573486328,17.62972930454236,17.201196394284917,17.304116422589455,403936400
2012-07-30,17.906591415405273,18.039303584548776,17.689615255608505,17.78290672738898,379142400
2012-07-31,18.379968643188477,18.40825808116246,18.138016964981823,18.153363848473106,462327600
2012-08-01,18.26109504699707,18.54969321692882,18.14643782865147,18.534947418883924,384501600
2012-08-02,18.29059600830078,18.377867069839656,18.0636906054308,18.141633639103308,332158400
2012-08-03,18.528627395629883,18.59724075681721,18.404039469104028,18.466333432366955,344920800
2012-08-06,18.734764099121094,18.804581217070655,18.515382035302327,18.576470607233517,302103200
2012-08-07,18.68541717529297,18.808499196543753,18.599047774485776,18.741390139973134,290446800
2012-08-08,18.653820037841797,18.77479667380859,18.57076140397887,18.639675319640798,244706000
2012-08-09,18.76019859313965,18.790422085382207,18.671645778458547,18.673156549552754,221642400
2012-08-10,18.78952407836914,18.791336681745843,18.698856785867388,18.699158617418092,194938800
2012-08-13,19.04036521911621,19.04036521911621,18.836361075472574,18.840593171623674,278832400
2012-08-14,19.091442108154297,19.300585469448453,19.046712948762565,19.096883144395257,340169200
2012-08-15,19.065454483032227,19.1612609654072,18.972369326352354,19.079659932286436,257342400
2012-08-16,19.231979370117188,19.24467243124289,19.05547738382296,19.07693646923321,254534000
2012-08-17,19.58769989013672,19.590117769595274,19.30662866640236,19.342593412794585,442761200
2012-08-20,20.102705001831055,20.102705001831055,19.641806632613836,19.64513162172463,613384800
2012-08-21,19.82796859741211,20.39676257680672,19.65479163041975,20.274057627838545,812719600
2012-08-22,20.215124130249023,20.219052780666086,19.587698966969796,19.778404761578198,565322800
2012-08-23,20.026540756225586,20.246259558814216,19.981809974116683,20.131715313040015,420128800
2012-08-24,20.044363021850586,20.233558026401795,19.812554915716344,19.932236703121372,437340400
2012-08-27,20.420942306518555,20.577797788986924,20.356264841628764,20.55120111641938,427008400
2012-08-28,20.394346237182617,20.433635970329153,20.269525230962046,20.39978565878741,267416800
2012-08-29,20.354154586791992,20.481090059303302,20.327861352210284,20.407951610033756,202806800
2012-08-30,20.06401252746582,20.296124132736054,20.03318536882004,20.268621962142547,302699600
2012-08-31,20.105422973632812,20.206970714803138,19.863941625181077,20.16617019661476,338321200
2012-09-04,20.399484634399414,20.404622224800896,20.083052322791232,20.121133117746353,367892000
2012-09-05,20.2562313079834,20.441194265113854,20.237190101591548,20.41762074478216,336375200
2012-09-06,20.438779830932617,20.499830497371413,20.2734617152214,20.345089396708143,391196400
2012-09-07,20.56480598449707,20.626460302448592,20.423665082383007,20.492571425324222,329666400
2012-09-10,20.02986717224121,20.650944433578292,20.010524129950856,20.565112911559414,487998000
2012-09-11,19.964887619018555,20.252305467881737,19.841275508402852,20.101494625468465,503983200
2012-09-12,20.24293327331543,20.246258261777207,19.826162110352374,20.15407860592668,712233200
2012-09-13,20.64157485961914,20.71773646903644,20.39344515898523,20.472024648513305,598360000
2012-09-14,20.892423629760742,21.064693547178692,20.789967173769558,20.852530223231163,600474000
2012-09-17,21.149314880371094,21.14991854326269,20.99306303576224,21.13631837341088,398031200
2012-09-18,21.213685989379883,21.226379049074826,21.0477626487745,21.15233351073486,373503200
2012-09-19,21.21942901611328,21.276549399242086,21.14296559782057,21.163819404088738,326874800
2012-09-20,21.116670608520508,21.157774557956984,20.963138496121744,21.130572607911713,336568400
2012-09-21,21.15868377685547,21.309192759490088,21.136621027159684,21.22880067710674,571589200
2012-09-24,20.877605438232422,21.008471130818965,20.642170506642554,20.758830755576636,639766400
2012-09-25,20.356266021728516,20.937753120364956,20.339944528307324,20.801144544692892,518789600
2012-09-26,20.10361099243164,20.330583452502108,19.983323868785163,20.21120343748492,576503200
2012-09-27,20.591405868530273,20.617095442704024,19.957633937290083,20.07671211865904,594090000
2012-09-28,20.16162872314453,20.585049716689507,20.151050098461617,20.513723896619624,535110800
2012-10-01,19.92861557006836,20.453284186384646,19.841271680179634,20.284337660558744,543594800
2012-10-02,19.986642837524414,20.13896603448435,19.664467622354756,20.00175377901065,627992400
2012-10-03,20.293109893798828,20.305502743062906,20.02654580732286,20.093943021945268,424281200
2012-10-04,20.152565002441406,20.377724796256604,20.114787650979416,20.287055924604143,370725600
2012-10-05,19.723100662231445,20.128387675044415,19.683509091129995,20.104210491158867,594006000
2012-10-08,19.287282943725586,19.571075452868058,19.225023363377325,19.550523480333528,637994000
2012-10-09,19.217166900634766,19.357400667661423,18.84542684686709,19.30179105951049,838597200
2012-10-10,19.370100021362305,19.49310684238813,19.25192896036211,19.334738929692897,510356000
2012-10-11,18.982942581176758,19.560199241208057,18.982942581176758,19.53904360133827,546081200
2012-10-12,19.03160285949707,19.202965648424865,18.898320869672332,19.027068931438727,460014800
2012-10-15,19.18422508239746,19.195407371110715,18.85449444588085,19.11138848302184,432502000
2012-10-16,19.638471603393555,19.65388598677906,19.070584736541235,19.202659369974306,549771600
2012-10-17,19.48192024230957,19.729142769692967,19.463484314807086,19.61066990341014,389037600
2012-10-18,19.120155334472656,19.404853407020628,19.040366918109225,19.33020419559522,476624400
2012-10-19,18.43107795715332,19.093862767553667,18.42442798012089,19.072103461637607,744086000
2012-10-22,19.16216468811035,19.20296519746148,18.45887966813315,18.509049864832303,546730800
2012-10-23,18.537460327148438,19.158237259631218,18.487291741319858,19.07058992201898,707145600
2012-10-24,18.642333984375,18.936099945013215,18.4552549600305,18.781662300327216,558527200
2012-10-25,18.422008514404297,18.798586028460143,18.30141958447606,18.738139033696154,656325600
2012-10-26,18.254575729370117,18.556804269340716,17.861679918666,18.418684893640492,1018432800
2012-10-31,17.992237091064453,18.192916229281522,17.76193973867487,17.978938755011736,510003200
2012-11-01,18.029111862182617,18.224349996589737,17.957484194436383,18.079885721260368,361298000
2012-11-02,17.432518005371094,18.04150747295756,17.370561841275396,18.009471366536523,599373600
2012-11-05,17.66885757446289,17.76405877122414,17.456692647694116,17.635612532760483,529135600
2012-11-06,17.615365982055664,17.85382419096561,17.531952336332132,17.83841141395727,374917200
2012-11-07,16.941347122192383,17.443514694456596,16.87303408139516,17.42226243304032,793648800
2012-11-08,16.326549530029297,17.069784067134236,16.251862548437405,17.021205586640708,1056146000
2012-11-09,16.609201431274414,16.846622964534625,16.204187464445194,16.40760569928846,929913600
2012-11-12,16.480775833129883,16.835087270092696,16.35386703990814,16.824460326720796,515802000
2012-11-13,16.482900619506836,16.713035383295573,16.28434023116027,16.36176093051901,532949200
2012-11-14,16.300132751464844,16.621047379243674,16.278880481464,16.561843584741435,477170400
2012-11-15,15.958271026611328,16.37967957897124,15.867189626627052,16.319869356956747,789910800
2012-11-16,16.02081298828125,16.091250148463104,15.354999331011069,15.9455179810907,1266893600
2012-11-19,17.176036834716797,17.22977471996235,16.391209467768352,16.416408323437928,823317600
2012-11-20,17.029695510864258,17.364880317886257,16.837512294740566,17.363665856680477,642754000
2012-11-21,17.053686141967773,17.22583160552259,16.89884472847566,17.13110684871383,373002000
2012-11-23,17.351226806640625,17.366408391528463,17.081016322993438,17.219764950616774,272826400
2012-11-26,17.898630142211914,17.91289885030776,17.418321106044292,17.48481166432682,630579600
2012-11-27,17.754417419433594,17.925653283652853,17.612328637275237,17.899238335174097,533330000
2012-11-28,17.698549270629883,17.785380831546913,17.374294551466704,17.52640219879316,520864400
2012-11-29,17.893465042114258,18.041929308311136,17.768683585262547,17.91957677439514,514698800
2012-11-30,17.76959800720215,17.864324405796008,17.690659611947986,17.8154427238938,391319600
2012-12-03,17.797225952148438,18.052258067065132,17.77627689135687,18.023719025347454,364280000
2012-12-04,17.483287811279297,17.66393447298941,17.370346151825398,17.66393447298941,557068400
2012-12-05,16.35812759399414,17.282918642875252,16.357519552189405,17.272596525198075,1044638000
2012-12-06,16.61467170715332,16.798960196449762,15.746046185720525,16.059067619923148,1177212400
2012-12-07,16.189916610717773,16.856336419419637,16.091243659947096,16.801687284052374,787040800
2012-12-10,16.085784912109375,16.349619820734723,15.835610670567586,15.939444711955957,630484400
2012-12-11,16.43706512451172,16.6851137385354,16.315014115730147,16.387880220224922,592345600
2012-12-12,16.3644962310791,16.637743617402876,16.281611250013842,16.630760057532612,487144000
2012-12-13,16.081832885742188,16.32320262829115,15.96372854224373,16.126159915802468,625259600
2012-12-14,15.477652549743652,15.730862081709706,15.349834133057985,15.628242523500658,1009579200
2012-12-17,15.752120018005371,15.787642622103734,15.21776977034133,15.451548003694349,757607200
2012-12-18,16.20965576171875,16.24001568037899,15.79522925187635,15.939443729844678,625685200
2012-12-19,15.97921371459961,16.203581003065892,15.954621276195505,16.13587599495606,449369200
2012-12-20,15.840167999267578,16.0973242230843,15.753639616738404,16.091251913657302,481689600
2012-12-21,15.767298698425293,15.777620811628081,15.491317560833874,15.55902258108138,596268400
2012-12-24,15.792800903320312,15.916672748565064,15.748473863877136,15.798266791460007,175753200
2012-12-26,15.575119972229004,15.771251551010653,15.518041874029818,15.757284425907313,302436400
2012-12-27,15.63765811920166,15.673787137694497,15.321904571709473,15.591508575877763,455120400
2012-12-28,15.471585273742676,15.62005120436842,15.426955017960124,15.492839166305718,354278400
2012-12-31,16.157133102416992,16.255199675436057,15.45367273352139,15.50012386997499,659492400
2013-01-02,16.669015884399414,16.850270649888788,16.444346949461465,16.814444839469886,560518000
2013-01-03,16.458616256713867,16.68844787845289,16.42521936854879,16.634101929983267,352965200
2013-01-04,16.00016212463379,16.35325906657069,15.964639534875221,16.302859730370876,594333600
2013-01-07,15.906044006347656,16.069991429305063,15.641904329657915,15.848357901171658,484156400
2013-01-08,15.94885540008545,16.148630290493752,15.825591594620466,16.067262980331513,458707200
2013-01-09,15.69959545135498,15.939749187020903,15.665893731727024,15.863542926698829,407604400
2013-01-10,15.894210815429688,16.052389207034896,15.651626511679407,16.04722814935936,601146000
2013-01-11,15.796749114990234,15.949159998203422,15.757886342254364,15.818001383108102,350506800
2013-01-14,15.23355484008789,15.408129240129966,15.135185069670557,15.261789046131884,734207600
2013-01-15,14.752939224243164,15.149755147181684,14.675821739215259,15.128806094248388,876772400
2013-01-16,15.365317344665527,15.467027273183774,14.952715019223552,15.017686273459717,690804800
2013-01-17,15.261787414550781,15.506800562818706,15.242054442011797,15.493441486339766,453678400
2013-01-18,15.180420875549316,15.24782105270208,15.071120968368538,15.135485802670312,472922800
2013-01-22,15.325242042541504,15.419663582917762,15.078104812086805,15.318866525278793,461546400
2013-01-23,15.605772972106934,15.635526460899076,15.32523891960707,15.447896258389587,861509600
2013-01-24,13.67756175994873,14.139957073388176,13.669970158800231,13.965989095937331,1460852400
2013-01-25,13.355132102966309,13.85153165770309,13.206970991493115,13.713694283280653,1208026400
2013-01-28,13.657219886779785,13.759839466440411,13.233079279616051,13.292890301195335,785517600
2013-01-29,13.913464546203613,13.97206191569387,13.726745525726573,13.920448106080604,571158000
2013-01-30,13.869741439819336,14.044923833406989,13.79900109617718,13.87490249496312,417155200
2013-01-31,13.829060554504395,13.944127947643446,13.813577385985882,13.874298841410512,319334400
2013-02-01,13.77228832244873,13.950202918022581,13.612287443331322,13.938969552018758,539484400
2013-02-04,13.429207801818848,13.842722207698909,13.419492109964668,13.78108950358189,477117200
2013-02-05,13.900407791137695,13.958093898616124,13.426171139844,13.481731534448823,573347600
2013-02-06,13.88553524017334,14.163335675706003,13.74071269699343,13.858817080511477,593706400
2013-02-07,14.298407554626465,14.352763630981825,13.867823732396198,14.146634899530124,704580800
2013-02-08,14.504840850830078,14.621800419574146,14.299320471907661,14.474913944514055,633158400
2013-02-11,14.655997276306152,14.808993032319663,14.452006740373118,14.55125313723965,517490400
2013-02-12,14.288631439208984,14.730818956936309,14.283745281163785,14.643174720170945,609053200
2013-02-13,14.261454582214355,14.463920299497213,14.145716551438039,14.267562280622851,475207600
2013-02-14,14.248626708984375,14.402842396990858,14.17014483694419,14.185413264815853,355275200
2013-02-15,14.052270889282227,14.357649279114629,14.044941651360418,14.317643447734579,391745200
2013-02-19,14.047079086303711,14.13075374287127,13.859578444736268,14.080977221741218,435783600
2013-02-20,13.70688533782959,13.97683901938779,13.705357190422129,13.97683901938779,476302400
2013-02-21,13.621685981750488,13.71665945863516,13.52274372449698,13.619853672424666,447182400
2013-02-22,13.76673698425293,13.790861160257627,13.638172837650831,13.719098586396171,330654800
2013-02-25,13.522133827209473,13.89835904044874,13.515109567040708,13.859576382725685,372579200
2013-02-26,13.710552215576172,13.789034095684238,13.365169642950649,13.553281847291792,501499600
2013-02-27,13.57618522644043,13.816517839151501,13.456477609014064,13.694060534491065,587350400
2013-02-28,13.479382514953613,13.67696126343309,13.479382514953613,13.56030748244821,322515200
2013-03-01,13.145601272583008,13.381047693799506,13.130637822512101,13.375549950999613,552448400
2013-03-04,12.827396392822266,13.076278908799544,12.795331393991106,13.06406351582638,582755600
2013-03-05,13.166061401367188,13.289739418070576,12.848774272242437,12.871066959743754,638433600
2013-03-06,12.998717308044434,13.291575340418397,12.961155369332179,13.268976855570846,460250000
2013-03-07,13.14896297454834,13.19263261034878,12.858243054524635,12.9632930205768,468473600
2013-03-08,13.183774948120117,13.297069889899277,13.088802284561403,13.12514267927831,391482000
2013-03-11,13.371582984924316,13.406396865005673,12.982836552876309,13.123616143702105,474236000
2013-03-12,13.083305358886719,13.40242564235424,13.057043073405518,13.302261843294676,465911600
2013-03-13,13.080863952636719,13.268671201822864,12.9895567115643,13.083918617419497,405549200
2013-03-14,13.20759391784668,13.272943833714162,13.144990427193093,13.217670395390659,303875600
2013-03-15,13.548396110534668,13.56580264147777,13.352648066269143,13.373414238713492,643960800
2013-03-18,13.916685104370117,13.969819640044042,13.473275936366363,13.480910152495573,606197200
2013-03-19,13.879117965698242,14.077002437555139,13.696195311493428,14.0321104610246,526775200
2013-03-20,13.805520057678223,13.975005772680134,13.729481278822455,13.96859309941184,308660800
2013-03-21,13.825370788574219,13.985694156913317,13.745057431296194,13.74872204930419,383255600
2013-03-22,14.105710983276367,14.111512073031772,13.83697880291745,13.88186915869972,395105200
2013-03-25,14.156708717346191,14.351235218906002,14.101741069130524,14.190605216293331,501135600
2013-03-26,14.082195281982422,14.225722088432907,14.063567213312718,14.213506694076743,294294000
2013-03-27,13.805520057678223,13.949658425799207,13.764294331616192,13.939276157735637,331237200
2013-03-28,13.517857551574707,13.797583567895815,13.486098340657836,13.736508225013132,442839600
2013-04-01,13.097963333129883,13.549617381763147,13.062234525008046,13.494648918298923,389732000
2013-04-02,13.124835968017578,13.379826221189463,13.021312534659948,13.05795871942984,529519200
2013-04-03,13.192018508911133,13.353563431134184,13.140714667625845,13.173084647498065,363216000
2013-04-04,13.06162166595459,13.283936946298898,12.986193645866676,13.246070855413565,358447600
2013-04-05,12.923595428466797,12.977036569628742,12.816101560817717,12.96329383964824,383695200
2013-04-08,13.015508651733398,13.054902071203738,12.901908757999037,12.97397713075296,300829200
2013-04-09,13.03902530670166,13.085442178116141,12.90985035499989,13.020092259364928,306614000
2013-04-10,13.305009841918945,13.346847164562393,13.009403788887514,13.073228008393613,375928000
2013-04-11,13.263479232788086,13.375246842796052,13.167894983630372,13.244850346431944,328364400
2013-04-12,13.125144004821777,13.257982777814956,13.103462082849097,13.257982777814956,238613200
2013-04-15,12.821292877197266,13.06681664789252,12.812131329479929,13.039637797387947,317520000
2013-04-16,13.016425132751465,13.02772314809762,12.843275606619645,12.873813273649464,305771200
2013-04-17,12.30062198638916,12.844195707997896,12.15740013362006,12.834117598280223,945056000
2013-04-18,11.97234058380127,12.391929621660207,11.90179790001074,12.367499646817643,666299200
2013-04-19,11.925922393798828,12.202900351151024,11.760101265779465,11.847745499069463,609274400
2013-04-22,12.174501419067383,12.282301073578052,11.948523099912595,11.990358795692494,429920400
2013-04-23,12.402311325073242,12.47102087648621,12.178773696076266,12.336959783780364,664238400
2013-04-24,12.381848335266113,12.680813123408628,11.986078604062804,12.017838623288268,969651200
2013-04-25,12.471023559570312,12.640813492451064,12.428881257398649,12.55805622038265,384837600
2013-04-26,12.740365028381348,12.788309230485785,12.46705168167934,12.51469090663288,764097600
2013-04-29,13.13491153717041,13.24179377574486,12.825868628933897,12.839610537842411,640326400
2013-04-30,13.521520614624023,13.596949449939993,13.194461184693974,13.286990756284661,691538400
2013-05-01,13.414942741394043,13.587175702631498,13.265308256835455,13.572823023815609,506909200
2013-05-02,13.605195999145508,13.698945484422438,13.455865652260675,13.490983689027194,421828400
2013-05-03,13.74139404296875,13.84064208428301,13.716046691755107,13.782008190908098,361300800
2013-05-06,14.069061279296875,14.114561572764948,13.873618282464475,13.916370520644056,496641600
2013-05-07,14.006461143493652,14.222973703037686,13.8549935187726,14.199154500041681,483753200
2013-05-08,14.164647102355957,14.211370579215213,13.919429170365172,14.01806562819783,472598000
2013-05-09,14.04107666015625,14.232586287822285,14.00449653839742,14.134526542163156,398487600
2013-05-10,13.924263000488281,14.13145072353119,13.847720890894665,14.077962853063843,334852000
2013-05-13,13.978666305541992,14.07580500718774,13.879069996386297,13.879376992113993,316948800
2013-05-14,13.644221305847168,13.992811769937282,13.591655249776103,13.951313159235543,447118000
2013-05-15,13.182814598083496,13.556305395171528,12.983313276595824,13.499744286654428,741613600
2013-05-16,13.358953475952148,13.459473258850778,12.876952009684734,13.010363027206774,603204000
2013-05-17,13.318374633789062,13.528328537455751,13.249210296266074,13.496359115980463,427904400
2013-05-20,13.615633964538574,13.703857509052808,13.221240351801317,13.276879653598025,451578400
2013-05-21,13.515111923217773,13.694018232589595,13.347272237367203,13.468694816936825,456022000
2013-05-22,13.567068099975586,13.782248433336456,13.470851967853182,13.650066169925871,443038400
2013-05-23,13.591349601745605,13.714924458661335,13.396151136663345,13.401069636939932,353021200
2013-05-24,13.683878898620605,13.69955621019297,13.536634968196893,13.551697467142017,276166800
2013-05-28,13.569829940795898,13.867084797309964,13.551694203926235,13.829890694429626,386145200
2013-05-29,13.677729606628418,13.75611697865411,13.507122810909902,13.525567188155202,330576400
2013-05-30,13.88153076171875,13.971291725573149,13.66419910472232,13.699242588781797,353519600
2013-05-31,13.824668884277344,14.051222007769093,13.81759812845938,13.909816741545628,384302800
2013-06-03,13.85509967803955,13.905512668715136,13.601802636948259,13.855406673912169,372352400
2013-06-04,13.811753273010254,13.96914198381854,13.75273291687936,13.931946239364766,292728800
2013-06-05,13.682645797729492,13.855097002064452,13.639609745599085,13.699244913603936,290589600
2013-06-06,13.478227615356445,13.740746842303762,13.342665134647696,13.693714910985754,416934000
2013-06-07,13.58120346069336,13.625161318707061,13.303313984860212,13.417974452340456,404535600
2013-06-10,13.491443634033203,13.804682799553643,13.427197780962356,13.6709647768266,450153200
2013-06-11,13.451788902282715,13.610407244374176,13.320222310271289,13.39461380214693,286112400
2013-06-12,13.285489082336426,13.563993451048965,13.26427845753896,13.510198578497624,265227200
2013-06-13,13.401376724243164,13.437649843186033,13.179742139506201,13.295017438414142,285832400
2013-06-14,13.219707489013672,13.411524945572838,13.172059915587749,13.384166191075861,271866000
2013-06-17,13.279644966125488,13.39338281180473,13.229231984714739,13.262431037618832,259414400
2013-06-18,13.272576332092285,13.368792442021212,13.224622595895454,13.26612121087606,195025600
2013-06-19,13.002986907958984,13.26919414712445,13.002986907958984,13.261201584821972,310940000
2013-06-20,12.813632011413574,13.094594000512611,12.76229638720019,12.889252324503722,357310800
2013-06-21,12.710960388183594,12.910770399128976,12.544965073651387,12.864352453565957,481118400
2013-06-24,12.374046325683594,12.562174821064229,12.236023811022037,12.523442459637499,480746000
2013-06-25,12.376815795898438,12.535433326070876,12.260003876513178,12.471187468126816,314162800
2013-06-26,12.23664379119873,12.443215911627227,12.162560099899297,12.415857159773992,367724000
2013-06-27,12.104764938354492,12.338695741167548,12.097388009764934,12.27291327124798,337246000
2013-06-28,12.189302444458008,12.304269108859872,11.953834160970455,12.030377092797824,578516400
2013-07-01,12.579391479492188,12.673149162177696,12.333472205201128,12.37866051724112,391053600
2013-07-02,12.864346504211426,12.960870405825878,12.587073509455488,12.602136002287637,469865200
2013-07-03,12.935359001159668,13.002372744504154,12.832380777769918,12.937203438706153,240928800
2013-07-05,12.83145809173584,13.011901870434194,12.767827048775159,12.922756518615724,274024800
2013-07-08,12.758605003356934,12.941508045913306,12.623349523714937,12.914150118296492,298138400
2013-07-09,12.983003616333008,13.018354096690285,12.615047028123401,12.714029358136928,352584400
2013-07-10,12.93320369720459,13.058315962494405,12.856969425793146,12.89846802953672,281405600
2013-07-11,13.134861946105957,13.164372948643347,12.94673422999728,13.001450905512963,326292400
2013-07-12,13.110884666442871,13.211711459418392,13.015591186269674,13.145928160013092,279563200
2013-07-15,13.139474868774414,13.263049750423091,13.058322060501881,13.064778003829282,241917200
2013-07-16,13.224315643310547,13.239992131788517,13.038953356599533,13.111191777821851,216538000
2013-07-17,13.227697372436523,13.286411566109708,13.163451506977578,13.208946819149373,198990400
2013-07-18,13.27226734161377,13.367867803793803,13.236916857315817,13.322065507937642,218878800
2013-07-19,13.0629301071167,13.340510971358311,13.044485732271552,13.313460042429883,268721600
2013-07-22,13.104735374450684,13.210480658280906,13.078914071183092,13.201566287759684,207796400
2013-07-23,12.879717826843262,13.124714406693762,12.871110453426551,13.09520423296649,369395600
2013-07-24,13.541242599487305,13.666661063789538,13.379858015022585,13.492673233730176,591936800
2013-07-25,13.479455947875977,13.5686021221452,13.396765715529419,13.54708450465495,229493600
2013-07-26,13.555998802185059,13.557535423064088,13.351578153760258,13.381088333900236,200152400
2013-07-29,13.765031814575195,13.832659558398525,13.531715770046878,13.550159327069338,248057600
2013-07-30,13.935023307800293,14.052757042707928,13.809296188589997,13.831736437107775,309422400
2013-07-31,13.910731315612793,14.058589976856311,13.815437873648198,13.986352406079236,322957600
2013-08-01,14.038307189941406,14.04199606502969,13.933176712458767,14.009720460118407,206250800
2013-08-02,14.218443870544434,14.227973875425992,14.037693907157767,14.079192522729866,274783600
2013-08-05,14.430855751037598,14.468358492003635,14.20645493857452,14.28453366210563,318855600
2013-08-06,14.301752090454102,14.505864964136103,14.20707258453049,14.386901589929408,334857600
2013-08-07,14.293448448181152,14.355543690499724,14.19477309298868,14.2571753311383,298858000
2013-08-08,14.264984130859375,14.360597796277508,14.17029753411335,14.35317133172767,255777200
2013-08-09,14.061999320983887,14.247966677902907,14.03724608830703,14.191650140323992,266865200
2013-08-12,14.46147346496582,14.501388651791453,14.12945558962128,14.136573032266723,364434000
2013-08-13,15.148715019226074,15.3062142516406,14.482821854975827,14.572248460949218,881941200
2013-08-14,15.425028800964355,15.602949922089438,15.26722060281601,15.405844598940122,756372400
2013-08-15,15.40677547454834,15.545710180341175,15.133549668872675,15.36067157373579,490294000
2013-08-16,15.543538093566895,15.562413270620896,15.436166726564025,15.47608189260871,362306000
2013-08-19,15.710942268371582,15.896598889861824,15.595215696207111,15.605735692757147,510518400
2013-08-20,15.504558563232422,15.798517051272006,15.496823074472818,15.771906375028491,358688400
2013-08-21,15.544469833374023,15.692685116053244,15.50857526145881,15.582529217646352,335879600
2013-08-22,15.563030242919922,15.644410640844983,15.415742067501354,15.625535465092637,244207600
2013-08-23,15.503005027770996,15.575101536266448,15.451330465089859,15.57262604874178,222731600
2013-08-26,15.563349723815918,15.787067449603612,15.48692025678129,15.494655745109702,330965600
2013-08-27,15.118386268615723,15.549112899809991,15.047527493264464,15.409558509091031,424188800
2013-08-28,15.18986701965332,15.341488197199816,15.038247494635709,15.038247494635709,307608000
2013-08-29,15.214624404907227,15.363150420286201,15.196986961237588,15.213077637618293,239657600
2013-08-30,15.0759916305542,15.253293033629223,15.053712245365718,15.223897862012791,272297200
2013-09-03,15.118078231811523,15.490011223479248,15.080018842330523,15.257940001978884,331928800
2013-09-04,15.430906295776367,15.540754811222598,15.356334302515544,15.457827634743083,345032800
2013-09-05,15.325078964233398,15.492481706494463,15.274642156141178,15.479175550773531,236367600
2013-09-06,15.416367530822754,15.452260454186254,15.160470156573913,15.423175949066659,359525600
2013-09-09,15.662363052368164,15.71651311315221,15.579126833751477,15.626159453379612,340687200
2013-09-10,15.305597305297852,15.701976283747827,15.146551277156922,15.663297183391787,743195600
2013-09-11,14.472297668457031,14.65733456920032,14.382562075771698,14.45063632727403,898696400
2013-09-12,14.626394271850586,14.710248525673356,14.41969435417907,14.496743495626887,404051200
2013-09-13,14.385351181030273,14.599784976505347,14.379164113034046,14.52273747162923,298835600
2013-09-16,13.928014755249023,14.283548055248414,13.838280791070137,14.264674524284212,543706800
2013-09-17,14.08891773223877,14.224757244538536,13.846944563688444,13.861177793447666,399380800
2013-09-18,14.37854290008545,14.430217471629799,14.254152109428016,14.332128327301113,456862000
2013-09-19,14.614325523376465,14.72355434987379,14.519949622724974,14.564817423085483,404541200
2013-09-20,14.463019371032715,14.807722038889702,14.41938930148628,14.790704295681264,699302800
2013-09-23,15.181824684143066,15.375836560392921,14.93304303527625,15.350772651233175,762106800
2013-09-24,15.134171485900879,15.331276885351166,15.094565322760028,15.313021397212601,364344400
2013-09-25,14.899930953979492,15.150877354344637,14.89683742022723,15.137263822800227,316957200
2013-09-26,15.045055389404297,15.117460947844103,14.973267876813091,15.038248622424643,237221600
2013-09-27,14.937678337097168,14.997088385024288,14.874864080699357,14.969548999507738,228040400
2013-09-30,14.752023696899414,14.90395221917265,14.679616503583077,14.767494669690805,260156400
2013-10-01,15.098893165588379,15.135405786086103,14.802459271489129,14.804625736547854,353883600
2013-10-02,15.148405075073242,15.217717101598504,14.968628090745542,15.026800418851359,289184000
2013-10-03,14.95810604095459,15.234736093839311,14.875489505130275,15.17779985898531,322753200
2013-10-04,14.946345329284668,14.994924715238938,14.809268074295833,14.972027277684685,258868400
2013-10-07,15.092397689819336,15.244017216130327,15.018134693711547,15.055576040933651,312292400
2013-10-08,14.881677627563477,15.181823156326352,14.869300185701901,15.16016180680412,290917200
2013-10-09,15.056506156921387,15.093636836225688,14.7993709559588,14.996167357088822,301725200
2013-10-10,15.15087604522705,15.23565902356364,15.070424344275127,15.202861289014448,278602800
2013-10-11,15.248961448669434,15.280832106884157,15.012248356548124,15.068873886693604,267738800
2013-10-14,15.348907470703125,15.396559776378364,15.141900209813258,15.156753134054105,261898000
2013-10-15,15.430603981018066,15.533335101621724,15.332825489961897,15.39440037470296,320073600
2013-10-16,15.505790710449219,15.549729791069968,15.447618401749695,15.495888759601893,251101200
2013-10-17,15.610690116882324,15.619354325819943,15.461546080064121,15.470828334804269,253593200
2013-10-18,15.746521949768066,15.757970664280897,15.64812381799093,15.65678802269514,290542000
2013-10-21,16.13238525390625,16.223356950495603,15.827906868863774,15.835642354998829,398106800
2013-10-22,16.08628273010254,16.351773058989664,15.719918734609367,16.28864976163673,534063600
2013-10-23,16.2437801361084,16.26575050483355,16.059359588582392,16.059359588582392,313723200
2013-10-24,16.45883560180664,16.47616401958511,16.166116552143187,16.245019848316034,384764800
2013-10-25,16.274723052978516,16.49967681439388,16.24842140770104,16.440575781363997,337792000
2013-10-28,16.396018981933594,16.430675812534194,16.189629722721268,16.370026358983143,550440800
2013-10-29,15.987573623657227,16.685955443803618,15.921356793326794,16.593745987462018,635807200
2013-10-30,16.241914749145508,16.322984452946887,15.99808428732697,16.078226923089854,354163600
2013-10-31,16.173843383789062,16.32206028689591,16.129595289804282,16.245012814011744,275696400
2013-11-01,16.091230392456055,16.2388276296204,15.961579615003352,16.214692450606723,274890000
2013-11-04,16.299169540405273,16.301336005710077,16.053483120678806,16.124341904664135,244627600
2013-11-05,16.25894546508789,16.365389816704912,16.183135696400967,16.23202576738958,265213200
2013-11-06,16.21287727355957,16.33550435274232,16.128220956787537,16.313405714752015,223375600
2013-11-07,15.950511932373047,16.283534160253563,15.947089509114068,16.171179279150792,262620400
2013-11-08,16.201671600341797,16.219412010238447,15.953616688796165,16.01555270993071,279316800
2013-11-11,16.154680252075195,16.236223332719312,16.010266987520538,16.183936229946635,227452400
2013-11-12,16.18455696105957,16.306249908378376,16.09087501654377,16.111727024030344,204276800
2013-11-13,16.203855514526367,16.25427599173438,16.089630710882446,16.121999945838233,197220800
2013-11-14,16.43821144104004,16.473068945676747,16.2424436101735,16.271699579803496,282419200
2013-11-15,16.33955192565918,16.46715723811099,16.323990626516625,16.389038253161008,317920400
2013-11-18,16.141605377197266,16.408024067214335,16.128223191479957,16.339552354577542,244944000
2013-11-19,16.17024040222168,16.28944341930498,16.12106489834649,16.154055785651366,208938800
2013-11-20,16.02863121032715,16.197322255214917,16.007779196708622,16.16028395952248,193916800
2013-11-21,16.219728469848633,16.221907584010648,15.987236436233697,16.109551061588466,262026800
2013-11-22,16.17801856994629,16.25147015631793,16.138492009097284,16.169303777745643,223725600
2013-11-25,16.300649642944336,16.366942250692155,16.215371648798918,16.215993303019957,229311600
2013-11-26,16.601299285888672,16.686578925352887,16.30873955911019,16.312472808052547,401382800
2013-11-27,16.992212295532227,16.993457265950934,16.601299894942887,16.691870246271066,363448400
2013-11-29,17.30687713623047,17.377215491132358,17.049796491078386,17.101772773843756,318127600
2013-12-02,17.15623664855957,17.56395371379009,17.14347611552014,17.36694251943925,472544800
2013-12-03,17.62588882446289,17.627757111343154,17.356981839152624,17.376278051246004,450968000
2013-12-04,17.58480453491211,17.715212274625387,17.45470762225255,17.600365833719028,377809600
2013-12-05,17.675060272216797,17.900394899507145,17.628687208419286,17.822897579657145,447580000
2013-12-06,17.429807662963867,17.639270184829765,17.41580382422211,17.609390896376134,344352400
2013-12-09,17.62931251525879,17.72735103332881,17.457199083523747,17.457199083523747,320493600
2013-12-10,17.601919174194336,17.674438273839634,17.46653157181269,17.540606468686164,278269600
2013-12-11,17.471511840820312,17.770610540228287,17.4195372418796,17.64704932108294,359718800
2013-12-12,17.445995330810547,17.59538847487097,17.430123202674263,17.49579415361535,262290000
2013-12-13,17.255826950073242,17.518821524588112,17.232174176485668,17.517887381316417,332822000
2013-12-16,17.351381301879883,17.511357545980285,17.27388561453308,17.27419644166848,282592800
2013-12-17,17.27326202392578,17.411761274295692,17.22315236883359,17.29878309216758,229902400
2013-12-18,17.141923904418945,17.16308841098943,16.769375066661738,17.10862217747795,565863200
2013-12-19,16.94552230834961,17.117946510846803,16.922802019688863,17.102385215767285,320308800
2013-12-20,17.087446212768555,17.168056782695324,16.956727672430993,16.975713051520493,436413600
2013-12-23,17.743227005004883,17.762834046159615,17.51509153488552,17.678177703920582,501306400
2013-12-24,17.667909622192383,17.798939049833155,17.616865822960865,17.737003003496095,167554800
2013-12-26,17.550573348999023,17.72486592583781,17.53438872960251,17.681291950539514,204008000
2013-12-27,17.43199348449707,17.566447009923042,17.413631411368367,17.54808493679434,225884400
2013-12-30,17.25863265991211,17.43199108440339,17.190160935795234,17.35013717232552,253629600
2013-12-31,17.460935592651367,17.469027070553643,17.242447405342308,17.247739777084472,223084400
2014-01-02,17.215373992919922,17.336756158854335,17.180827298088207,17.29473963884105,234684800
2014-01-03,16.83721160888672,17.23310208731026,16.820092856211033,17.206959380049053,392467600
2014-01-06,16.92902946472168,17.018353173805508,16.607522953072053,16.727349265207618,412610800
2014-01-07,16.807964324951172,16.992214989601543,16.74198254447538,16.94117285651885,317209200
2014-01-08,16.914411544799805,16.97977002713845,16.76595249725375,16.769685747967937,258529600
2014-01-09,16.698408126831055,17.020225542696924,16.66199315282743,17.018357255734166,279148800
2014-01-10,16.586990356445312,16.8316213262468,16.530034183105972,16.80143119677845,304976000
2014-01-13,16.67382049560547,16.88452635571707,16.491747295504773,16.492681438946438,378492800
2014-01-14,17.005596160888672,17.01617757837035,16.733886768796346,16.75131635467647,332561600
2014-01-15,17.347028732299805,17.435420011523448,17.169624519438482,17.227514840112466,391638800
2014-01-16,17.25023078918457,17.33115222193905,17.170241837815666,17.27046114737319,229278000
2014-01-17,16.82756996154785,17.18237824664594,16.80360469473185,17.164016178223385,426739600
2014-01-21,17.089004516601562,17.120127109460913,16.819785112615072,16.837525522441382,328526800
2014-01-22,17.164949417114258,17.344841829031072,17.04979214406771,17.146274860415048,379985200
2014-01-23,17.310298919677734,17.320258685422026,16.956424719506128,17.11608847419562,403239200
2014-01-24,16.99563980102539,17.292868652984875,16.954555768937734,17.24244817196586,429354800
2014-01-27,17.13350486755371,17.267336636379408,16.985669265299173,17.120122687976785,554878800
2014-01-28,15.764082908630371,16.02863172408451,15.626203639032006,15.834421265631418,1065523200
2014-01-29,15.585115432739258,15.791153867791618,15.518822840104768,15.6847113973875,502810000
2014-01-30,15.554926872253418,15.764078585135582,15.459067471207344,15.640828171798441,678501600
2014-01-31,15.580451011657715,15.609396165017074,15.361030326883276,15.411761636500879,464797200
2014-02-03,15.609391212463379,15.802358286242038,15.539987026460539,15.643005410847657,401464000
2014-02-04,15.835349082946777,15.856202753268716,15.647674360933404,15.743846249276865,376681200
2014-02-05,15.95362377166748,16.037345977495086,15.756300061793981,15.765949000721282,328344800
2014-02-06,16.046607971191406,16.077605844231968,15.89945084448908,15.969899187841756,257765200
2014-02-07,16.271100997924805,16.372858240657916,16.19908920899137,16.324328120604623,370280400
2014-02-10,16.562593460083008,16.656523465009425,16.21849835907947,16.239162491968006,345559200
2014-02-11,16.780824661254883,16.836867636901697,16.578560953766228,16.61331609306743,282256800
2014-02-12,16.779571533203125,16.893540304958268,16.695662572619707,16.811821829585668,308100800
2014-02-13,17.046024322509766,17.05917392575767,16.725723464047757,16.740125490087202,307398000
2014-02-14,17.03223991394043,17.094548343588002,16.94520074134442,16.984649536992798,272924400
2014-02-18,17.094867706298828,17.25767765821997,17.08296885332122,17.095180393975447,260251600
2014-02-19,16.82497215270996,17.123042022555993,16.730416761086286,17.056038254115865,313768000
2014-02-20,16.630229949951172,16.813393038921532,16.562913472388214,16.687839731894552,305858000
2014-02-21,16.445499420166016,16.73730722940637,16.42514796871962,16.68157525366828,278784800
2014-02-24,16.51751136779785,16.591716997606774,16.35689358473133,16.379749881857343,288909600
2014-02-25,16.345623016357422,16.580759134673716,16.31243464707871,16.574811380263984,231952000
2014-02-26,16.198150634765625,16.43767103186208,16.14335839799275,16.39415059892484,276217200
2014-02-27,16.521265029907227,16.556018495976307,16.157443862311478,16.19157195326942,301882000
2014-02-28,16.47649574279785,16.68032292563898,16.347497885201175,16.56541440447076,371968800
2014-03-03,16.52408790588379,16.61457335964848,16.369103516389607,16.388202545345152,238781200
2014-03-04,16.63304901123047,16.676883817266578,16.52440423963444,16.625536145179726,259140000
2014-03-05,16.668115615844727,16.742944960073693,16.5669837178243,16.623030062260547,200062800
2014-03-06,16.617706298828125,16.733240226557246,16.534735368010413,16.681578197566033,185488800
2014-03-07,16.607999801635742,16.656217245182837,16.470549320396497,16.62835125486822,220729600
2014-03-10,16.62302589416504,16.698482267005485,16.54224547108473,16.542872518459085,178584000
2014-03-11,16.784896850585938,16.867867762951537,16.675312374310405,16.764859759838718,279224400
2014-03-12,16.801183700561523,16.82435269145574,16.656845703016145,16.735433997115255,199326400
2014-03-13,16.614566802978516,16.89666781028543,16.567914491861895,16.827160883099204,257742800
2014-03-14,16.427967071533203,16.6220875781951,16.375052629251947,16.55633622097015,237199200
2014-03-17,16.49215316772461,16.593283386223863,16.46428717745857,16.522211316000778,199544800
2014-03-18,16.63805389404297,16.65590049902445,16.443933396946544,16.46584995756608,209647200
2014-03-19,16.633670806884766,16.789593244522123,16.56290976411776,16.664981372738826,224756000
2014-03-20,16.553516387939453,16.67781723639409,16.51124838079313,16.59077470486462,208398400
2014-03-21,16.684080123901367,16.711633424158645,16.479314858522947,16.654649025598882,374046400
2014-03-24,16.881959915161133,16.922975506600185,16.752649354895482,16.857851194978156,355700800
2014-03-25,17.063554763793945,17.08735079431512,16.89448104908047,16.95428464907975,282293200
2014-03-26,16.900428771972656,17.1891063133468,16.871624725843922,17.111457788437935,299768000
2014-03-27,16.827791213989258,16.9542842272758,16.754526998449524,16.90794459004534,222031600
2014-03-28,16.80900764465332,16.87413195990752,16.72728914487701,16.854720242040006,200564000
2014-03-31,16.805252075195312,16.932683172562424,16.779889258666238,16.88321330659376,168669200
2014-04-01,16.958980560302734,16.965869721226227,16.806188334927732,16.837184542704136,200760000
2014-04-02,16.98716163635254,17.016280050255563,16.915462516693196,16.981839257148835,180420800
2014-04-03,16.869434356689453,16.9855936327019,16.833428459148482,16.950840157826523,162344000
2014-04-04,16.651203155517578,16.907317733359395,16.612379725742684,16.90136997990478,275251200
2014-04-07,16.389768600463867,16.62240154194248,16.340300407048616,16.5322287706369,289850400
2014-04-08,16.388830184936523,16.472740840310053,16.24042059150307,16.443622428276363,243888400
2014-04-09,16.604238510131836,16.609560887910494,16.344366684780752,16.363778398143133,206169600
2014-04-10,16.390085220336914,16.664359168423736,16.380378524069567,16.615514671496012,239652000
2014-04-11,16.268917083740234,16.369734632244132,16.191581213600994,16.249816377911035,271717600
2014-04-14,16.333724975585938,16.348752376785395,16.193769656459036,16.340612464797083,205674000
2014-04-15,16.217243194580078,16.332462688030173,16.00965882174072,16.28956931958647,266490000
2014-04-16,16.250123977661133,16.315248277797576,16.09764445920934,16.220065836616826,214765600
2014-04-17,16.435791015625,16.52408597334,16.25607255186751,16.281121004003158,284334400
2014-04-21,16.630855560302734,16.661224723198217,16.40511011174506,16.448317862500442,182548800
2014-04-22,16.647449493408203,16.65151944943578,16.484637875292613,16.541307916266604,202563200
2014-04-23,16.429841995239258,16.629599205299638,16.420447990349718,16.56478759449177,394940000
2014-04-24,17.776792526245117,17.84661383123991,17.556371167740505,17.790569174675333,759911600
2014-04-25,17.9073543548584,17.908917792832103,17.657501917525085,17.675346848065576,390275200
2014-04-28,18.600872039794922,18.652846751738583,17.92645655162413,17.934285448491238,669485600
2014-04-29,18.54576301574707,18.660044495156168,18.457469724983465,18.589910497192076,337377600
2014-04-30,18.475629806518555,18.76806466238412,18.46655015973118,18.555470501694145,456640800
2014-05-01,18.519149780273438,18.623097510934137,18.358843033093493,18.535429601808264,244048000
2014-05-02,18.5535888671875,18.6043128180466,18.46373047275146,18.546076003788457,191514400
2014-05-05,18.815967559814453,18.817221654662458,18.472812094744352,18.47719641033298,287067200
2014-05-06,18.61089324951172,18.92399063049968,18.61089324951172,18.842272122094847,374564400
2014-05-07,18.54576301574707,18.7010600838375,18.401737751778324,18.637188199274348,282864400
2014-05-08,18.5127010345459,18.714833360899956,18.462640444752758,18.520886408424474,230297200
2014-05-09,18.435571670532227,18.45792508194556,18.27153455575568,18.404086216288604,291597600
2014-05-12,18.665090560913086,18.69122222038672,18.49412752912738,18.496962480409316,213208800
2014-05-13,18.694368362426758,18.718926167891407,18.598027107931543,18.638955662728875,159737200
2014-05-14,18.697834014892578,18.808975540723143,18.630772114763975,18.65249665277921,166404000
2014-05-15,18.53883934020996,18.78379027248107,18.514281528298543,18.723970435674456,230846000
2014-05-16,18.81244659423828,18.813075462685806,18.431165672264132,18.53286076238782,276256400
2014-05-19,19.03535270690918,19.121620315764787,18.806772548728883,18.82314498235966,317755200
2014-05-20,19.03913688659668,19.09234521062496,18.913827281619955,19.03283979477877,234836000
2014-05-21,19.089502334594727,19.10178039636199,18.955692984091204,19.011420116806967,196859600
2014-05-22,19.11973762512207,19.200969274474286,19.019932496184992,19.098643627168777,200760000
2014-05-23,19.33571434020996,19.354605607843265,19.0945417085549,19.119099515745322,232209600
2014-05-27,19.697790145874023,19.70503053764045,19.382942399311954,19.390813340756136,348866000
2014-05-28,19.646791458129883,19.830032621734837,19.639549382355668,19.710075127467782,315481600
2014-05-29,20.004762649536133,20.051675539416948,19.7651638921642,19.767682727613714,376474000
2014-05-30,19.92983627319336,20.28151995906213,19.800748436787327,20.08662962705341,564020800
2014-06-02,19.792879104614258,19.98745501829136,19.59924817498014,19.960063932774847,369350800
2014-06-03,20.072772979736328,20.110555517981435,19.780280309052117,19.78689183287854,292709200
2014-06-04,20.301982879638672,20.39864194973438,20.027750916500825,20.06962614450228,335482000
2014-06-05,20.381641387939453,20.44524116356326,20.232404541341644,20.345434377350742,303805600
2014-06-06,20.325592041015625,20.504742116815294,20.290960574568242,20.461921912671333,349938400
2014-06-09,20.650835037231445,20.690505866792833,20.22106911820481,20.430441913327304,301660000
2014-06-10,20.772050857543945,20.948366020167857,20.622183473753424,20.877840291411495,251108000
2014-06-11,20.686098098754883,20.88445224037319,20.60014491763129,20.745603500507354,182724000
2014-06-12,20.340078353881836,20.74339810967498,20.254125183823078,20.725766259030664,218996000
2014-06-13,20.117475509643555,20.37313223155047,20.02931796134926,20.320236693694667,218100000
2014-06-16,20.32023811340332,20.441454960960172,20.15494332935243,20.16816805547304,142244000
2014-06-17,20.293798446655273,20.43044110191063,20.23208864344756,20.344487921519026,118904000
2014-06-18,20.315832138061523,20.34007550894011,20.13290549651058,20.335666706162772,134056000
2014-06-19,20.24530601501465,20.342279496556507,20.13070068565326,20.340075095212676,142112000
2014-06-20,20.03593635559082,20.397380883921638,20.033731953909367,20.243104714070405,403592000
2014-06-23,20.018301010131836,20.1924117203212,19.96760986910333,20.126293133147588,174776000
2014-06-24,19.89708709716797,20.218860793870764,19.877252526968057,20.00067211434289,156144000
2014-06-25,19.914722442626953,19.98965529626646,19.75824352932145,19.88166313835879,147476000
2014-06-26,20.033733367919922,20.066792669611832,19.79130129128913,19.916925292545645,130516000
2014-06-27,20.27175521850586,20.27616234003923,20.005078125430767,20.01609845146271,256116000
2014-06-30,20.48112678527832,20.657441902870637,20.295995743659827,20.298200145032766,197929200
2014-07-01,20.611160278320312,20.73237714594502,20.525207110901256,20.611160278320312,152892000
2014-07-02,20.602346420288086,20.73017313226129,20.516391569794692,20.688299589315672,113860000
2014-07-03,20.723562240600586,20.738989689833225,20.540635570080823,20.644220592699625,91567200
2014-07-07,21.151119232177734,21.155526352906726,20.7389836632045,20.747799586127847,225872000
2014-07-08,21.014482498168945,21.334053513445696,20.69932028667034,21.217243753848418,260888000
2014-07-09,21.023296356201172,21.146715946392963,20.884449317235408,21.0343166830965,145744000
2014-07-10,20.946157455444336,21.058558391315444,20.61115904932886,20.664054596483307,158744000
2014-07-11,20.9858341217041,21.133497115351226,20.906492460333617,21.016689025407498,136072000
2014-07-14,21.256914138793945,21.353887642306358,21.080600665049307,21.126883014962246,171240000
2014-07-15,21.007869720458984,21.34507088633011,20.9439555212173,21.334052240474154,181911600
2014-07-16,20.888853073120117,21.400164883407378,20.880037149317598,21.371514392148345,213585200
2014-07-17,20.516389846801758,20.99905120270354,20.401786191544804,20.943952935827653,229192000
2014-07-18,20.811723709106445,20.880045042571453,20.500968583089143,20.63320580865082,199952000
2014-07-21,20.703725814819336,20.937341934120496,20.65523906972686,20.935137532580192,156316000
2014-07-22,20.875633239746094,20.913099660571635,20.743397725295726,20.866817314587298,220788000
2014-07-23,21.420005798339844,21.57207589302912,20.97481079739445,21.029909072063322,371672000
2014-07-24,21.384742736816406,21.448656939125115,21.250302808074984,21.38694713867973,182916000
2014-07-25,21.525789260864258,21.563255676632174,21.2987846834326,21.34506702316925,173876000
2014-07-28,21.823322296142578,21.871809043342292,21.499345877197324,21.558851269646027,221272000
2014-07-29,21.682268142700195,21.915885924365835,21.653617650881596,21.891642553801802,172572000
2014-07-30,21.631582260131836,21.75279745153874,21.52579283640054,21.69549645842239,132040000
2014-07-31,21.069581985473633,21.477308922143482,21.01007658277815,21.413396396882657,227372000
2014-08-01,21.186386108398438,21.294379927913926,20.89546731097259,20.915303562472364,194044000
2014-08-04,21.06737518310547,21.28556555821646,20.974810486585223,21.239283209956337,159832000
2014-08-05,20.96379280090332,21.087212401916663,20.796293569909533,21.0166866754139,223732000
2014-08-06,20.928529739379883,21.043135099381225,20.87343146131239,20.88224738757911,154232000
2014-08-07,20.926315307617188,21.251903244735338,20.842148270004724,21.025984842881766,186844000
2014-08-08,20.983903884887695,21.00162344126641,20.660529585210682,20.877589926275203,167460000
2014-08-11,21.26076316833496,21.28069808942305,21.006050066667484,21.10129055894907,146340000
2014-08-12,21.256328582763672,21.457882968867246,21.17659229885939,21.2718327663101,135180000
2014-08-13,21.537628173828125,21.537628173828125,21.27184157727578,21.29620554577324,127664000
2014-08-14,21.595211029052734,21.61071521553169,21.440169164263164,21.557558246150922,112464000
2014-08-15,21.701522827148438,21.748035378375462,21.45345419744167,21.683803277205964,195804000
2014-08-18,21.9628849029541,22.009397463983394,21.701527400625473,21.81448575319819,190288000
2014-08-19,22.266324996948242,22.299548738774703,21.99832307525294,22.0182579962807,277596000
2014-08-20,22.275178909301758,22.3903526021693,22.137854934495344,22.246385908542187,210796000
2014-08-21,22.27739143371582,22.357127707002526,22.173291205267674,22.27517606783868,133912000
2014-08-22,22.44130516052246,22.474528907333866,22.19102275555913,22.213171356823413,176736000
2014-08-25,22.49003028869629,22.62956798008308,22.43244258073661,22.5454026298572,161080000
2014-08-26,22.34606170654297,22.481170353211702,22.33941729602315,22.4634507986057,132608000
2014-08-27,22.62070083618164,22.718156665633426,22.303971080292538,22.374847586304057,209476000
2014-08-28,22.647279739379883,22.764668791861702,22.49445158963531,22.501095997914785,273840000
2014-08-29,22.702653884887695,22.791249945331167,22.636206417097767,22.782390170303888,178380000
2014-09-02,22.879846572875977,22.977300720932927,22.751382366540287,22.82668792139472,214256000
2014-09-03,21.914152145385742,22.857695358017015,21.834415861243766,22.835546765717414,501684000
2014-09-04,21.732534408569336,22.168866984082502,21.659442521619336,21.89422067867499,342872000
2014-09-05,21.920801162719727,22.0138262838332,21.774617381116013,21.88314837891136,233828000
2014-09-08,21.785688400268555,21.996102566262696,21.717027255753916,21.993888889866895,185426800
2014-09-09,21.703739166259766,22.831120744681353,21.29398424008736,21.945163416814754,759385200
2014-09-10,22.37042808532715,22.39479205308172,21.65280294465319,21.708175291399048,403478400
2014-09-11,22.465656280517578,22.467871646326003,22.064761250471243,22.239737973098997,249412400
2014-09-12,22.51660919189453,22.633998282546873,22.388144957289068,22.41693796580558,250504400
2014-09-15,22.509965896606445,22.824482111872193,22.46788406196611,22.771323442068727,245266000
2014-09-16,22.339418411254883,22.428014498878067,21.903084073820292,22.104640215408786,267632400
2014-09-17,22.498889923095703,22.54761785338043,22.27961423681442,22.43022707140825,243706000
2014-09-18,22.5454044342041,22.669437947585642,22.494461132733896,22.57641281254949,149197600
2014-09-19,22.361560821533203,22.669430831194266,22.25967594040639,22.65614201316927,283609600
2014-09-22,22.383716583251953,22.622925523284877,22.277402625346138,22.54761994392075,211153600
2014-09-23,22.733667373657227,22.800114856415416,22.268540063838948,22.281828884458715,253608800
2014-09-24,22.536542892456055,22.78018085603017,22.41472306575412,22.62735434323927,240687200
2014-09-25,21.677162170410156,22.306191080721245,21.64393843166453,22.26189388894678,400368000
2014-09-26,22.315052032470703,22.315052032470703,21.794552397470813,21.823345404657914,249482000
2014-09-29,22.173297882080078,22.246389769573792,21.845492916545258,21.849923649633723,199065200
2014-09-30,22.315052032470703,22.490028821906854,22.266324105054352,22.328340852737114,221056400
2014-10-01,21.967313766479492,22.301763157612413,21.86099813511955,22.2796128707831,205965200
2014-10-02,22.126787185668945,22.197663712582916,21.71481684490972,21.987247808741976,191031200
2014-10-03,22.064769744873047,22.195447650785088,21.936305515792654,22.024901594118084,173878400
2014-10-06,22.064769744873047,22.292903505926027,22.02047086079551,22.13785994639911,148204800
2014-10-07,21.87207794189453,22.175519023958852,21.86764889748213,22.022690799366092,168376800
2014-10-08,22.326128005981445,22.394789166350183,21.774618286805815,21.874289511998498,229618800
2014-10-09,22.374855041503906,22.676080714877177,22.28404528002669,22.490030458291795,309506000
2014-10-10,22.310619354248047,22.598554448698888,22.215378881585767,22.301759578903958,265326400
2014-10-13,22.106847763061523,22.54318197951677,22.106847763061523,22.443512464718996,214333600
2014-10-14,21.87207794189453,22.264113430846837,21.832209782862943,22.23532041759124,254754400
2014-10-15,21.60406494140625,21.960662823457344,21.081350096529956,21.6993054010192,403734400
2014-10-16,21.320566177368164,21.643940438832885,21.13230056012339,21.163308935207013,288618000
2014-10-17,21.63286018371582,21.927441367238767,21.44237924473326,21.595207407129088,272718800
2014-10-20,22.095775604248047,22.14007279345479,21.754681839901878,21.77683043450525,310069200
2014-10-21,22.696008682250977,22.81782678249936,22.430220510216866,22.81782678249936,378495600
2014-10-22,22.811187744140625,23.05925642514041,22.72480703259679,22.777964003586156,273052400
2014-10-23,23.218725204467773,23.26745312394626,22.952937013629484,23.052608218879854,284298800
2014-10-24,23.305110931396484,23.364912315589294,23.152282730927475,23.29625115414019,188215600
2014-10-27,23.280736923217773,23.362688560112694,23.18992551288862,23.22314924080975,136750800
2014-10-28,23.641775131225586,23.641775131225586,23.333905038848872,23.34498018339817,192243600
2014-10-29,23.774660110473633,23.78130620877914,23.55760154771185,23.621833646031337,210751600
2014-10-30,23.694929122924805,23.776879093035905,23.455720242419464,23.69049839004722,162619200
2014-10-31,23.92084503173828,23.929704806751772,23.745868277337717,23.92306039794898,178557200
2014-11-03,24.23093605041504,24.430276810147014,23.92306597865165,23.96957854095083,209130400
2014-11-04,24.053741455078125,24.250866828140467,23.858831448519158,24.222073822914677,166297600
2014-11-05,24.11133575439453,24.208791629261487,23.949647751986166,24.164492736217422,149743600
2014-11-06,24.180282592773438,24.20030394902483,23.98007921319905,24.15803796139368,139874000
2014-11-07,24.249248504638672,24.318207386272093,24.146921819997903,24.19141109256973,134766000
2014-11-10,24.20920181274414,24.320426665291354,24.17360904529388,24.25146610264562,108782000
2014-11-11,24.402740478515625,24.413863646511295,24.113556779356937,24.180290695859487,109769200
2014-11-12,24.747543334960938,24.787584371838634,24.329338269805262,24.331561546129162,187769600
2014-11-13,25.096776962280273,25.236919672780612,24.825388036446935,24.869878998066874,238091600
2014-11-14,25.39931869506836,25.401543668312975,24.7386425054751,25.170195668435237,176254400
2014-11-17,25.357046127319336,26.088905996933963,25.20355695630714,25.41933178479175,186986800
2014-11-18,25.68627166748047,25.735210881669587,25.334800672083002,25.345923837910284,176896000
2014-11-19,25.508316040039062,25.746337238383454,25.314785816293757,25.679603322220544,167476800
2014-11-20,25.87312889099121,25.995476927679974,25.548352472057317,25.561700610614082,173582000
2014-11-21,25.908721923828125,26.153416302500226,25.81084349349654,26.140069860966594,228717200
2014-11-24,26.389211654663086,26.420354482029627,25.942088905833423,25.993251394868395,189803200
2014-11-25,26.160091400146484,26.638358722912,26.126723596761547,26.487092818436324,275361600
2014-11-26,26.47151756286621,26.493762196176768,26.211251789103546,26.235721394892177,163073200
2014-11-28,26.455947875976562,26.560499526230164,26.260192714051996,26.531579973598493,99257600
2014-12-01,25.597291946411133,26.527131943208182,24.751982241265864,26.42925351286422,335256000
2014-12-02,25.49941635131836,25.748560703006493,25.081211397529003,25.248048723898375,237395600
2014-12-03,25.78859519958496,25.882023671378157,25.606186503493024,25.748554183508357,172253600
2014-12-04,25.690725326538086,26.071114257185044,25.64623604817221,25.75301099511319,168178000
2014-12-05,25.581714630126953,25.821960705275263,25.501632605077518,25.801939350434672,153275600
2014-12-08,25.003355026245117,25.50386701953098,24.829844473451153,25.381518964531594,230659600
2014-12-09,25.385967254638672,25.426008279376155,24.324880947673904,24.51173962883448,240832000
2014-12-10,24.90325164794922,25.548356335283767,24.812048122663917,25.45047958828943,178261200
2014-12-11,24.829837799072266,25.314778245654544,24.7675504532612,24.972205480898566,165606800
2014-12-12,24.409404754638672,24.88544694618671,24.376036962357816,24.57179207476566,224112400
2014-12-15,24.075735092163086,24.825389598184973,23.65752851241001,24.625184501192198,268872400
2014-12-16,23.746505737304688,24.505060037318835,23.637505858304497,23.66197546134731,243162800
2014-12-17,24.338226318359375,24.433878075128536,23.762080622250004,23.82881622160552,213647200
2014-12-18,25.05896759033203,25.05896759033203,24.616293011569823,24.885457036704487,236024800
2014-12-19,24.865432739257812,25.19020917002171,24.838739855485677,24.97220936581706,353719200
2014-12-22,25.123483657836914,25.245830042704384,24.907707057078827,24.949973066716073,180670000
2014-12-23,25.034494400024414,25.21022990148961,25.016698013182072,25.18798526651511,104113600
2014-12-24,24.91659927368164,25.07231343419864,24.91659927368164,25.043395575004645,57918400
2014-12-26,25.357046127319336,25.474944221414532,24.916596579674763,24.936616242223664,134884000
2014-12-29,25.339250564575195,25.53055577858332,25.292534625923235,25.312555984939333,110395600
2014-12-30,25.030038833618164,25.341468744792383,24.938835341557677,25.279183101988835,119526000
2014-12-31,24.554006576538086,25.165743483275406,24.516190520530227,25.096784593242585,165613600
2015-01-02,24.320430755615234,24.789799848077692,23.87997951870223,24.7786766820896,212818400
2015-01-05,23.635286331176758,24.16916607950061,23.448429352699723,24.089084032394183,257142000
2015-01-06,23.637508392333984,23.89777416479279,23.27491425227713,23.699794044154206,263188400
2015-01-07,23.96895980834961,24.069061513837287,23.7353868993359,23.84661177083636,160423600
2015-01-08,24.889907836914062,24.94774525977114,24.18029243608068,24.298192254985526,237458000
2015-01-09,24.91659927368164,25.192436513950497,24.51618900784212,25.06341523971809,214798000
2015-01-12,24.30263900756836,25.054518669777874,24.202537283196392,25.047845447774034,198603200
2015-01-13,24.518415451049805,25.0923363007838,24.227006777254314,24.7875794858885,268367600
2015-01-14,24.42498016357422,24.578469317744926,24.135794846003666,24.255917899587278,195826400
2015-01-15,23.762083053588867,24.482819793453064,23.72649197487256,24.46947335107907,240056000
2015-01-16,23.57745361328125,23.931149674600007,23.401718069213818,23.808801606845062,314053200
2015-01-20,24.184736251831055,24.240348687400143,23.690897552432435,23.988979392447472,199599600
2015-01-21,24.369373321533203,24.70527125695511,24.08463618635833,24.235902099949918,194303600
2015-01-22,25.003355026245117,25.018926442594392,24.40718956191167,24.52731264395913,215185600
2015-01-23,25.132369995117188,25.303655531969277,24.809816884327752,24.98110411833651,185859200
2015-01-26,25.159069061279297,25.43935625129226,25.09233514747617,25.301436780647798,222460000
2015-01-27,24.278165817260742,25.021148872066853,24.25369620874828,25.007800732869285,382274800
2015-01-28,25.650680541992188,26.27576550361316,25.650680541992188,26.166763902406935,585908400
2015-01-29,26.44927215576172,26.513782778484742,25.70628920539715,25.875351468493466,337745600
2015-01-30,26.062217712402344,26.693974289279854,25.993257124754823,26.338054971520894,334982000
2015-02-02,26.389211654663086,26.509334716144085,25.821965844352427,26.260192097211768,250956400
2015-02-03,26.393657684326172,26.491534399891016,26.162309788811587,26.360289889338738,207662800
2015-02-04,26.596088409423828,26.807416665129097,26.31802625493535,26.360292245507747,280598800
2015-02-05,26.785924911499023,26.850690149029983,26.631828253102775,26.803789832587974,168984800
2015-02-06,26.560359954833984,26.855152412118425,26.45316192316014,26.80378629814129,174826400
2015-02-09,26.73678970336914,26.763587934082143,26.44869679621969,26.475496730787643,155559200
2015-02-10,27.250446319580078,27.279480012235624,26.835058348126257,26.83729039844191,248034000
2015-02-11,27.889156341552734,27.89808965202265,27.357637147503237,27.417934863356745,294247200
2015-02-12,28.242019653320312,28.469814852734082,28.04325814425922,28.15268823597874,297898000
2015-02-13,28.38047981262207,28.42514466366385,28.061121186494265,28.42514466366385,217088800
2015-02-17,28.54798126220703,28.782476036653325,28.34475223050622,28.472048955642872,252609600
2015-02-18,28.74674415588379,28.7601432737405,28.46311699964475,28.503316057070155,179566800
2015-02-19,28.686437606811523,28.815968060168334,28.659639377741044,28.693137164079143,149449600
2015-02-20,28.920934677124023,28.920934677124023,28.59711022135459,28.72440522746093,195793600
2015-02-23,29.702579498291016,29.702579498291016,28.956665913703066,29.037064009555703,283896400
2015-02-24,29.5172176361084,29.836577975147815,29.293889966856423,29.68918089559116,276912400
2015-02-25,28.76236915588379,29.389922771844976,28.619439583213403,29.380987756716305,298846800
2015-02-26,29.126394271850586,29.226891041668456,28.27551639557092,28.762369079791174,365150000
2015-02-27,28.68867301940918,29.159894523514826,28.63954066105051,29.032596120210176,248059200
2015-03-02,28.829368591308594,29.095129068348655,28.652941228409233,28.865101836964875,192386800
2015-03-03,28.88966941833496,28.925402665724054,28.60604230471284,28.80033970757226,151265200
2015-03-04,28.70653533935547,28.934330502130326,28.657406390236957,28.831601688914912,126665200
2015-03-05,28.230852127075195,28.75343806710463,28.085688798004263,28.715472771397522,226068400
2015-03-06,28.27328872680664,28.89190575528718,28.197358120621022,28.67527759644956,291368400
2015-03-09,28.39388084411621,28.936568873655904,27.929358864959124,28.577009471918817,354114000
2015-03-10,27.80653190612793,28.41174975782724,27.647969446430036,28.2308548693003,275426400
2015-03-11,27.29957389831543,27.864592630686776,27.270541914608945,27.860126826983816,275756000
2015-03-12,27.793128967285156,27.893627445138293,27.163344980721053,27.315207870580377,193450800
2015-03-13,27.601062774658203,28.0052869699526,27.375503080417058,27.781959325381774,207309200
2015-03-16,27.904794692993164,27.904794692993164,27.440274384249296,27.66583412848828,143497200
2015-03-17,28.371549606323242,28.434081086166454,28.061124257205115,28.11695617904442,204092400
2015-03-18,28.690908432006836,28.845005082401027,28.22192062663696,28.36261645709141,261083600
2015-03-19,28.474279403686523,28.86510284648222,28.451946976297766,28.75343900568345,183238000
2015-03-20,28.116960525512695,28.67527812635838,27.951698488400687,28.64178033116056,274780400
2015-03-23,28.409515380859375,28.552444966857443,28.25541872876409,28.38941670651046,150838800
2015-03-24,28.293384552001953,28.594874877800912,28.264350862901242,28.413981704634534,131369200
2015-03-25,27.55416488647461,28.322412548903188,27.55416488647461,28.259881079422676,206620800
2015-03-26,27.746227264404297,27.88915682669982,27.379970048040168,27.415703290541437,190291600
2015-03-27,27.525131225585938,27.848955617286265,27.449200646951795,27.8199236379005,158184800
2015-03-30,28.221914291381836,28.22861384792027,27.692627174735108,27.70379423820227,188398800
2015-03-31,27.788663864135742,28.248718349198064,27.773030994367268,28.159386934583193,168362400
2015-04-01,27.74846839904785,27.94276412315744,27.491641187782598,27.875765127573377,162485600
2015-04-02,27.98741912841797,28.04101728369725,27.735059514450654,27.922653909855462,128880400
2015-04-06,28.44078254699707,28.47651579721537,27.766333635750584,27.79759937776402,148776000
2015-04-07,28.14151954650879,28.612739352158854,28.134819989174908,28.50554302710699,140049200
2015-04-08,28.049957275390625,28.22862010735405,27.909261445321576,28.105789197397314,149316800
2015-04-09,28.264352798461914,28.26882030656257,27.840031537075223,28.105790337990708,129936000
2015-04-10,28.384950637817383,28.409516821392867,27.974028483200485,28.128123439254246,160752000
2015-04-13,28.32911491394043,28.713240487086196,28.275516749623428,28.668572226421336,145460400
2015-04-14,28.206289291381836,28.42738323808499,28.119191624381955,28.362618000393127,102098400
2015-04-15,28.3134822845459,28.391646629805887,28.141520724973926,28.2308521354946,115881600
2015-04-16,28.177248001098633,28.384942774977812,28.16384888789826,28.201814177869103,113476000
2015-04-17,27.860126495361328,28.170551816596443,27.79536126738247,28.03878931074127,207828000
2015-04-20,28.49660873413086,28.612738366244688,27.9539224586725,28.04325386237419,188217200
2015-04-21,28.342512130737305,28.630603292235747,28.28891226937762,28.608272572451273,129740400
2015-04-22,28.724401473999023,28.78023338692949,28.210748897351596,28.3603780150801,150618000
2015-04-23,28.958900451660156,29.1263962151015,28.617209366856617,28.65294261424118,183083600
2015-04-24,29.095129013061523,29.173295061822373,28.86063427448883,29.142029323860005,178103600
2015-04-27,29.624418258666992,29.731618009002727,29.28942670621598,29.5484876579619,387816800
2015-04-28,29.157655715942383,30.046498756265088,28.93656353644003,30.028635544104926,475696000
2015-04-29,28.728870391845703,29.38768631523267,28.652939804382193,29.068329393289822,253544400
2015-04-30,27.9494686126709,28.728881993113763,27.82217186168822,28.728881993113763,332781600
2015-05-01,28.79810333251953,29.06163176398269,27.982958672716148,28.161619792405876,234050400
2015-05-04,28.74226951599121,29.159894562599675,28.644004799142163,28.92093232774315,203953200
2015-05-05,28.094627380371094,28.686444465235194,28.090159871888012,28.61944546883102,197085600
2015-05-06,27.918193817138672,28.306783504139773,27.549702803532718,28.26435069961003,288564000
2015-05-07,28.09087371826172,28.27476727952215,27.812789436572668,27.98098482959033,175763600
2015-05-08,28.620126724243164,28.620126724243164,28.281492877176024,28.40932129864255,222201600
2015-05-11,28.328588485717773,28.606671048184207,28.17384818122156,28.56854717086461,168143200
2015-05-12,28.227672576904297,28.454174472680343,27.992198343941556,28.167121277698104,192640000
2015-05-13,28.259075164794922,28.523702708268758,28.227678821583822,28.290471508006025,138776800
2015-05-14,28.918394088745117,28.918394088745117,28.51696925361795,28.57303438501216,180814000
2015-05-15,28.878032684326172,29.039500558010683,28.752447320781446,28.945311535352136,152832000
2015-05-18,29.196475982666016,29.31533377773786,28.786078843817585,28.79056501210627,203531600
2015-05-19,29.169572830200195,29.351223337213625,29.07313900949819,29.308613283085617,178532800
2015-05-20,29.16733169555664,29.37365102707011,29.00586379751218,29.15387660771044,145819600
2015-05-21,29.465595245361328,29.519419012399055,29.115749314477668,29.169573081515395,158921600
2015-05-22,29.723482131958008,29.819915916530547,29.467825324917836,29.512680157896682,182384000
2015-05-26,29.06865119934082,29.80647032013867,28.956520925099333,29.736950097620053,282790400
2015-05-27,29.611360549926758,29.660698143072093,29.165084260036185,29.230118311758137,183332800
2015-05-28,29.553054809570312,29.59117869218456,29.400559279113327,29.570996064084852,122933200
2015-05-29,29.216665267944336,29.47904971057925,29.131445160749482,29.42971211398692,203538000
2015-06-01,29.274961471557617,29.465584247801104,29.165076026709112,29.216654978820518,128451200
2015-06-02,29.1449031829834,29.30188488682264,29.001376564909734,29.122475758744436,134670400
2015-06-03,29.1807804107666,29.364675696358162,29.13144281814176,29.301883018825503,123934000
2015-06-04,29.010339736938477,29.283937833143533,28.90942319173519,29.05967732293898,153800400
2015-06-05,28.851118087768555,29.08435097362452,28.786084034602492,29.04174092205789,142507200
2015-06-08,28.660503387451172,28.976711632906675,28.442970346700502,28.9071879772683,210699200
2015-06-09,28.575279235839844,28.723292021999566,28.171611267260324,28.41381136401914,224301600
2015-06-10,28.902690887451172,29.00584878885784,28.671701162787752,28.687399327476367,156349200
2015-06-11,28.837661743164062,29.194235177107373,28.812992947120826,28.969974639239496,141563600
2015-06-12,28.51921272277832,28.77935577283128,28.505757637765978,28.74795943382105,147544800
2015-06-15,28.463144302368164,28.534907599105466,28.191789283112378,28.279250747543088,175955600
2015-06-16,28.61564064025879,28.67170576757551,28.3398011720048,28.48781221841555,125976400
2015-06-17,28.548377990722656,28.678447851716214,28.422790878388064,28.642567041744023,131672400
2015-06-18,28.678434371948242,28.77486646294574,28.530423320052066,28.5326664043,141628800
2015-06-19,28.39138412475586,28.6649822583035,28.346532700982078,28.640313461936277,218867600
2015-06-22,28.617891311645508,28.718807883182006,28.499033483977787,28.590979427448673,136157200
2015-06-23,28.487815856933594,28.61788737955462,28.45417643405269,28.588734125576302,121075600
2015-06-24,28.730018615722656,29.10901948506068,28.508001154789742,28.52818378261447,221123600
2015-06-25,28.59322166442871,28.974463935565506,28.59322166442871,28.898216165727067,127752400
2015-06-26,28.425020217895508,28.70310277685248,28.371198173478145,28.63133948063868,176267200
2015-06-29,27.927169799804688,28.362235873234983,27.91595779736962,28.135732207988315,196645600
2015-06-30,28.128999710083008,28.283740030796153,28.00117127022454,28.160396048927392,177482800
2015-07-01,28.39138412475586,28.467633598337862,28.25458505798204,28.458662971388677,120955200
2015-07-02,28.355501174926758,28.411566305873087,28.205245323651862,28.35325809061674,108844000
2015-07-06,28.256832122802734,28.308412807283318,27.99893212234458,28.019116463566508,112241600
2015-07-07,28.187307357788086,28.290466999179422,27.75672582771158,28.232158780663585,187787200
2015-07-08,27.487613677978516,27.951832916507765,27.480886135691033,27.915952120650502,243046400
2015-07-09,26.926958084106445,27.821756997294315,26.736337001884525,27.774662497755145,314380000
2015-07-10,27.646841049194336,27.7746694975796,27.182621767061306,27.34633272564635,245418000
2015-07-13,28.180580139160156,28.203005850855508,27.880070127331642,28.0392949046324,165762000
2015-07-14,28.169368743896484,28.339807246544346,28.041540294653657,28.265800851990008,127072400
2015-07-15,28.440723419189453,28.51472981271916,28.162640811014725,28.194037151729344,134596800
2015-07-16,28.819721221923828,28.8331797289711,28.559579881091377,28.64704135620482,144889600
2015-07-17,29.06865119934082,29.06865119934082,28.774870428339227,28.947552008815553,184658800
2015-07-20,29.618091583251953,29.81992470335623,29.310852312142753,29.371403616951767,235600800
2015-07-21,29.32205581665039,29.8087006153643,29.225625459174225,29.793004162215144,307025600
2015-07-22,28.08190155029297,28.144694219816735,27.357539344636574,27.357539344636574,461802400
2015-07-23,28.068445205688477,28.501266331307747,28.046017786747672,28.30167462173187,203998000
2015-07-24,27.92043685913086,28.198519445964873,27.785880879112604,28.104330431049306,168649200
2015-07-27,27.532468795776367,27.720848559969454,27.386700797391303,27.60423210809461,177822000
2015-07-28,27.66925811767578,27.78811761234722,27.483123214829746,27.66925811767578,134472400
2015-07-29,27.581804275512695,27.696177633882726,27.420336407454347,27.617686784402196,148046800
2015-07-30,27.44276237487793,27.48761379763778,27.29474960002063,27.431548663701914,134513200
2015-07-31,27.202802658081055,27.503310943531275,27.115341189272588,27.494340317118606,171540000
2015-08-03,26.561418533325195,27.48761393461107,26.35509753907429,27.247655228608707,279904000
2015-08-04,25.7092227935791,26.39545935499345,25.397500845029988,26.332666690677335,496554400
2015-08-05,25.879671096801758,26.337162882182565,25.139610503485542,25.330231652984438,397250400
2015-08-06,25.93598175048828,26.24460997146581,25.708454609670838,26.125214166761953,211612000
2015-08-07,26.02384376525879,26.18829575505284,25.794063345836992,25.812085811321772,154681600
2015-08-10,26.970001220703125,27.03082489025574,26.251371343810888,26.251371343810888,219806400
2015-08-11,25.566530227661133,26.62307346004317,25.530487021354794,26.539720859965033,388331200
2015-08-12,25.96076202392578,26.001311704362486,24.69696565548448,25.350265298646253,404870000
2015-08-13,25.94049072265625,26.222085277355692,25.803072442465577,26.140985908104913,194143200
2015-08-14,26.122961044311523,26.201807168640773,25.683674266822425,25.7535091599831,171718000
2015-08-17,26.39329719543457,26.503681787781417,26.01933877421499,26.140987837067737,163538800
2015-08-18,26.244606018066406,26.45636562090527,26.134221461119406,26.228836795645407,138242800
2015-08-19,25.908950805664062,26.249115771038937,25.834609434933128,26.15450041849957,193146000
2015-08-20,25.37730598449707,25.760273957367826,25.14752382580097,25.699450279311247,274006400
2015-08-21,23.825151443481445,25.20834369354234,23.800370986337303,24.877188237813044,513102000
2015-08-24,23.23042106628418,24.509986574734764,20.725355713481914,21.371897320238247,648825200
2015-08-25,23.37009048461914,25.030372291118642,23.316024821346478,25.030372291118642,414406400
2015-08-26,24.710485458374023,24.755539898808536,23.665206628099416,24.124767420424977,387098400
2015-08-27,25.438121795654297,25.510209923032157,24.78482217451439,25.282682791483722,338464400
2015-08-28,25.521474838256836,25.525979594358386,25.127242508783635,25.269165528656025,212657600
2015-08-31,25.402082443237305,25.80081958229044,25.2308724702343,25.237630464651282,224917200
2015-09-01,24.266693115234375,25.203838918636777,24.185593744331104,24.814113009473044,307383600
2015-09-02,25.307466506958008,25.307466506958008,24.584331853532195,24.832136451446193,247555200
2015-09-03,24.863677978515625,25.406591485770907,24.78933658995461,25.34126133085823,212935600
2015-09-04,24.61587142944336,24.88169678581994,24.444663159633794,24.548289760429146,199985200
2015-09-08,25.300703048706055,25.357021950848996,24.852405068888853,25.174549257895144,219374400
2015-09-09,24.81411361694336,25.685929297421087,24.728507768495984,25.627358864892383,340043200
2015-09-10,25.35927963256836,25.519225136439918,24.7577940647591,24.84114495455993,251571200
2015-09-11,25.728731155395508,25.728731155395508,25.1768065137865,25.18356450812768,199662000
2015-09-14,25.976531982421875,26.332467885341497,25.87515863782471,26.262632991006413,233453600
2015-09-15,26.195053100585938,26.251372014792125,25.776040241394576,26.116206964440654,173364800
2015-09-16,26.224332809448242,26.253618018027414,26.00581520754931,26.188287889304902,148694000
2015-09-17,25.66339874267578,26.242357029165714,25.618344305241134,26.055379566966984,256450400
2015-09-18,25.557523727416992,25.749009419293746,25.201589479868858,25.278182381646005,297141200
2015-09-21,25.954011917114258,25.99005685232968,25.60483563047968,25.607087149892813,200888000
2015-09-22,25.546260833740234,25.721975577988893,25.348017147948372,25.54175435794482,201384800
2015-09-23,25.753507614135742,25.843618201695993,25.52372724863778,25.59806689356222,143026800
2015-09-24,25.906692504882812,26.019330298382304,25.31421832981337,25.512460227634595,200878000
2015-09-25,25.841371536254883,26.287418112821186,25.685930776150165,26.231099196112744,224607600
2015-09-28,25.32999610900879,25.80983265267475,25.32999610900879,25.64763390024769,208436000
2015-09-29,24.568559646606445,25.571037230879273,24.298229578216393,25.417849733800466,293461600
2015-09-30,24.8479061126709,25.12724745125998,24.494223393409246,24.818619176742185,265892000
2015-10-01,24.685705184936523,24.69471641683409,24.1743285167292,24.570814126638464,255716400
2015-10-02,24.865921020507812,25.007845753687356,24.228392355369188,24.332018928920757,232079200
2015-10-05,24.956031799316406,25.08894530294106,24.570810712485372,24.7532834065852,208258800
2015-10-06,25.075428009033203,25.17229659166543,24.728503357715844,24.9222405229803,192787200
2015-10-07,24.956031799316406,25.179054171962477,24.647405313613383,25.172296178657522,187062400
2015-10-08,24.66768455505371,24.823125309088653,24.37707874993993,24.823125309088653,247918400
2015-10-09,25.257905960083008,25.293949169584454,24.665429913192597,24.78032097349221,211064400
2015-10-12,25.140758514404297,25.399825817707374,25.10471530941555,25.395321061602488,121868800
2015-10-13,25.183568954467773,25.33225001237481,24.93351280739418,24.965051265699223,132197200
2015-10-14,24.82762908935547,25.122739639785635,24.68119957364821,25.070927202956746,177849600
2015-10-15,25.1993350982666,25.25340077463883,24.890706829821273,24.989828668767743,150694000
2015-10-16,25.014606475830078,25.230870877102095,24.89971542184546,25.181309962884544,156930400
2015-10-19,25.170045852661133,25.174550608839052,24.805098728452744,24.960539456697973,119036800
2015-10-20,25.629606246948242,25.71971683769229,24.96504386280446,25.082186427670127,195871200
2015-10-21,25.62735366821289,26.03735520635848,25.613835962994656,25.68141933293635,167180800
2015-10-22,26.019332885742188,26.019332885742188,25.703946688838375,25.75576083523572,166616400
2015-10-23,26.825820922851562,26.859612609192745,26.206312975224012,26.289663853653483,237467600
2015-10-26,25.969776153564453,26.611811399874824,25.888676783639273,26.600548648823246,265335200
2015-10-27,25.805326461791992,26.253624525211848,25.679170928737967,25.996810421044348,279537600
2015-10-28,26.86862564086914,26.875385353996066,26.145491020799188,26.341481452277073,342205600
2015-10-29,27.1524715423584,27.188516468319552,26.643348134815415,26.740216724940186,204909200
2015-10-30,26.920434951782227,27.307909269597495,26.909170483981082,27.256095123915298,197461200
2015-11-02,27.298900604248047,27.339450285939357,26.94521793788585,27.21329648455156,128813200
2015-11-03,27.612035751342773,27.81928893234413,27.19076967626492,27.211045378056777,182076000
2015-11-04,27.48362159729004,27.89362309663211,27.398017493019967,27.73818239170739,179544400
2015-11-05,27.356929779052734,27.757375390395566,27.189512727263605,27.567332966519253,158210800
2015-11-06,27.38860511779785,27.558285063713978,27.28906072325715,27.399917804621726,132169200
2015-11-09,27.277753829956055,27.55829091682003,27.160109801940205,27.36598728248645,135485600
2015-11-10,26.41803550720215,26.71214810263013,26.25740536621641,26.447447802389142,236511600
2015-11-11,26.268714904785156,26.565088621190046,26.065098649743323,26.327537762035785,180872000
2015-11-12,26.180482864379883,26.42934642209491,26.164646139600023,26.302652623856034,130102400
2015-11-13,25.415796279907227,26.146552110237906,25.39995955174892,26.062842703644634,183249600
2015-11-16,25.832080841064453,25.84565468744489,25.112637639642543,25.19860821017538,152426800
2015-11-17,25.721221923828125,26.02890841133104,25.63751251620306,25.999496111478862,110467600
2015-11-18,26.535680770874023,26.580928065036172,26.130711101650345,26.189533964920045,186698800
2015-11-19,26.872774124145508,27.09222709579046,26.415770301292152,26.614860785077298,173183200
2015-11-20,26.99042320251465,27.130690848519013,26.88861420265893,26.96779782960875,137148400
2015-11-23,26.63974380493164,27.087699492079118,26.54698463280699,26.983627636402087,129930000
2015-11-24,26.895402908325195,27.001735954171995,26.497221864655707,26.544732043977394,171212800
2015-11-25,26.703102111816406,26.974591098537477,26.678215578215127,26.970065332751478,85553200
2015-11-27,26.65332794189453,26.78907329267587,26.605817759550597,26.761923877304834,52185600
2015-11-30,26.764183044433594,27.01530949201183,26.639750398850293,26.694047495980463,156721200
2015-12-01,26.546995162963867,26.879568168873835,26.43840095250787,26.865994324085296,139409600
2015-12-02,26.307180404663086,26.721199916323,26.261933106305477,26.54699419289124,133546400
2015-12-03,26.062829971313477,26.4225522295674,25.841115885409987,26.36825514898923,166278000
2015-12-04,26.92934226989746,26.97911533746755,26.042482037422513,26.083205299427686,231108000
2015-12-07,26.75966453552246,27.11712411787693,26.653331468840836,26.918033557032523,128336800
2015-12-08,26.748353958129883,26.832061647179277,26.438404559933936,26.587722051203233,137238000
2015-12-09,26.157861709594727,26.626178302483893,26.03569193848359,26.614865615389384,185445600
2015-12-10,26.28229522705078,26.456500959459223,26.132977753917423,26.25288465421021,116850800
2015-12-11,25.605833053588867,26.105823046988814,25.531173469116514,26.060575755469923,187544800
2015-12-14,25.44746971130371,25.492717009764363,24.83888370838732,25.37959703753894,257274800
2015-12-15,24.997251510620117,25.519866967144758,24.96557805580939,25.325300472693826,213292400
2015-12-16,25.189558029174805,25.336614358380082,24.614910010680276,25.128473995297494,224954000
2015-12-17,24.655628204345703,25.39543201217679,24.655628204345703,25.343396069071403,179091200
2015-12-18,23.988222122192383,24.777799080844837,23.938449055983405,24.639794296457037,385813200
2015-12-21,24.28233528137207,24.291385086886148,23.884152469122142,24.271022592960993,190362400
2015-12-22,24.259708404541016,24.370565486717243,24.08323980959433,24.298168778305914,131157600
2015-12-23,24.571914672851562,24.626211763331916,24.25291559837354,24.268752321683365,130629600
2015-12-24,24.440698623657227,24.66015162530188,24.422599015546123,24.66015162530188,54281600
2015-12-28,24.166948318481445,24.363777671352185,24.022154906969735,24.341152298368666,106816800
2015-12-29,24.601327896118164,24.757433989953327,24.17599747691878,24.19862112322459,123724800
2015-12-30,24.280065536499023,24.592275971165964,24.24839208918818,24.56512828837005,100855200
2015-12-31,23.814006805419922,24.214450575590106,23.7144607202841,24.209926538117138,163649200
2016-01-04,23.834375381469727,23.83890114650032,23.076471989765675,23.214478479947225,270597600
2016-01-05,23.237106323242188,23.947499666855865,23.16923537018913,23.92487601583818,223164000
2016-01-06,22.782363891601562,23.160185946734472,22.59458603158971,22.75069043443937,273829600
2016-01-07,21.820842742919922,22.65340583772468,21.816318703339366,22.32535859680786,324377600
2016-01-08,21.936222076416016,22.422638241655704,21.89097478358731,22.295944440876468,283192000
2016-01-11,22.29141616821289,22.411323034185916,22.02219014577078,22.390962272525616,198957600
2016-01-12,22.614946365356445,22.780102296876933,22.36155698685515,22.748428840323513,196616800
2016-01-13,22.03350830078125,22.893220789831734,22.013147534066185,22.696391414550362,249758400
2016-01-14,22.515399932861328,22.732591812182573,21.66021316505182,22.162466149593634,252680400
2016-01-15,21.97468376159668,22.105903335147378,21.574239845295597,21.764280557825284,319335600
2016-01-19,21.86835289001465,22.31856987621932,21.605913737566517,22.264272775258014,212350800
2016-01-20,21.89775848388672,22.214494665318565,21.13532945674896,21.51541252925251,289337600
2016-01-21,21.78690528869629,22.14436305543964,21.479218855141625,21.958846387508764,208646000
2016-01-22,22.945253372192383,22.954303176555086,22.255222618754832,22.31404375800186,263202000
2016-01-25,22.49730110168457,22.970141767015896,22.445265153894017,22.967878884223136,207178000
2016-01-26,22.621732711791992,22.823086134498485,22.187352410632403,22.608158866778844,300308000
2016-01-27,21.135326385498047,21.86155609730757,21.117226783229587,21.728075414242088,533478800
2016-01-28,21.286914825439453,21.38419806730843,20.90230762330095,21.219043880042285,222715200
2016-01-29,22.022197723388672,22.022197723388672,21.34574070031797,21.445286838883526,257666000
2016-02-01,21.81631851196289,21.879665421978128,21.583291638946616,21.82536831711847,163774000
2016-02-02,21.375146865844727,21.728080563352407,21.329897849450482,21.587811201640477,149428800
2016-02-03,21.798219680786133,21.909076777275168,21.28465573388582,21.492796081682272,183857200
2016-02-04,21.973371505737305,22.139423630123563,21.652643067457266,21.805045954692748,185886800
2016-02-05,21.386499404907227,22.046155681463933,21.311436428419146,21.95516830962167,185672400
2016-02-08,21.611696243286133,21.768647700515437,21.163584812663363,21.18405606278197,216085600
2016-02-09,21.60713768005371,21.823232849727436,21.366022681589314,21.447911121716718,177324800
2016-02-10,21.443361282348633,21.916494116967577,21.40469222237365,21.818683018805388,169374400
2016-02-11,21.313709259033203,21.545727137520572,21.061220133559154,21.334182241459605,200298800
2016-02-12,21.379674911499023,21.49568384994566,21.156757680456938,21.425169463556387,161405600
2016-02-16,21.982460021972656,22.030227990807777,21.520701254460423,21.613962031108223,196231600
2016-02-17,22.319122314453125,22.3395935661552,21.871010849168574,21.989293241696416,179452800
2016-02-18,21.89603042602539,22.494269555500004,21.857359617273673,22.482895481965976,156084000
2016-02-19,21.84598731994629,22.009764260678107,21.791395584849003,21.836888408190077,141496800
2016-02-22,22.037057876586914,22.041608199899244,21.818689214471288,21.907401429223263,137123200
2016-02-23,21.538902282714844,21.95061798174682,21.507056965410694,21.92787157444952,127770400
2016-02-24,21.859628677368164,21.923319306324775,21.22726923924256,21.377398637874126,145022800
2016-02-25,22.00975799560547,22.00975799560547,21.666281550198946,21.848256262644124,110330800
2016-02-26,22.043882369995117,22.296369768396733,21.96881765767691,22.10984643609802,115964400
2016-02-29,21.99384117126465,22.344141457586762,21.98474225968538,22.032510243896585,140865200
2016-03-01,22.8673152923584,22.921907025044668,22.159890987375892,22.21220929380349,201628400
2016-03-02,22.917356491088867,22.949201810405075,22.66486736262482,22.862764763038186,132678400
2016-03-03,23.08795928955078,23.135727272931547,22.84911763720705,22.878689533185554,147822800
2016-03-04,23.431434631347656,23.599760145498422,23.058387959208215,23.28585552687567,184220400
2016-03-07,23.172122955322266,23.39049162345449,22.96512662490448,23.29040533310392,143315600
2016-03-08,22.981048583984375,23.14710067558947,22.83774463799302,22.92418169082973,126247600
2016-03-09,23.00151824951172,23.106153109567774,22.808169452328546,23.044735901975123,108806800
2016-03-10,23.01288604736328,23.256276197539854,22.7808699661098,23.067479495667023,134054400
2016-03-11,23.26083755493164,23.26538614339531,23.08796169083077,23.256287231027887,109632800
2016-03-14,23.319976806640625,23.408690764271487,23.151651274206692,23.18122317189698,100304400
2016-03-15,23.788558959960938,23.925039155290957,23.622506869758855,23.647528441370675,160270800
2016-03-16,24.104736328125,24.18207446139833,23.790830001348233,23.79538032415235,153214000
2016-03-17,24.06606674194336,24.21846957923751,23.874993103407714,24.002374372138394,137682800
2016-03-18,24.09336280822754,24.225294405533155,23.92731246630815,24.18889876402552,176820800
2016-03-21,24.091087341308594,24.48688036425567,23.91593636841071,24.095635928391857,142010800
2016-03-22,24.27534294128418,24.404999405958215,23.931866373819943,23.940965286219534,129777600
2016-03-23,24.141138076782227,24.354958196614273,24.088821495614958,24.220753132764102,102814000
2016-03-24,24.03649139404297,24.168422966506764,23.859067013700326,23.99099858616412,104532000
2016-03-28,23.92731475830078,24.154782333193452,23.897742862883216,24.111562938623084,77645600
2016-03-29,24.49370765686035,24.518729228037834,23.856797775789556,23.859072937380184,124760400
2016-03-30,24.921342849731445,25.116965070789703,24.70297422201423,24.7143482930635,182404400
2016-03-31,24.791690826416016,24.998687155291268,24.766669254014836,24.9577429218566,103553600
2016-04-01,25.019155502319336,25.021430663757336,24.611988376901795,24.743919973270767,103496000
2016-04-04,25.27619171142578,25.519581890952896,25.082842929052717,25.116963404497344,149424800
2016-04-05,24.97821044921875,25.187481908615442,24.88949824590131,24.909971227288217,106314800
2016-04-06,25.23980140686035,25.244351730115294,24.839457996977217,25.073751052291442,105616400
2016-04-07,24.689327239990234,25.116965594591342,24.59379128876652,25.01005557208116,127207600
2016-04-08,24.71662139892578,24.96910874791477,24.605161065318658,24.773488278563907,94326800
2016-04-11,24.798519134521484,25.16019355225037,24.75530146688058,24.787146794801338,117630000
2016-04-12,25.121522903442383,25.135170404429747,24.716630843376283,24.871307149073353,108929200
2016-04-13,25.4854679107666,25.55370714360792,25.203408597054672,25.203408597054672,133029200
2016-04-14,25.499113082885742,25.565078883419442,25.32396382559538,25.389929626129085,101895600
2016-04-15,24.987308502197266,25.544605007100053,24.960013508537088,25.50138561988534,187756000
2016-04-18,24.44821548461914,24.78259135881754,24.325382787072034,24.76894385979226,243286000
2016-04-19,24.31855583190918,24.566494620531298,24.16387783339936,24.53919789063911,129539600
2016-04-20,24.368595123291016,24.58696373719946,24.125204943008114,24.257136522902634,122444000
2016-04-21,24.104736328125,24.323104965851638,24.00237489030836,24.323104965851638,126210000
2016-04-22,24.038772583007812,24.220747331033778,23.79765751699725,23.88636972941396,134732400
2016-04-25,23.90229034423828,24.03194677709332,23.77263391138324,23.884092523905025,112126400
2016-04-26,23.736242294311523,23.952337542660594,23.636157736392338,23.636157736392338,224064800
2016-04-27,22.250877380371094,22.453323376583054,21.76409692482325,21.836886476995645,458408400
2016-04-28,21.570751190185547,22.264526273140973,21.438819576287425,22.203110789672497,328970800
2016-04-29,21.32280921936035,21.54572819834941,21.043025084128573,21.379676111042887,274126000
2016-05-02,21.300065994262695,21.400152293928198,21.018006655270906,21.37513071901182,192640400
2016-05-03,21.650367736816406,21.777749046297394,21.309166313186463,21.427448709784496,227325200
2016-05-04,21.425172805786133,21.814142175495554,21.34100917293065,21.65491382161545,164102000
2016-05-05,21.338214874267578,21.528162941865748,21.210057983361192,21.51214333050245,143562000
2016-05-06,21.219205856323242,21.386267217550113,21.020103536087632,21.367960342981608,174799600
2016-05-09,21.2352237701416,21.459498243282514,21.18945222235344,21.283282585814653,131745600
2016-05-10,21.379398345947266,21.413726567282332,21.07960215469981,21.358802460749747,134747200
2016-05-11,21.1711483001709,21.413731426239366,21.159704975127333,21.393135536368465,114876400
2016-05-12,20.674531936645508,21.232932539316202,20.475431399074704,21.21920194941638,305258800
2016-05-13,20.715728759765625,20.978909499567926,20.596726220953915,20.596726220953915,177571200
2016-05-16,21.484670639038086,21.60138589513827,20.974330575826222,21.14368092565382,245039200
2016-05-17,21.395421981811523,21.6723333263558,21.285573748045067,21.638006844557655,187667600
2016-05-18,21.640289306640625,21.789043763418835,21.48695856864106,21.548749714167087,168249600
2016-05-19,21.557899475097656,21.658595108939824,21.413723064282756,21.658595108939824,121768400
2016-05-20,21.791336059570312,21.839394876660002,21.63113825659861,21.658601186081036,128104000
2016-05-23,22.068246841430664,22.24217523186175,21.894318450999574,21.94008999901093,152074400
2016-05-24,22.4046573638916,22.44813814629909,22.16207255622388,22.249037613050458,140560800
2016-05-25,22.798282623291016,22.825743800962478,22.45271492087759,22.580871739359623,152675200
2016-05-26,22.97907829284668,23.05231101640874,22.574008426576956,22.81201521465512,225324800
2016-05-27,22.965347290039062,22.992810217721374,22.713609897305382,22.75709242963422,145364800
2016-05-31,22.853208541870117,22.976789089235623,22.61520175575942,22.793706408840983,169228800
2016-06-01,22.532814025878906,22.77997511295027,22.503063833289232,22.660970850580007,116693200
2016-06-02,22.363468170166016,22.390929354675592,22.114018019498477,22.336005239650298,160766400
2016-06-03,22.409231185913086,22.48932919314307,22.301670256487558,22.37948099637212,114019600
2016-06-06,22.57172393798828,23.317783659222798,22.32456453767048,22.42525846150136,93170000
2016-06-07,22.66326332092285,22.855500333301602,22.64724371539179,22.713611151450763,89638000
2016-06-08,22.64266586303711,22.78455328904061,22.583163726903358,22.66097273522709,83392400
2016-06-09,22.805150985717773,22.882959994262276,22.53281596380014,22.541970272924072,106405600
2016-06-10,22.617494583129883,22.736497123248267,22.537396551703456,22.548838129903725,126851600
2016-06-13,22.276504516601562,22.68386348819173,22.22158039807501,22.585456830078268,152082000
2016-06-14,22.30396270751953,22.537393217145958,22.141477654664918,22.271923499689375,127727600
2016-06-15,22.230731964111328,22.521375620192757,22.205558049143455,22.386351735728162,117780800
2016-06-16,22.32455825805664,22.370328051832015,21.985855847699433,22.07281915427493,125307200
2016-06-17,21.816505432128906,22.118590609506505,21.809640137689414,22.111725315067012,244032800
2016-06-20,21.763874053955078,22.100287533869583,21.74785444757849,21.96984166880132,137647600
2016-06-21,21.949243545532227,22.049937455644454,21.667754209568166,21.72725634691128,142185600
2016-06-22,21.866851806640625,22.1735132446965,21.821080270061366,22.027047819654054,116876400
2016-06-23,21.992721557617188,22.0362040847292,21.798197311388623,21.956106071106348,128960800
2016-06-24,21.374828338623047,21.663183038068766,21.203188927573088,21.26269107895219,301245600
2016-06-27,21.063589096069336,21.294730662476272,20.94000850846582,21.283287336473457,181958400
2016-06-28,21.41830062866211,21.43432197682962,21.086465264164715,21.26039362049717,161779600
2016-06-29,21.603679656982422,21.638007886439688,21.427462227238063,21.505272997074947,146124000
2016-06-30,21.878299713134766,21.91720422098239,21.580792496292432,21.612831708167665,143345600
2016-07-01,21.944664001464844,22.077398857901848,21.816507172356477,21.853122660956362,104106000
2016-07-05,21.73869514465332,21.832525493313497,21.61740361765806,21.83023647978366,110820800
2016-07-06,21.86227798461914,21.892029925619067,21.596810005425958,21.649445100108103,123796400
2016-07-07,21.956111907958984,22.084268763824998,21.882879169463234,21.901186044582513,100558400
2016-07-08,22.12545394897461,22.173512751810357,21.981277540467364,22.081971426692267,115648400
2016-07-11,22.19411849975586,22.347449271476528,22.13690536887446,22.141481651102247,95179600
2016-07-12,22.294809341430664,22.35888775980049,22.226154641465545,22.237596218456755,96670000
2016-07-13,22.168941497802734,22.35202244354481,22.16207445640728,22.29252205283176,103568800
2016-07-14,22.608335494995117,22.65410529013563,22.27192208809449,22.287941690994245,155676000
2016-07-15,22.606048583984375,22.7250528560273,22.541970166425536,22.638087792763795,120548000
2016-07-18,22.846343994140625,22.91499869202972,22.564854669378224,22.587739568674593,145975600
2016-07-19,22.855497360229492,22.885247553486927,22.73420408155112,22.78455190552972,95119600
2016-07-20,22.876096725463867,22.99052298064086,22.825748893825015,22.885251035398756,105104000
2016-07-21,22.754802703857422,23.114101036264064,22.686146259802793,22.846344047261628,130808000
2016-07-22,22.578584671020508,22.725050106579054,22.498484912757103,22.71589579860593,113254800
2016-07-25,22.276504516601562,22.61978331290346,22.18038687267853,22.48476115777438,161531600
2016-07-26,22.123167037963867,22.42067593636726,22.065953922579038,22.157495256395908,224959200
2016-07-27,23.560365676879883,23.880759546483198,23.514595872367746,23.862450926275894,369379200
2016-07-28,23.878477096557617,23.903651019761345,23.530621947025423,23.532910961682106,159479200
2016-07-29,23.84871482849121,23.926525573406067,23.727423303129484,23.84413854749891,110934800
2016-08-01,24.26980972290039,24.29269462501883,23.894491740938477,23.894491740938477,152671600
2016-08-02,23.91050910949707,24.274383733345633,23.800659145199685,24.269807451752634,135266400
2016-08-03,24.210302352905273,24.221743928490877,23.976871862085513,23.986026170157437,120810400
2016-08-04,24.35986328125,24.389774637045274,24.224107962409928,24.293136328662747,109634800
2016-08-05,24.730318069458008,24.76943333423225,24.43119741485149,24.451904876626777,162213600
2016-08-08,24.935096740722656,24.935096740722656,24.656685340308965,24.739516931880807,112148800
2016-08-09,25.03633689880371,25.066250014488052,24.85226415400834,24.90288472935304,105260800
2016-08-10,24.849964141845703,25.05704752745401,24.794742490838367,25.013329436196525,96034000
2016-08-11,24.833852767944336,25.063944982321487,24.815444969482737,24.969606331804002,109938000
2016-08-12,24.89137840270996,24.95120287618166,24.79934115632222,24.79934115632222,74641600
2016-08-15,25.19049644470215,25.20430141583938,24.868366992940523,24.882171964077756,103472800
2016-08-16,25.167484283447266,25.363064058435743,25.12836903063524,25.225007333628778,135177600
2016-08-17,25.130674362182617,25.16518854876531,24.928192070478527,25.10306266182357,101424000
2016-08-18,25.09846305847168,25.218110256101408,25.084656329751844,25.132977247074436,87938800
2016-08-19,25.162883758544922,25.23881460774565,24.932791552819722,25.027128444325662,101472400
2016-08-22,24.967309951782227,25.103063533466226,24.81544822773113,25.047841886295153,103280800
2016-08-23,25.0455379486084,25.153681573542038,24.971908507978057,24.98571347951364,85030800
2016-08-24,24.85686492919922,25.022531626358397,24.776332994598093,24.9811149520686,94700400
2016-08-25,24.75102424621582,24.822352284802687,24.54624227601223,24.70960756935079,100344800
2016-08-26,24.606067657470703,24.838459583798695,24.46110840539368,24.7142113041108,111065200
2016-08-29,24.578447341918945,24.721105129807423,24.456498763699088,24.532429606710572,99881200
2016-08-30,24.3897705078125,24.5048165951135,24.274724420511497,24.34375277507769,99455600
2016-08-31,24.41279411315918,24.520937781387012,24.306951859596737,24.31155468892752,118649600
2016-09-01,24.55774688720703,24.57385327466704,24.3023443464379,24.42199154536017,106806000
2016-09-02,24.78783416748047,24.84995829080322,24.578449417036985,24.780929926698633,107210000
2016-09-06,24.780929565429688,24.9189862916262,24.737213240567375,24.82694905931659,107521600
2016-09-07,24.932798385620117,25.024835644225732,24.635979148235986,24.810849764040178,169457200
2016-09-08,24.279338836669922,24.68200036354521,24.214913273244267,24.677399289928353,212008000
2016-09-09,23.729413986206055,24.325353848539258,23.729413986206055,24.076853788057505,186228000
2016-09-12,24.260927200317383,24.32535274890815,23.591357915753633,23.618969617491622,181171200
2016-09-13,24.838451385498047,25.031729739318116,24.675086140088382,24.737212014891448,248704800
2016-09-14,25.717411041259766,26.00732777941433,24.988019000825588,25.017932118022294,443554800
2016-09-15,26.591766357421875,26.628581967098953,26.11317396440924,26.198308745188807,359934400
2016-09-16,26.442197799682617,26.72060917837081,26.239717275763297,26.48821729748088,319547600
2016-09-19,26.133872985839844,26.732112365930078,26.05794213710904,26.504321575201885,188092000
2016-09-20,26.13157081604004,26.258122226929075,25.887673648287517,26.011923645670166,138057200
2016-09-21,26.126970291137695,26.22820966650297,25.871567805973687,26.195996898596174,144012800
2016-09-22,26.3731689453125,26.446798380069247,26.23051114745572,26.31104306742963,124296000
2016-09-23,25.93369483947754,26.412287095624208,25.66678876750707,26.327152339191148,209924800
2016-09-26,25.972814559936523,26.09016210805656,25.666793177884582,25.687500639365638,119477600
2016-09-27,26.021127700805664,26.041836912956565,25.848558539893368,26.000420244119045,98429600
2016-09-28,26.219011306762695,26.377775521746763,26.099364108612885,26.159188585420072,118564400
2016-09-29,25.81174659729004,26.184496644249702,25.72431218129603,26.03723775654168,143548000
2016-09-30,26.01192855834961,26.085558005282486,25.72431325697672,25.876173223260075,145516400
2016-10-03,25.889970779418945,26.011921106856775,25.834749148904447,25.933688854452583,86807200
2016-10-04,26.000423431396484,26.301843707657838,25.915288669609648,26.01422840421319,118947200
2016-10-05,26.01192855834961,26.152284965856737,25.92909521111706,26.09246049164112,85812400
2016-10-06,26.205204010009766,26.308744811623292,26.030333423174266,26.16148592443479,115117200
2016-10-07,26.24431800842285,26.35936411823423,26.11776834090893,26.301841063328542,97433600
2016-10-10,26.70220375061035,26.863267607958395,26.396180666184684,26.465207281277678,144944000
2016-10-11,26.759723663330078,27.309643882971493,26.736713038871766,27.081851340176293,256164000
2016-10-12,26.999021530151367,27.146282172948993,26.86326795654847,27.001322943990314,150347200
2016-10-13,26.916183471679688,27.022025661790522,26.626266838919758,26.87246539657113,140769600
2016-10-14,27.065750122070312,27.190000144909853,26.950703999677906,27.123273183266516,142608800
2016-10-17,27.04733657836914,27.11406176604989,26.870164615941686,26.99671601767558,94499600
2016-10-18,27.0289363861084,27.199204156414318,27.024333558133783,27.192301669916915,98214000
2016-10-19,26.94840431213379,27.09566320820027,26.184498130489725,26.978315671956366,80138400
2016-10-20,26.93459701538086,27.008226461860396,26.76663066347339,26.888579269630327,96503200
2016-10-21,26.82874870300293,26.900078474821157,26.755119273244556,26.877067851707103,92770800
2016-10-24,27.070354461669922,27.09106192223392,26.92079414311525,26.943803017785672,94154800
2016-10-25,27.208406448364258,27.233716734334774,26.99211918842146,27.139378076542048,192516000
2016-10-26,26.596364974975586,26.621675265425186,26.071754873774285,26.301847146614488,264536800
2016-10-27,26.340957641601562,26.658484267491616,26.253521476085766,26.55034064517321,138248000
2016-10-28,26.166086196899414,26.508923095581153,26.10396031762658,26.20060037922163,151446800
2016-10-31,26.124671936035156,26.283436136065532,26.046439665199756,26.149982221705635,105677600
2016-11-01,25.652984619140625,26.177594671500927,25.432096268434425,26.106266635309794,175303200
2016-11-02,25.675987243652344,25.850857803697124,25.593155668330223,25.63227092023925,113326800
2016-11-03,25.400775909423828,25.777751182817106,25.336019593942996,25.666740860414897,107730400
2016-11-04,25.171812057495117,25.497908606348464,25.002983355963906,25.10011782241834,123348000
2016-11-07,25.534915924072266,25.5580429283701,25.315204972049514,25.458595221859813,130240000
2016-11-08,25.685243606567383,25.837885018553386,25.370711391999933,25.51178841902551,97016800
2016-11-09,25.64360809326172,25.74536900999147,24.98910535145777,25.41233456576827,236705600
2016-11-10,24.928979873657227,25.69218164347375,24.475683859980627,25.69218164347375,228538000
2016-11-11,25.076997756958008,25.178758710616087,24.642204002698477,24.77402989062934,136575600
2016-11-14,24.44792938232422,24.933603536547555,24.07095409058194,24.910476531961177,204702000
2016-11-15,24.771709442138672,24.9035352916563,24.552000281101662,24.646821516625586,129058000
2016-11-16,25.437780380249023,25.493287309458374,24.653763091060036,24.67689009599191,235362000
2016-11-17,25.428529739379883,25.521039525454704,25.169504455743276,25.396151578925306,110528000
2016-11-18,25.45396614074707,25.56497822021153,25.361458133083357,25.375333981337484,113715600
2016-11-21,25.840198516845703,25.900328378727725,25.44240766696807,25.46784790256332,117058400
2016-11-22,25.85638999938965,25.999778506635895,25.76388020358322,25.891079628899163,103862000
2016-11-23,25.724557876586914,25.789314188607175,25.516411327609532,25.754622803031417,109705600
2016-11-25,25.85407257080078,25.87257487985298,25.659801854707293,25.70143116783609,45903600
2016-11-28,25.803190231323242,26.011336781867797,25.761560921214333,25.770812075069333,108776000
2016-11-29,25.777753829956055,25.909579704144274,25.456283684751845,25.62048772000542,114115200
2016-11-30,25.560352325439453,25.94889196542715,25.5025339371346,25.81012818639094,144649200
2016-12-01,25.322145462036133,25.65749323399627,25.215759819907316,25.525667355219525,148347600
2016-12-02,25.416963577270508,25.460904352063263,25.17412564322128,25.248133108873315,106112000
2016-12-05,25.234262466430664,25.447033753516507,25.03536703061813,25.440095827879855,137298000
2016-12-06,25.428529739379883,25.52335275533786,25.252763086762872,25.32445733284409,104782000
2016-12-07,25.678302764892578,25.715307380981095,25.24582234234064,25.268949345157356,119994800
2016-12-08,25.93039321899414,26.002087460827447,25.578856405634006,25.638988027691425,108273200
2016-12-09,26.35363006591797,26.527085292585646,25.974341444762874,25.974341444762874,137610400
2016-12-12,26.20330238342285,26.59646683960858,26.015969547577274,26.200989153122165,105497600
2016-12-13,26.640403747558594,26.80923246969987,26.307369233942307,26.328183008804647,174935200
2016-12-14,26.640403747558594,26.87398878857474,26.591836508402444,26.605712358310672,136127200
2016-12-15,26.78610610961914,26.9965659155044,26.64965554363169,26.684345169237044,186098000
2016-12-16,26.820798873901367,26.943373595926957,26.74679139468908,26.93643567045041,177404400
2016-12-19,26.97574806213379,27.146890003526284,26.76991473363379,26.781479117495373,111117600
2016-12-20,27.047441482543945,27.17464264326072,26.984998399223013,26.998874247854953,85700000
2016-12-21,27.07288932800293,27.151523276143802,27.008132996873794,27.012759457370265,95132800
2016-12-22,26.89480972290039,26.94569020207344,26.744481515655757,26.908685575592056,104343600
2016-12-23,26.94799041748047,26.94799041748047,26.732905968165714,26.732905968165714,56998000
2016-12-27,27.119140625,27.244028570582685,26.941058979372375,26.947996904491845,73187600
2016-12-28,27.00350570678711,27.294909168874806,26.873991292492835,27.179272370259127,83623600
2016-12-29,26.996566772460938,27.08445010091319,26.920246064751705,26.931808685494726,60158000
2016-12-30,26.78610610961914,27.10526301653017,26.695909554090427,26.978063605529947,122345200
2017-01-03,26.862422943115234,26.904052252318852,26.54095285267284,26.781477554240738,115127600
2017-01-04,26.832361221313477,26.945686551199977,26.769918128183697,26.793045134362227,84472400
2017-01-05,26.968809127807617,27.02662751599613,26.783789579813508,26.809229811774625,88774400
2017-01-06,27.26946258544922,27.327280967559517,26.936428139861274,27.008122369045402,127007600
2017-01-09,27.519241333007812,27.621002267452354,27.276405145552374,27.278716610806264,134247600
2017-01-10,27.546995162963867,27.609438250718505,27.359664135222648,27.468361231352766,97848400
2017-01-11,27.69500732421875,27.736636633364512,27.429042391591786,27.461420547096587,110354400
2017-01-12,27.579378128051758,27.590942514399643,27.338853360732273,27.498432717049436,108344800
2017-01-13,27.530803680419922,27.664942763268062,27.47760998740181,27.54699275838593,104447600
2017-01-17,27.752826690673828,27.808331850001558,27.341160043745184,27.36891174117045,137759200
2017-01-18,27.750516891479492,27.86846691354902,27.685760570179337,27.75283012137662,94852000
2017-01-19,27.701953887939453,27.773648145420296,27.607132621381986,27.614070547657203,102389200
2017-01-20,27.752826690673828,27.856899084972973,27.69038360698978,27.856899084972973,130391600
2017-01-23,27.771331787109375,27.94016051165572,27.69963577778169,27.752829477316595,88200800
2017-01-24,27.745895385742188,27.77596031995131,27.637196506288063,27.648760892625678,92844000
2017-01-25,28.187618255615234,28.238498716434865,27.817580946668485,27.84995910092151,129510400
2017-01-26,28.20149803161621,28.317134809814437,28.12286410491327,28.139053183281934,105350400
2017-01-27,28.203807830810547,28.29631760080019,28.12286244374852,28.247750368562976,82251600
2017-01-30,28.129804611206055,28.129804611206055,27.905470723071677,27.96791381266014,121510000
2017-01-31,28.065048217773438,28.074299372591287,27.89621949466042,28.01879420816155,196804000
2017-02-01,29.776470184326172,30.17888744015346,29.374054692976078,29.378679387702707,447940000
2017-02-02,29.72559356689453,29.92448899094638,29.552138378324482,29.59839415396295,134841600
2017-02-03,29.85279655456543,29.878236791589917,29.640025267158386,29.674714895394022,98029200
2017-02-06,30.132631301879883,30.181200303383953,29.811161186933056,29.864356647855264,107383600
2017-02-07,30.419410705566406,30.54892333300558,30.169634840238963,30.19044861344431,152735200
2017-02-08,30.537355422973633,30.5789864935313,30.347712962966977,30.377779651205625,92016400
2017-02-09,30.758026123046875,30.764994128257804,30.456066234971715,30.579172386038096,113399600
2017-02-10,30.688350677490234,30.878818988523815,30.67209317576506,30.767327331281848,80262000
2017-02-13,30.960111618041992,31.083221338237145,30.834683954648114,30.91133557171046,92141600
2017-02-14,31.36194610595703,31.378203603471405,30.950816074526898,31.001917142580584,132904800
2017-02-15,31.475759506225586,31.652291759010737,31.269033745139023,31.47808453750223,142492400
2017-02-16,31.43860626220703,31.566355422845714,31.320143052097514,31.512932853255577,90338400
2017-02-17,31.5245361328125,31.55008666467567,31.380525977358985,31.380525977358985,88792800
2017-02-21,31.752168655395508,31.763783178937153,31.5849294403097,31.64299851376297,98028800
2017-02-22,31.8474063873291,31.849727874597924,31.61513006725355,31.689456646664933,83347600
2017-02-23,31.712688446044922,31.933350260398253,31.659265880187007,31.910124752930138,83152800
2017-02-24,31.742887496948242,31.742887496948242,31.422344993168828,31.56868023085176,87106400
2017-02-27,31.805587768554688,31.924050933902357,31.65460961161716,31.854367344448654,81029600
2017-02-28,31.819541931152344,31.92406559119554,31.75217979752578,31.84044595430974,93931600
2017-03-01,32.46990203857422,32.553521647368505,31.96121992468526,32.0285784914269,145658400
2017-03-02,32.27712631225586,32.58372928122936,32.23066820230748,32.51869218040904,104844000
2017-03-03,32.46757888793945,32.4791934110598,32.191169541247426,32.23530260255185,84432400
2017-03-06,32.365360260009766,32.46524085483397,32.19347816474719,32.37232826147971,87000000
2017-03-07,32.40718460083008,32.51402969503184,32.23762038014406,32.30033596237388,69785200
2017-03-08,32.286407470703125,32.472229229745274,32.24459943565265,32.27479294621513,74828800
2017-03-09,32.21206283569336,32.237613360352626,31.83345502661074,32.22600238535141,88623600
2017-03-10,32.31891632080078,32.37001737781938,32.20277819925927,32.34446684931008,78451200
2017-03-13,32.33285903930664,32.38628159391293,32.24459645870819,32.25156446390662,69686800
2017-03-14,32.28408432006836,32.437383984943246,32.24924074839969,32.3560894062265,61236400
2017-03-15,32.62553024291992,32.69288880959181,32.2933732951278,32.38163942216788,102767200
2017-03-16,32.67894744873047,32.7555990395179,32.57906681433918,32.68591545296074,76928000
2017-03-17,32.51634979248047,32.75094750220315,32.49312075243692,32.75094750220315,175540000
2017-03-20,32.85780334472656,32.86709283623294,32.57210097527615,32.61158751662396,86168000
2017-03-21,32.48151779174805,33.16905721722012,32.45596725630893,33.008785998943395,158119600
2017-03-22,32.848506927490234,32.890318495601505,32.46292750095597,32.483835057138755,103440800
2017-03-23,32.73237991333008,32.885683141353496,32.66037481829785,32.81135301470377,81385200
2017-03-24,32.66733169555664,32.92283698855031,32.59997314245157,32.86708941255506,89582400
2017-03-27,32.723079681396484,32.8020527568548,32.19813308089915,32.376986788234795,94300400
2017-03-28,33.40132141113281,33.457065436054755,32.66268118263223,32.730043271751406,133499200
2017-03-29,33.475650787353516,33.561595406792456,33.25963558402288,33.37344867402343,116760000
2017-03-30,33.4315185546875,33.563917716819425,33.331641469644204,33.49191264727578,84829200
2017-03-31,33.36881637573242,33.5105050701291,33.21783464392153,33.38275238759844,78646800
2017-04-03,33.37809371948242,33.47564931129024,33.227115586881894,33.38041875011733,79942800
2017-04-04,33.62663269042969,33.654504705427456,33.25498928393985,33.27357180868976,79565600
2017-04-05,33.452430725097656,33.78690913424964,33.40365114699018,33.498885272089936,110871600
2017-04-06,33.36881637573242,33.56857414907437,33.32003678994606,33.5151480445809,84596000
2017-04-07,33.29447937011719,33.48959058441461,33.27822187438636,33.38506697277346,66688800
2017-04-10,33.2549934387207,33.41991115132163,33.19227785288602,33.354874078698494,75733600
2017-04-11,32.89729309082031,33.296808605353114,32.5326176031488,33.20157447292558,121517600
2017-04-12,32.936771392822266,33.01806594990441,32.75327117926465,32.89031685388188,81400000
2017-04-13,32.762569427490234,33.071497299775565,32.762569427490234,32.96232716655238,71291600
2017-04-17,32.94374465942383,32.95535918207795,32.72075787493061,32.86244654509966,66328400
2017-04-18,32.79741287231445,32.99252411381915,32.77650885592218,32.846192454818166,58790000
2017-04-19,32.67662048339844,32.983226828397406,32.623197939377434,32.955354813126306,69313600
2017-04-20,33.085426330566406,33.19691792710027,32.78811304364013,32.80204905017512,93278400
2017-04-21,33.04595184326172,33.141182437382405,32.94839621770171,33.08543839092253,69283600
2017-04-24,33.364158630371094,33.43616369695351,33.257310001592785,33.33164009887406,68537200
2017-04-25,33.57089614868164,33.656837252670634,33.41759292730504,33.426885964861086,75486000
2017-04-26,33.37346267700195,33.587160027767546,33.30378261072585,33.556962969544124,80164800
2017-04-27,33.39899826049805,33.48494287751333,33.28750666012484,33.42919530519969,56985200
2017-04-28,33.366493225097656,33.51747496541928,33.27823063021915,33.46869537688325,83441600
2017-05-01,34.04705810546875,34.191068267266395,33.670771659865956,33.70329019782849,134411600
2017-05-02,34.26306915283203,34.397789806253755,34.10744448704859,34.270037156952604,181408800
2017-05-03,34.15855026245117,34.25843090905882,33.51050097999217,33.81710383638792,182788000
2017-05-04,34.035430908203125,34.177119530331986,33.86819176260009,34.03310942216129,93487600
2017-05-05,34.599884033203125,34.604527007987045,34.088873266527145,34.088873266527145,109310800
2017-05-08,35.54059600830078,35.70086722518305,34.616137310533105,34.616137310533105,195009600
2017-05-09,35.768226623535156,35.97495237668909,35.64279544407937,35.74035105907006,156521600
2017-05-10,35.598670959472656,35.75662071531399,35.33155458342109,35.684615616252565,103222800
2017-05-11,35.90653610229492,35.934526729011864,35.52403075341888,35.55668351885154,109020400
2017-05-12,36.40799331665039,36.482626683236035,36.074465339143025,36.08146210604529,130108000
2017-05-15,36.31468963623047,36.53626217962782,36.1630883062438,36.38699191849746,104038800
2017-05-16,36.261051177978516,36.39865899450321,36.08612490171975,36.37067192914475,80194000
2017-05-17,35.0435676574707,36.05114482184361,34.91762229136638,35.82490652962704,203070800
2017-05-18,35.57766342163086,35.7642521233776,35.248804794060085,35.2814575499495,134272800
2017-05-19,35.69894027709961,35.91351600042436,35.59865095855033,35.77357716810796,107843200
2017-05-22,35.915870666503906,36.053478507334404,35.66397635713284,35.91820173606745,91865600
2017-05-23,35.87154769897461,36.128104092161195,35.75726125507331,36.128104092161195,79675600
2017-05-24,35.76426315307617,35.957848679437895,35.60799609034951,35.8808806827723,76712000
2017-05-25,35.88786697387695,35.99982233210143,35.69195043530942,35.85521421744903,76942400
2017-05-26,35.82723617553711,35.97417539589112,35.75726494875499,35.918197702688545,87710400
2017-05-30,35.84122848510742,36.0184858358688,35.76192942494188,35.78291972459435,80507600
2017-05-31,35.62898635864258,35.9578486462141,35.54035945619692,35.91120234615566,97804800
2017-06-01,35.7269401550293,35.76192754482833,35.50303651940562,35.72460908592968,65616400
2017-06-02,36.256385803222656,36.256385803222656,35.65930467770429,35.820237422715024,111082800
2017-06-05,35.90187072753906,36.02315395404439,35.792253524581504,35.99749795533912,101326800
2017-06-06,36.02315902709961,36.340358892633205,35.866891943482436,35.89487901550789,106499600
2017-06-07,36.237728118896484,36.38000163994286,36.030149069391214,36.156097987765065,84278400
2017-06-08,36.14909744262695,36.27737385798046,36.011486074508156,36.20973726731923,85003200
2017-06-09,34.74735641479492,36.19574762712683,34.0569826664801,36.19574762712683,259530800
2017-06-12,33.917030334472656,34.07329734386815,33.238315689142205,33.991667236270516,289229200
2017-06-13,34.189918518066406,34.390500764658675,33.85405954155062,34.3228641791388,136661600
2017-06-14,33.85640335083008,34.402172556233936,33.54853135257065,34.402172556233936,126124800
2017-06-15,33.653480529785156,33.69779575440227,33.16835480472434,33.427245827433296,128661600
2017-06-16,33.182334899902344,33.70244780377801,33.16600674633581,33.53451836738075,201444400
2017-06-19,34.1316032409668,34.224899360429745,33.50653525553882,33.50653525553882,130165600
2017-06-20,33.8214111328125,34.25522844012242,33.80508653098776,34.25522844012242,99600400
2017-06-21,34.0219841003418,34.068633941674996,33.72810931791206,33.94035399577515,85063200
2017-06-22,33.96600341796875,34.21556293821205,33.8470513280038,33.99865616525897,76425200
2017-06-23,34.11762619018555,34.32287419324736,33.84474158187007,33.84940727981732,141757600
2017-06-26,34.01033401489258,34.584090199631795,33.907710031570986,34.325199172210205,102769600
2017-06-27,33.522865295410156,34.08962819166599,33.49720930325234,33.82140580840091,99047600
2017-06-28,34.01266098022461,34.077966496479995,33.389923948078334,33.70012692973329,88329600
2017-06-29,33.51121139526367,33.84940507616945,33.18468373790895,33.75144677896303,125997600
2017-06-30,33.590511322021484,33.8097528281601,33.53453363144856,33.690800680553174,92096400
2017-07-03,33.46923065185547,33.889054465885614,33.37593805268634,33.79109616909267,57111200
2017-07-05,33.60684585571289,33.77010971952672,33.28731489661401,33.51355323607222,86278400
2017-07-06,33.28964614868164,33.46923817930237,33.215012764337715,33.35728632334382,96515200
2017-07-07,33.62782287597656,33.76076854327134,33.32928234040826,33.32928234040826,76806800
2017-07-10,33.83307647705078,34.04065553345013,33.438908665050064,33.611503886786124,84362400
2017-07-11,33.94269943237305,34.0173363629937,33.67448052558511,33.756110664706135,79127200
2017-07-12,33.991676330566406,34.09429675966899,33.77710051881395,34.02199446601031,99538000
2017-07-13,34.465145111083984,34.63307463557622,33.92170700528055,33.93570053917416,100797600
2017-07-14,34.76134490966797,34.828985056681574,34.36251502882896,34.51178529538644,80528400
2017-07-17,34.882625579833984,35.195159621663414,34.651725210503166,34.710033959749715,95174000
2017-07-18,35.00391387939453,35.01557634272131,34.675051631553764,34.798665913272494,71475200
2017-07-19,35.22315216064453,35.316444740969054,34.97358899200652,35.09720326243423,83692000
2017-07-20,35.06454849243164,35.39107962260808,35.02956466653727,35.33510194229348,68974800
2017-07-21,35.048221588134766,35.08787110783511,34.72402510692991,34.98291607817144,105010400
2017-07-24,35.472713470458984,35.55434715131817,34.96192820532544,35.120529870138824,85972800
2017-07-25,35.624332427978516,35.88088891685481,35.405090852415874,35.405090852415874,75415600
2017-07-26,35.792259216308594,35.90187643669761,35.69896304305129,35.766603213523474,63124000
2017-07-27,35.115867614746094,35.91586566536392,34.35552265338078,35.85988797367008,129905200
2017-07-28,34.86863327026367,35.03889382753738,34.79633098808787,34.95959477991771,68854800
2017-07-31,34.68904495239258,35.062222423268274,34.54910606997728,34.96192950993073,79383600
2017-08-01,34.99692916870117,35.036578710563134,34.61442372845509,34.775356524702985,141474400
2017-08-02,36.65055465698242,37.25929826393161,36.42198531044248,37.14967750858519,279747200
2017-08-03,36.28437423706055,36.66687953243242,36.15609426263131,36.62956107461955,108389200
2017-08-04,36.47563171386719,36.71119784858267,36.31236787996117,36.400998343603575,82239600
2017-08-07,37.040061950683594,37.06571795146863,36.54093902904412,36.63190056657564,87481200
2017-08-08,37.33626174926758,37.74442302684037,36.91410694017085,36.99107492243637,144823600
2017-08-09,37.5648307800293,37.61381169887118,37.11002321457132,37.145007043112756,104526000
2017-08-10,36.36833190917969,37.46415678002234,36.20676716140817,37.44074025289066,163217200
2017-08-11,36.87409210205078,37.129319363282164,36.54394196452595,36.66804168723346,105028400
2017-08-14,37.42902374267578,37.51331821172636,37.17145631700479,37.30492404835957,88490800
2017-08-15,37.83879089355469,37.979279304781066,37.496928971137315,37.61868845248784,117862000
2017-08-16,37.68659591674805,38.05187083900071,37.4992744360682,37.918406651036115,110686400
2017-08-17,36.963069915771484,37.630401566964416,36.958385896268574,37.585912313836886,111762400
2017-08-18,36.8787727355957,37.34707461160327,36.69613528978154,36.963067216191455,109712400
2017-08-21,36.810874938964844,36.9700958808808,36.31915648119343,36.87877714705013,105474000
2017-08-22,37.41263961791992,37.46415311428086,37.000535219892456,37.049704920053316,86418400
2017-08-23,37.459468841552734,37.57420409591935,37.20190493434896,37.24639418752908,77596400
2017-08-24,37.293216705322266,37.63741883133582,37.12462776307646,37.564829047509946,79275600
2017-08-25,37.43136215209961,37.59526706374091,37.29321398177759,37.382188892177666,101920400
2017-08-28,37.8083610534668,37.932460793691384,37.447766524132234,37.49693980462717,103864000
2017-08-29,38.14554214477539,38.19471185639322,37.46416184375547,37.48757837405218,118067600
2017-08-30,38.248538970947266,38.374978845308895,38.07526607295873,38.353906128391635,109078400
2017-08-31,38.400760650634766,38.522520160415745,38.279001140853794,38.31646615507262,107140400
2017-09-01,38.4124641418457,38.62085834486409,38.31412117138466,38.588077354710414,66364400
2017-09-05,37.95117950439453,38.45928654476644,37.59526912470598,38.3422110910533,117874000
2017-09-06,37.911380767822266,38.16426421986953,37.585911093706414,38.098702240397266,86606800
2017-09-07,37.75918197631836,37.98865248625309,37.548447544515504,37.95352769904591,87714000
2017-09-08,37.143375396728516,37.733433362115285,37.11995886687599,37.66553114212028,114446000
2017-09-11,37.815372467041016,37.944156183822635,37.43838935402177,37.5812215539324,126323200
2017-09-12,37.66552734375,38.39139682164832,37.17615264578614,38.07529156482088,286856000
2017-09-13,37.3822021484375,37.45479195270348,36.974781734003365,37.43371564934349,179629600
2017-09-14,37.06141662597656,37.32366457882766,37.0169273683621,37.227665392926355,95042800
2017-09-15,37.436038970947266,37.69126253948151,36.99583423046001,37.105885415581824,196458400
2017-09-18,37.15272903442383,37.58122568121449,36.99584833415508,37.489906957987614,113077600
2017-09-19,37.16677474975586,37.410293708789176,37.09887255461474,37.349412182601085,83242400
2017-09-20,36.54393768310547,37.05672522313618,36.01943830903964,36.97243074467667,211805600
2017-09-21,35.91641616821289,36.480720848046396,35.76655969440442,36.480720848046396,150046800
2017-09-22,35.565185546875,35.65416404592203,35.25376437307014,35.48323129008329,186581600
2017-09-25,35.251426696777344,35.55113963085703,34.92595701494737,35.12030273472498,177549200
2017-09-26,35.857879638671875,36.040517110644004,35.5183614445114,35.5394341744635,146640000
2017-09-27,36.11309814453125,36.227833390308305,35.95153342575573,36.01241495622753,102016800
2017-09-28,35.89065933227539,36.124810295337134,35.754851344956364,36.03349156265746,88022000
2017-09-29,36.087337493896484,36.089681289651665,35.59093870267419,35.8742628788786,105199200
2017-10-02,36.01475524902344,36.1646117066242,35.759531583757415,36.1201224566887,74795200
2017-10-03,36.171634674072266,36.31446688431853,36.0381705018295,36.061583451118935,64921200
2017-10-04,35.937477111816406,36.02645559213052,35.69864577969799,35.97260188855781,80655200
2017-10-05,36.384708404541016,36.39641666417607,36.070947054333104,36.10138424195319,85135200
2017-10-06,36.36363983154297,36.40812907951876,36.19036685860031,36.28636959656285,69630400
2017-10-09,36.49007797241211,36.69847214519723,36.40812729534708,36.483053730745375,65051600
2017-10-10,36.50413513183594,36.995853602532705,36.31681721238983,36.54160014486928,62468000
2017-10-11,36.65632247924805,36.75700564679766,36.4690010530075,36.52051453454513,67622400
2017-10-12,36.52754592895508,36.84833156719553,36.464324175985006,36.60950018550368,64500400
2017-10-13,36.75934982299805,36.82725200962317,36.623541876888716,36.69846830444545,65576800
2017-10-16,37.436038970947266,37.464135929579754,36.91388000397068,36.97241771636065,96486000
2017-10-17,37.57419967651367,37.66785861850632,37.28385123976106,37.41263496464567,75989200
2017-10-18,37.40794372558594,37.6303899223885,37.37048229973507,37.56248416561964,65496800
2017-10-19,36.522850036621094,36.780417411018554,36.29806721247292,36.70314719869931,170336800
2017-10-20,36.586090087890625,36.93731655273437,36.51818787674606,36.67038458236754,95896400
2017-10-23,36.567344665527344,36.92325502459659,36.41046399538357,36.735933594935986,87937200
2017-10-24,36.78512191772461,36.860048376554786,36.574383883239825,36.59545661483014,71028800
2017-10-25,36.62355422973633,36.89048619374836,36.3566222657243,36.740629715230384,84828400
2017-10-26,36.857696533203125,36.956039489148395,36.710180312855506,36.81554751044976,68002000
2017-10-27,38.17831802368164,38.307101777321556,37.159759831000976,37.29790805178724,177816800
2017-10-30,39.037635803222656,39.35374092687489,38.33518314875899,38.374988370435524,178803200
2017-10-31,39.58086395263672,39.72369613512789,39.08914923879259,39.31393208716163,144187200
2017-11-01,39.07743453979492,39.791595334552724,38.77772174279138,39.77520306036332,134551200
2017-11-02,39.363121032714844,39.4544397711699,38.70047333659824,39.00955434236021,165573600
2017-11-03,40.39103698730469,40.8031413538152,40.067907548091114,40.74226339588994,237594400
2017-11-06,40.80080032348633,40.97407330119003,40.20839874522087,40.36059542345297,140105200
2017-11-07,40.931922912597656,41.03494989197255,40.64860229217628,40.72118850777416,97446000
2017-11-08,41.26676940917969,41.26676940917969,40.819540186311706,40.896810437346,97638000
2017-11-09,41.18247604370117,41.23398954580295,40.54090106389023,41.00217878634495,117930400
2017-11-10,41.04616165161133,41.2130079941809,40.952166035266984,41.14955898101186,100582000
2017-11-13,40.881683349609375,41.00622920302583,40.747735779498676,40.77123648552998,67928400
2017-11-14,40.26364517211914,40.76652936690712,40.22604548252473,40.66313201337438,99130000
2017-11-15,39.7325553894043,40.02394754936852,39.56806126107895,39.941698692354315,116632400
2017-11-16,40.20724105834961,40.38818280458342,40.01924623425836,40.22603731362601,94550000
2017-11-17,39.984004974365234,40.275397202313684,39.86415999270374,40.19314832611013,87598000
2017-11-20,39.94405746459961,40.080353658572676,39.84536096255787,40.01690462665156,65049600
2017-11-21,40.68663024902344,40.81822556892167,40.132047411092664,40.132047411092664,100525200
2017-11-22,41.114322662353516,41.12372079225346,40.66548576342341,40.73833292368564,102355600
2017-11-24,41.116668701171875,41.2412145322763,41.04146932390689,41.14721889639873,56106800
2017-11-27,40.909873962402344,41.1425180016889,40.73362945601353,41.135468508289634,82867200
2017-11-28,40.67018508911133,41.093169047048306,40.385842366921125,40.9592250832226,105715200
2017-11-29,39.826560974121094,40.63493641923287,39.28137978588309,40.56679011534211,166665600
2017-11-30,40.38350296020508,40.45164927567236,39.58217687296506,40.04981012095141,166108800
2017-12-01,40.195499420166016,40.341193737200754,39.596267357262526,39.93700603281037,159037200
2017-12-04,39.90176010131836,40.564437632885294,39.86181177367992,40.53153879920046,130169600
2017-12-05,39.86415100097656,40.30593830821929,39.572758838754304,39.727854840535656,109400800
2017-12-06,39.71610641479492,39.99574824150857,39.11687802692654,39.36126880478112,114240000
2017-12-07,39.78894805908203,40.052138619066284,39.69260023419407,39.72079819827739,102693200
2017-12-08,39.80070495605469,40.18374413234362,39.671461863957795,40.06389916876704,93420800
2017-12-11,40.5761833190918,40.6278819926097,39.66441062508892,39.7607584789817,141095200
2017-12-12,40.34823989868164,40.510385411386146,40.29184395388251,40.453985880883515,77636800
2017-12-13,40.4821891784668,40.78062729439513,40.41874015213793,40.53623648978949,95273600
2017-12-14,40.47043991088867,40.684284111707655,40.33649236124257,40.5127368724377,81906000
2017-12-15,40.881683349609375,40.92868117596768,40.5268456370442,40.801786686229825,160677200
2017-12-18,41.4573974609375,41.64069141711014,41.09080954859221,41.095510404974355,117684400
2017-12-19,41.015625,41.21537023278659,40.90987900028526,41.130772715873974,109745600
2017-12-20,40.970977783203125,41.22241810213776,40.712484384575035,41.093171402823714,93902400
2017-12-21,41.126068115234375,41.36341301965081,40.91222749907709,40.92867512230283,83799600
2017-12-22,41.126068115234375,41.22241597572612,41.006223137891034,41.048520099646176,65397600
2017-12-26,40.082698822021484,40.29419077691055,39.87355191712221,40.13674612859032,132742000
2017-12-27,40.08976745605469,40.132064432946265,39.88062403700119,39.972271072638,85992800
2017-12-28,40.202545166015625,40.383490520296164,40.06154813411067,40.183745322714735,65920800
2017-12-29,39.7678108215332,40.08740101449584,39.765462185551755,40.070953391218126,103999600
2018-01-02,40.47983169555664,40.48923340934084,39.774853761275736,39.98634929298193,102223600
2018-01-03,40.4727897644043,41.01797452323995,40.40934432017212,40.54328828814392,118071600
2018-01-04,40.66077423095703,40.76417156123102,40.43753195097619,40.54562655211502,89738400
2018-01-05,41.12371063232422,41.210656758807595,40.665475716704634,40.75712269982855,94640000
2018-01-08,40.970977783203125,41.267067287873886,40.872277695942245,40.970977783203125,82271200
2018-01-09,40.96627426147461,41.137817913571006,40.750081426545414,41.01797293783852,86336000
2018-01-10,40.95687484741211,40.959227069190455,40.653735851431975,40.69133554284617,95839600
2018-01-11,41.189517974853516,41.23886801693427,41.00387532945304,41.027372446778855,74670800
2018-01-12,41.61485290527344,41.67830193296904,41.2764628718352,41.401008705572366,101672400
2018-01-16,41.40335464477539,42.15533039069963,41.39160429539936,41.8051900592319,118263600
2018-01-17,42.08719253540039,42.12244000488861,41.14017227430858,41.393961226031564,137547200
2018-01-18,42.12479019165039,42.3221867851627,41.887448855050266,42.150639532127954,124773600
2018-01-19,41.93678283691406,42.199973413182526,41.69003987881104,41.972030294199065,129700400
2018-01-22,41.59370040893555,41.77699439506781,41.49970478014586,41.66419892337951,108434400
2018-01-23,41.60310363769531,42.16708823668298,41.55140854551602,41.664204031032014,130756400
2018-01-24,40.940433502197266,41.66421153725307,40.70073991480174,41.65246118367108,204420400
2018-01-25,40.209598541259766,41.11196959260525,40.07330235344657,41.008572237319115,166116000
2018-01-26,40.303585052490234,40.41873273310624,39.96284645298547,40.41873273310624,156572000
2018-01-29,39.4693717956543,39.98635497038947,39.26022845555082,39.98635497038947,202561600
2018-01-30,39.23672103881836,39.33071665970144,38.703286746764036,38.89833106651435,184192800
2018-01-31,39.34482955932617,39.582174502407675,39.12628804991519,39.213234209267384,129915600
2018-02-01,39.42707061767578,39.624463603571364,39.18737708582906,39.28372494288654,188923200
2018-02-02,37.71632385253906,39.19677840314394,37.62232821802913,39.00878354842047,346375200
2018-02-05,36.774009704589844,38.51060565150299,36.65886198826042,37.38734080820621,290954000
2018-02-06,38.310855865478516,38.47300138641009,36.18887227786028,36.38391663016176,272975200
2018-02-07,37.4907341003418,38.397806073513465,37.38029082924668,38.32495890960423,206434400
2018-02-08,36.45911407470703,37.83382273249862,36.430916099598726,37.666976346465475,217562000
2018-02-09,36.90505599975586,37.25426208584625,35.44924037024393,37.06078435177872,282690400
2018-02-12,38.39155197143555,38.66997215623607,37.1646050679829,37.39819763005348,243278000
2018-02-13,38.776145935058594,38.872886607993586,38.14143783260026,38.21222377865812,130196800
2018-02-14,39.4910774230957,39.53118862012898,38.43166081828254,38.46941020351671,162579600
2018-02-15,40.81712341308594,40.84071632897577,39.875678581235206,40.06207809815335,204588800
2018-02-16,40.68498229980469,41.248907996019206,40.52925755557384,40.66846762101277,160704400
2018-02-20,40.548152923583984,41.116791706541214,40.446692191142645,40.59534237108793,135722000
2018-02-21,40.364097595214844,41.083744521436586,40.3499375255703,40.77936963005102,149886400
2018-02-22,40.70150375366211,41.04363161587473,40.515104248149626,40.53633895124801,123967600
2018-02-23,41.409358978271484,41.444750152653654,40.94689389784784,40.977568649194346,135249600
2018-02-26,42.22810363769531,42.32720251507641,41.57688090048132,41.60991385960835,152648800
2018-02-27,42.09124755859375,42.58438368480988,42.03697990268037,42.25877414900744,155712400
2018-02-28,42.027549743652344,42.61742666505022,42.011035062021165,42.296533475796856,151128400
2018-03-01,41.291385650634766,42.41923006780911,40.73926170086954,42.126649810511154,195208000
2018-03-02,41.57689666748047,41.59813137776004,40.68971925679029,40.77230348608713,153816000
2018-03-05,41.72081756591797,41.937891845850366,41.17813006592543,41.3409366759555,113605600
2018-03-06,41.685420989990234,42.058223628667385,41.55800916173692,41.97800123308853,95154000
2018-03-07,41.29845428466797,41.491935603462025,41.11913303336213,41.27721958391904,126814000
2018-03-08,41.7491340637207,41.79160347848274,41.30790723107263,41.40464432036062,95096400
2018-03-09,42.4664306640625,42.471150688896444,41.85531885989448,41.98981256523154,128740800
2018-03-12,42.87696838378906,43.03505494616022,42.52068406563816,42.53955695638834,128828400
2018-03-13,42.46406936645508,43.29697547308859,42.29182627593345,43.08225936279556,126774000
2018-03-14,42.10305404663086,42.59383205779314,41.954403916235314,42.546642626018915,117473600
2018-03-15,42.1525993347168,42.52776375711934,42.01575107031442,42.11720816294422,90975200
2018-03-16,42.00394821166992,42.263491843656865,41.909565763410995,42.152594717154045,157618800
2018-03-19,41.36216354370117,41.874176193963066,40.975204491874,41.83878502471641,133787200
2018-03-20,41.34801483154297,41.7160974620381,41.277228879450114,41.34801483154297,78597600
2018-03-21,40.411293029785156,41.31262318028808,40.40893121766546,41.30082492065965,148219600
2018-03-22,39.840293884277344,40.743982276911176,39.78130618447849,40.111635863222695,165963200
2018-03-23,38.917724609375,40.09275855754703,38.917724609375,39.731754130094636,164115200
2018-03-26,40.76522445678711,40.84308865995562,39.271655323988576,39.656256315308354,150164800
2018-03-27,39.71995544433594,41.326779761121884,39.384905751877014,40.9799318090033,163690400
2018-03-28,39.28108215332031,40.116349873437926,38.976707252129515,39.462765249555176,166674000
2018-03-29,39.587825775146484,40.52455075902881,39.38018791464152,39.59490401127065,153594000
2018-04-02,39.328269958496094,39.86152096687733,38.806820808205174,39.318833512475734,150347200
2018-04-03,39.73173904418945,39.81668144194515,38.90355336631293,39.55477601555859,121112000
2018-04-04,40.491512298583984,40.58589116765485,38.877609875339886,38.90356460438284,138422000
2018-04-05,40.77229690551758,41.109704804360064,40.60241205005233,40.72038744410746,107732800
2018-04-06,39.72938919067383,40.69678512382936,39.6869161827004,40.340500780687684,140021200
2018-04-09,40.12342834472656,40.840717086835404,40.07623891174833,40.083317146678915,116070800
2018-04-10,40.87847137451172,41.05543445405506,40.472635757399814,40.8194836813306,113634400
2018-04-11,40.687355041503906,41.03656120465478,40.51275015976679,40.63780379117197,89726400
2018-04-12,41.088470458984375,41.2913882825573,40.82892314965039,40.9162273902391,91557200
2018-04-13,41.227684020996094,41.48958956409498,41.02004975642731,41.239482281560186,100497200
2018-04-16,41.48486328125,41.57216390809475,41.2512707387593,41.29846016947747,86313600
2018-04-17,42.05586624145508,42.22103105921441,41.6240759033909,41.642952396895254,106421600
2018-04-18,41.961490631103516,42.19272501407693,41.73497987268186,41.95441239492307,83018000
2018-04-19,40.77229690551758,41.38340858264556,40.73926393919508,40.998807645922376,139235200
2018-04-20,39.10176467895508,40.39949400643583,39.03333693459778,40.25320567071418,261964400
2018-04-23,38.98851013183594,39.38490573389138,38.717164561081056,39.3636710267077,146062000
2018-04-24,38.44581985473633,39.245692837977245,38.03998423370853,39.08996446239895,134768000
2018-04-25,38.613338470458984,39.03097230251353,38.32076184714256,38.37030948804236,113528400
2018-04-26,38.747840881347656,39.104125295229466,38.5472812600934,38.72424436108592,111852000
2018-04-27,38.29953384399414,38.77379363432942,37.900776434060155,38.69592944182841,142623200
2018-04-30,38.99322509765625,39.46512666359807,38.18627385193452,38.254701595177096,169709600
2018-05-01,39.8992805480957,39.922873467208575,38.995588578602664,39.264572338688374,214277600
2018-05-02,41.661834716796875,41.94025493419631,41.00824998905665,41.34565790678548,266157600
2018-05-03,41.73733901977539,41.88126915920872,41.159260250036965,41.49902999560571,136272800
2018-05-04,43.37483215332031,43.473931048501996,42.03934987955743,42.058226373923915,224805200
2018-05-07,43.68864440917969,44.28087953182669,43.5919037316787,43.69336083223612,169805600
2018-05-08,43.89863967895508,43.93875087617197,43.33707571727283,43.64853244905982,113611200
2018-05-09,44.207740783691406,44.21717723128261,43.7028062299625,44.01662121713993,92844800
2018-05-10,44.840084075927734,44.91794826437476,44.27616186292336,44.29740016909847,111957200
2018-05-11,44.6695442199707,45.01772962644349,44.399523253135314,44.88272095012894,104848800
2018-05-14,44.565330505371094,44.89219936371079,44.496642506114725,44.76903081192664,83115200
2018-05-15,44.160301208496094,44.3095245780708,43.842908797400575,44.240832963990755,94780800
2018-05-16,44.57243347167969,44.638757775906996,44.05607901163132,44.07266099123978,76732400
2018-05-17,44.29056930541992,44.74534126899987,44.14134595601487,44.5297972341273,69176000
2018-05-18,44.129493713378906,44.48478458041491,44.086860544153275,44.337932178585824,73190800
2018-05-21,44.44215774536133,44.83060900411695,44.27161781574119,44.529795015175026,73603200
2018-05-22,44.33083724975586,44.73823783050188,44.24082905204025,44.61980751317354,60962800
2018-05-23,44.61507034301758,44.64823068808503,43.99923123267172,44.1389817572192,80233600
2018-05-24,44.565330505371094,44.72876493454094,44.10582387356602,44.7121865681853,92936000
2018-05-25,44.667179107666016,44.92061810844165,44.44689683710894,44.5842764395002,69844000
2018-05-29,44.506107330322266,44.707440295214944,44.26214119029811,44.43505203843647,90056400
2018-05-30,44.411354064941406,44.52978434244792,44.24081417619561,44.46346367618069,74762000
2018-05-31,44.262142181396484,44.584272763914115,44.08923494359256,44.345044842727695,109931200
2018-06-01,45.06035614013672,45.065090749309014,44.470572019693655,44.52741985761043,93770000
2018-06-04,45.436973571777344,45.813581093512056,45.32328148514552,45.39196947530471,105064800
2018-06-05,45.78753662109375,45.936760003265185,45.56251970211944,45.730692372043364,86264000
2018-06-06,45.94622802734375,45.96991553810496,45.45829566499922,45.86332896809294,83734400
2018-06-07,45.823062896728516,45.99833746447358,45.55777651131414,45.98412640375984,85388800
2018-06-08,45.406185150146484,45.47724406684225,44.949045837835435,45.280649296806835,106627200
2018-06-11,45.29484939575195,45.47012753262255,45.05325419734273,45.32327512407509,73234000
2018-06-12,45.54356002807617,45.621724466901995,45.275906369145886,45.3327542194391,67644400
2018-06-13,45.16931915283203,45.68567717972302,45.107736693234806,45.57671970513663,86553600
2018-06-14,45.19300079345703,45.375384457711235,45.055621219076464,45.37064623398618,86440400
2018-06-15,44.72875213623047,45.04140984417357,44.59137256281962,45.010616811486706,246876800
2018-06-18,44.705078125,44.81877021928192,44.34031071846099,44.501377831716354,73939600
2018-06-19,43.982643127441406,44.13423375906719,43.45207410964826,43.85236908130852,134314000
2018-06-20,44.17451095581055,44.34031268695885,43.99212724444408,44.138983304209724,82514800
2018-06-21,43.928184509277344,44.61271174870552,43.80501594031725,44.35216354786826,102847600
2018-06-22,43.80027389526367,44.09161150228114,43.748164259640134,44.0845059714422,108801600
2018-06-25,43.14889907836914,43.800265788904376,42.80781920439769,43.440236631467144,126652400
2018-06-26,43.684207916259766,44.18161672661883,43.23654143261928,43.34313161641529,98276800
2018-06-27,43.6202507019043,44.359254646811564,43.58945766613114,43.87368967461808,101141200
2018-06-28,43.93764877319336,44.10582141804784,43.53498640754718,43.60604532247452,69460800
2018-06-29,43.845272064208984,44.33794261618318,43.32417939272685,44.12476587725427,90950800
2018-07-02,44.33556365966797,44.363989388229385,43.44496913920245,43.53971554406418,70925200
2018-07-03,43.56340408325195,44.517952077082704,43.47339589258004,44.48005351109388,55819200
2018-07-05,43.9139518737793,44.153183382408514,43.6486691699271,43.88079153579777,66416800
2018-07-06,44.52268981933594,44.63164367761645,43.866584907806946,43.91869453192585,69940800
2018-07-09,45.14089584350586,45.16457973616899,44.83771454945132,44.88508594898369,79026400
2018-07-10,45.086429595947266,45.30670828235065,45.04616010188829,45.17169958098886,63756400
2018-07-11,44.50136947631836,44.95140315841742,44.43741610407706,44.64822188778537,75326000
2018-07-12,45.24748229980469,45.33749048866911,44.84008175912143,44.892191382758085,72164400
2018-07-13,45.31854248046875,45.439340094547376,45.216690535330684,45.25932732596245,50055600
2018-07-16,45.21906280517578,45.63119797975706,45.1029997977627,45.363547931054796,60172400
2018-07-17,45.34697341918945,45.44645446440681,44.814036924963446,44.94431101306007,62138000
2018-07-18,45.09824752807617,45.42985446846515,44.986922779813355,45.42511624546105,65573600
2018-07-19,45.448822021484375,45.60751822098527,44.93009662721061,44.93009662721061,81147200
2018-07-20,45.344600677490234,45.579090393745275,45.04378665816805,45.42513242622012,82704800
2018-07-23,45.384864807128906,45.46776747212096,44.89929979976048,45.1645825450049,63957600
2018-07-24,45.71409606933594,45.870424933666406,45.48907922085138,45.58382201572721,74791600
2018-07-25,46.14518737792969,46.15229290734002,45.57908703072764,45.728310376757044,66839600
2018-07-26,46.00070571899414,46.41521183209491,45.858587891677,46.09544852773458,76304000
2018-07-27,45.23564910888672,46.23283410582351,45.02721417987679,46.185462695330656,96096000
2018-07-30,44.9821891784668,45.52459826291671,44.78322717830043,45.45353937308436,84118000
2018-07-31,45.07220458984375,45.510398170862665,44.84718772967437,45.07457550907264,157492000
2018-08-01,47.7274169921875,47.788999454934086,46.73497037323326,47.166058455078534,271742800
2018-08-02,49.12251281738281,49.357006079692255,47.45501601690976,47.50949293531099,249616000
2018-08-03,49.26464080810547,49.44228627005192,48.67011834903271,49.037253026563285,133789600
2018-08-06,49.52045440673828,49.56308758597164,49.04673313948885,49.26701179394074,101701600
2018-08-07,49.056209564208984,49.622306375427215,48.97330689069146,49.57967319307423,102349600
2018-08-08,49.0893669128418,49.22200829100394,48.442738387198105,48.80513487189342,90102000
2018-08-09,49.47545623779297,49.68862938792179,49.07752844622378,49.62941422241858,93970400
2018-08-10,49.32807540893555,49.70125249242797,49.1236607449897,49.28766832298923,98444800
2018-08-13,49.646583557128906,50.14098192510177,49.36848515518447,49.75116831551107,103563600
2018-08-14,49.855751037597656,50.04828041362775,49.5015896887927,49.95320534273534,82992000
2018-08-15,49.97221374511719,50.09105937972392,49.51822255046803,49.72976763499278,115230400
2018-08-16,50.704315185546875,50.820781613582525,50.26458478358194,50.33113806442568,114001600
2018-08-17,51.71687698364258,51.80482160998279,50.66628180188151,50.732835080227886,141708000
2018-08-20,51.21297073364258,52.097179061223606,51.1297773252262,51.840475640659726,121150800
2018-08-21,51.1131477355957,51.62418632849665,50.87308077106899,51.53148684448314,104639200
2018-08-22,51.11552047729492,51.4268955346363,50.827912376468916,50.889714442548886,76072400
2018-08-23,51.220096588134766,51.59089441444491,51.008551488412635,51.020433151222136,75532800
2018-08-24,51.37936019897461,51.55524946688519,51.129783570124175,51.48394496739818,73905600
2018-08-27,51.80244827270508,51.99260205926306,51.41976509200178,51.61467009373441,82100400
2018-08-28,52.220787048339844,52.42044690492467,52.035388091956506,52.05677944225872,91107200
2018-08-29,53.00041580200195,53.12164071077913,52.15185957497243,52.32774885142222,109019200
2018-08-30,53.48767852783203,54.255420491383845,52.862549183026445,53.064588259852506,195175200
2018-08-31,54.10568618774414,54.40042115702686,53.71824810496877,53.83946939457224,173360400
2018-09-04,54.279197692871094,54.47410271698689,53.86799266636936,54.291082985936235,109560400
2018-09-05,53.925025939941406,54.59056232839138,53.50431493571026,54.42893397969091,133332000
2018-09-06,53.028934478759766,54.039122579920814,52.60108938112698,53.7729058375706,137160000
2018-09-07,52.6010856628418,53.56848737241467,52.46084866563358,52.73181660383311,150479200
2018-09-10,51.89513397216797,52.73180823484359,51.453028077178786,52.517883921659944,158066000
2018-09-11,53.20720672607422,53.31416710131831,51.47443486496854,51.81908657492482,142996000
2018-09-12,52.54642105102539,53.480546183459964,52.254058120534346,53.46628528477877,197114800
2018-09-13,53.81568908691406,54.27681079764192,52.902955348685715,53.12876136243596,166825600
2018-09-14,53.204830169677734,53.91790420970806,52.891079478043096,53.65882151228209,127997200
2018-09-17,51.78818893432617,52.99328210990798,51.64319707572982,52.80312831761871,148780400
2018-09-18,51.87376022338867,52.73182612035608,51.60754345181269,51.76679621707651,126286800
2018-09-19,51.9046516418457,52.2017657875757,51.174941185911294,51.93555267360376,108495200
2018-09-20,52.29922866821289,52.834034218166614,52.09005911473977,52.34914544870343,106435200
2018-09-21,51.73588943481445,52.615346522946126,51.64794118718429,52.47748513317046,384986800
2018-09-24,52.47986602783203,52.591581240683425,51.49107287269724,51.53623480472846,110773600
2018-09-25,52.81264114379883,52.962387853503245,52.22078838214615,52.23267367491164,98217600
2018-09-26,52.39191818237305,53.18343068091706,52.23504104711966,52.529779577576186,95938800
2018-09-27,53.468658447265625,53.82281979814073,53.133512836056454,53.20006973832795,120724800
2018-09-28,53.65643310546875,53.68020005833787,53.247603796554884,53.43062347848398,91717600
2018-10-01,54.01772689819336,54.53114100863598,53.801430558145704,54.181734485713775,94403200
2018-10-02,54.49787139892578,54.66900945781386,53.86799078418642,54.01535825777478,99152800
2018-10-03,55.16101837158203,55.493784720557876,54.61670329668725,54.68088095930444,114619200
2018-10-04,54.19123458862305,55.22756868305416,53.89174126370628,54.85439164387405,128168000
2018-10-05,53.3117790222168,54.291069625044074,52.42994634778662,54.184109267544954,134322000
2018-10-08,53.18818664550781,53.43300841014067,52.33962690889907,52.81738877390393,118655600
2018-10-09,53.925025939941406,54.020104639366565,52.826893256471955,53.15728402985112,107564000
2018-10-10,51.42688751220703,53.80142479864619,51.353203792804706,53.589879696186095,167962400
2018-10-11,50.972896575927734,52.1732383195907,50.46661659290983,50.989536707183234,212497600
2018-10-12,52.79361343383789,52.97663674566986,51.54097929944309,52.39191456684106,161351600
2018-10-15,51.664581298828125,52.72706170379864,51.64318995220275,52.56780896745184,123164000
2018-10-16,52.80312728881836,53.002790761616964,51.521971170529746,52.03776091925562,116736000
2018-10-17,52.574947357177734,52.91959907009634,52.13521693342788,52.83878488605126,91541600
2018-10-18,51.3460807800293,52.230292794668074,50.628251966665175,51.783431945346045,130325200
2018-10-19,52.12807846069336,52.591575770654906,51.68121765576561,51.8309643354768,132314800
2018-10-22,52.446590423583984,53.09073552260463,52.04014028103658,52.24217573506013,115168400
2018-10-23,52.94097900390625,53.06457948789302,51.03231827149109,51.30091058470816,155071200
2018-10-24,51.12502670288086,53.29752528866364,50.99429574752945,52.91009089156269,163702000
2018-10-25,52.24456024169922,52.62011301557745,51.51960088791156,51.747786183174085,119423200
2018-10-26,51.412628173828125,52.33724717241666,50.54980760667093,51.31754947907064,189033600
2018-10-29,50.44759750366211,52.21839677675456,48.98579398651574,52.099551139273444,183742000
2018-10-30,50.69956970214844,51.146427009315765,49.741673775813375,50.18853108298071,146640000
2018-10-31,52.02112579345703,52.39905414616596,51.48869589666021,51.55049796504815,153435600
2018-11-01,52.819766998291016,52.853043639009734,51.533856048228905,52.06628592661014,233292800
2018-11-02,49.316192626953125,50.782747593568956,48.82892470971694,49.8082153859782,365314800
2018-11-05,47.91619110107422,48.581727505404224,47.103287242720874,48.56033615760373,264654800
2018-11-06,48.434364318847656,48.660170361583134,47.93996590712427,47.99463389861388,127531600
2018-11-07,49.90328598022461,49.92943216739377,48.51992454814335,48.95727565453541,133697600
2018-11-08,49.72917556762695,50.117961783036826,49.314148293520866,50.08456903497334,101450400
2018-11-09,48.77032470703125,49.13764496018798,48.24080849566863,49.02792748333226,137463200
2018-11-12,46.31355667114258,47.6683559287569,46.2229176546034,47.46561190950973,204542000
2018-11-13,45.850826263427734,47.03150282339623,45.66478043650113,45.70771604861924,187531600
2018-11-14,44.555660247802734,46.38749717915927,44.34814479763792,46.249154758894875,243204000
2018-11-15,45.65523147583008,45.78880243698334,44.57950118029473,44.93489820442701,185915200
2018-11-16,46.16090774536133,46.50437811310857,45.1901304527365,45.4381903630335,147713200
2018-11-19,44.331451416015625,45.48589057345821,44.12393959990074,45.318926834082056,167701200
2018-11-20,42.21337890625,43.28433781544714,41.86275329872245,42.54492242716306,271300800
2018-11-21,42.16567611694336,42.99811441475572,42.11081739184629,42.869311238136255,124496800
2018-11-23,41.0947265625,42.12275375568158,41.04941069028293,41.726808551401255,94496000
2018-11-26,41.65048599243164,41.72919826494428,40.61053553185253,41.55985059582636,179994000
2018-11-27,41.559844970703125,41.686260641087756,40.75841533304648,40.90868088792556,165549600
2018-11-28,43.157928466796875,43.24140851342523,41.7244169820516,42.153754894617045,184250000
2018-11-29,42.826393127441406,43.60158541537505,42.385128369264336,43.56819266239939,167080000
2018-11-30,42.59502410888672,43.01243530513629,42.22531632144402,43.00289243965284,158126000
2018-12-03,44.08338165283203,44.11200296187772,43.22232209019543,43.99751408615923,163210000
2018-12-04,42.14421463012695,43.5037816201011,42.04403639292215,43.16031129852104,165377200
2018-12-06,41.67433166503906,41.688642322882814,40.64869205831039,40.96830888194268,172393600
2018-12-07,40.1883544921875,41.61947870781884,40.14303497636657,41.380958005213614,169126400
2018-12-10,40.45310974121094,40.56998254787343,38.95758402314632,39.35591313142909,248104000
2018-12-11,40.22174072265625,40.97546325461773,39.83295087580361,40.94445804319204,189126800
2018-12-12,40.33384323120117,41.00646956931405,40.31476114252287,40.64391716349884,142510800
2018-12-13,40.77510070800781,41.161506601003886,40.441173283972645,40.66538325705452,127594400
2018-12-14,39.470394134521484,40.32906988664321,39.422690734856076,40.30998779886983,162814800
2018-12-17,39.10307693481445,40.154953901474315,38.81446533960052,39.46324181521365,177151600
2018-12-18,39.611122131347656,39.95936020738338,39.210405586860624,39.44654231697991,135366000
2018-12-19,38.37559509277344,39.94029029491894,37.946257106931796,39.59443600949044,196189200
2018-12-20,37.40719223022461,38.66658091227843,37.04225594392129,38.258709018420305,259092000
2018-12-21,35.95222854614258,37.724439459265554,35.68985792735904,37.41436178294184,382978400
2018-12-24,35.02199172973633,36.1478096256321,34.96474545655059,35.33683713341607,148676800
2018-12-26,37.488285064697266,37.50259571944023,34.99574533647371,35.372608349360256,234330000
2018-12-27,37.244998931884766,37.39288421330407,35.79479654801516,37.1710581109433,212468400
2018-12-28,37.26408386230469,37.81029824364657,36.86337087715202,37.567006137211514,169165600
2018-12-31,37.6242561340332,38.0106584993329,37.32371772587832,37.812685883662674,140014000
2019-01-02,37.66717529296875,37.88900135870765,36.78703363641151,36.94445811667321,148158800
2019-01-03,33.91526412963867,34.75724203892586,33.869944607345076,34.34221464688401,365248800
2019-01-04,35.36307144165039,35.43224447060452,34.29927134520694,34.473390406461,234428400
2019-01-07,35.28434753417969,35.499018239181424,34.80015104956512,35.46800939923407,219111200
2019-01-08,35.95698547363281,36.21220429826707,35.42508548038979,35.67314533765117,164101200
2019-01-09,36.56760025024414,36.858595734256404,35.689846005675946,36.0857875184234,180396400
2019-01-10,36.68447494506836,36.72502301688656,35.983223685249385,36.37439738697707,143122800
2019-01-11,36.32430648803711,36.660621462294706,36.13826068090229,36.465036431002055,108092800
2019-01-14,35.77809524536133,36.08101747084215,35.592049441248335,35.98083924089946,129756800
2019-01-15,36.5103645324707,36.58668926231533,35.79003101446399,35.8425058585296,114843600
2019-01-16,36.95639419555664,37.18060421377019,36.49366350086684,36.51274559172934,122278800
2019-01-17,37.17582321166992,37.60516104671784,36.555668156652295,36.779878117151526,119284800
2019-01-18,37.404808044433594,37.65763933734888,37.20444794328947,37.56700033062978,135004000
2019-01-22,36.56521987915039,37.38334404012299,36.40302392903853,37.30701931736308,121576000
2019-01-23,36.713104248046875,37.00409978164385,36.1835880239302,36.76796298779607,92522400
2019-01-24,36.42210388183594,36.84667036346506,36.193126087459284,36.7584188843341,101766000
2019-01-25,37.6290168762207,37.71727199264311,36.8085088877834,37.08519007898912,134142000
2019-01-28,37.280784606933594,37.28793993647679,36.65109013037413,37.15913672562548,104768400
2019-01-29,36.89436721801758,37.717266256677696,36.75841235915359,37.268846332948215,166348800
2019-01-30,39.415531158447266,39.63019825357158,38.21815666636422,38.938489934139284,244439200
2019-01-31,39.699378967285156,40.30999127047661,39.25095896483175,39.62066671326708,162958400
2019-02-01,39.71846389770508,40.30522272121144,39.57773393313214,39.82341357723608,130672400
2019-02-04,40.84667205810547,40.94446642382111,39.89974453733269,39.930753394641854,125982000
2019-02-05,41.545536041259766,41.760206866671254,41.10904633928463,41.23069059267507,144406400
2019-02-06,41.559844970703125,41.877077914727295,41.22830136807492,41.65763568434292,112958400
2019-02-07,40.7727165222168,41.48827840252376,40.62960269034103,41.1209545991594,126966800
2019-02-08,40.82062530517578,40.880511204518456,40.34393223055581,40.480473835526816,95280000
2019-02-11,40.585880279541016,41.01227135413607,40.54276417550842,40.97394349156521,83973600
2019-02-12,40.93560028076172,40.96195021950637,40.65054284938175,40.746362469882676,89134000
2019-02-13,40.76552963256836,41.316480664397695,40.70324961006937,41.05537900777508,89960800
2019-02-14,40.91405487060547,41.02424289927531,40.573903336868185,40.65295317751181,87342800
2019-02-15,40.82303237915039,41.1296479886677,40.66253855660199,41.021854066675054,98507200
2019-02-19,40.945186614990234,41.06735619273422,40.60024689439193,40.652946779860834,75891200
2019-02-20,41.20868682861328,41.51770013159029,40.959563083125786,41.00747107397199,104457600
2019-02-21,40.97633361816406,41.290135195189876,40.79428177141705,41.153597223916066,68998800
2019-02-22,41.43386459350586,41.4410506104486,41.052991074957,41.100899072957226,75652800
2019-02-25,41.73568344116211,42.12853482753936,41.668611520693716,41.718917288617774,87493600
2019-02-26,41.759639739990234,41.99199734395085,41.481768263377155,41.6111238651416,68280800
2019-02-27,41.88899612426758,41.92013796783325,41.3763728690382,41.49135645059792,111341600
2019-02-28,41.476985931396484,41.8985851393733,41.42189190949821,41.75725524812944,112861600
2019-03-01,41.91294479370117,41.956060888063966,41.4146936574631,41.74765912168646,103544800
2019-03-04,42.123748779296875,42.57888021404128,41.67340558544547,42.08542092127852,109744800
2019-03-05,42.047088623046875,42.15967440962056,41.80993913864044,42.145302378167806,78949600
2019-03-06,41.805152893066406,42.03751049302754,41.666217157151316,41.84108297341277,83241600
2019-03-07,41.32126998901367,41.78598514646697,41.206290087267504,41.64944354333794,99185600
2019-03-08,41.419490814208984,41.45781867305242,40.602646141444055,40.79907367665731,95997600
2019-03-11,42.85435485839844,42.90705475053342,42.003977877888914,42.03751384059792,128044000
2019-03-12,43.335845947265625,43.757441487989446,42.96694665087926,43.117860331686984,129870400
2019-03-13,43.527469635009766,43.90834308589402,43.33822814208179,43.65682157214478,124130000
2019-03-14,44.01134490966797,44.099978527781204,43.73107933434246,44.05206688333284,94318000
2019-03-15,44.58385467529297,44.87370404614222,44.01374337983889,44.279636928085765,156171600
2019-03-18,45.03899383544922,45.127623807917495,44.50480891478156,44.50720669034818,104879200
2019-03-19,44.682071685791016,45.271350606371485,44.53594992962055,45.11804283392589,126585600
2019-03-20,45.072532653808594,45.391126136977775,44.250896059288934,44.61021152306901,124140800
2019-03-21,46.732566833496094,47.02960225648532,45.46777673422874,45.518082505798304,204136800
2019-03-22,45.76481246948242,47.35538206911971,45.70013466420761,46.79245306146932,169630800
2019-03-25,45.211463928222656,45.9875829138425,44.69884073019582,45.87499712059471,175381200
2019-03-26,44.74435043334961,46.20317383299277,44.21496108876492,45.91093032900251,199202000
2019-03-27,45.14679718017578,45.455806915813376,44.68687375810196,45.213869117448226,119393600
2019-03-28,45.20667266845703,45.407888433845436,44.92161517325066,45.261766678115514,83121600
2019-03-29,45.50131607055664,45.53245791503468,45.163558643228214,45.47257200189756,94256000
2019-04-01,45.810325622558594,45.91572175059921,45.12523068699291,45.906141613557615,111448000
2019-04-02,46.47625732421875,46.58165710898199,45.76481243221266,45.774392569397584,91062800
2019-04-03,46.79484176635742,47.07031543278642,46.26784294426612,46.29179876532304,93087200
2019-04-04,46.87629699707031,47.03918492301481,46.26545996448646,46.66070552108108,76457200
2019-04-05,47.190093994140625,47.21404981863245,46.93378056163148,47.058344269726845,74106400
2019-04-08,47.93268585205078,47.96382404106772,47.0319993882877,47.051163318915215,103526800
2019-04-09,47.78895950317383,48.59143221503495,47.72428169243538,47.98538705610313,143072800
2019-04-10,48.0572395324707,48.08598725216494,47.47275251901036,47.5925243281573,86781200
2019-04-11,47.65720748901367,48.14827269278017,47.53504154579498,48.1123426080529,83603200
2019-04-12,47.63804244995117,47.942263895762856,47.0008591463609,47.71709228965716,111042800
2019-04-15,47.724281311035156,47.87280086247525,47.43203775983683,47.568579397510554,70146400
2019-04-16,47.729061126708984,48.23689237657883,47.56377546194885,47.77936688973627,102785600
2019-04-17,48.65850067138672,48.71838658127415,47.57576239718102,47.79853622749227,115627200
2019-04-18,48.83336639404297,48.90283244109063,48.51237879500945,48.65610278532575,96783200
2019-04-22,48.993858337402344,49.09207210290908,48.469257203029855,48.586634897548564,77758000
2019-04-23,49.70051574707031,49.76519355636063,48.84294903681971,48.96990687959393,93292000
2019-04-24,49.62385177612305,49.94004741930995,49.59750183459538,49.67175976386105,70162400
2019-04-25,49.17352294921875,49.767590211237874,49.13519508582494,49.54481635866054,74172800
2019-04-26,48.93876266479492,49.10644246902589,48.41655566859494,49.08248664478764,74596400
2019-04-29,49.013023376464844,49.33880286675529,48.833365649947595,48.96271760477586,88818800
2019-04-30,48.0692138671875,48.72316687302299,47.69552643528151,48.641722926098915,186139600
2019-05-01,50.428733825683594,51.57614638292722,50.119720448216015,50.27542602493222,259309200
2019-05-02,50.10055160522461,50.93895435796423,49.856219720416995,50.26583730415948,127985200
2019-05-03,50.72336196899414,50.74492001774366,50.359254640038046,50.5173543078257,83569600
2019-05-06,49.94005584716797,50.02629170170755,48.747129571991984,48.93636743479356,129772400
2019-05-07,48.59383010864258,49.68614868298662,48.107556740284565,49.31725303135676,155054800
2019-05-08,48.6033935546875,49.187880506395196,48.32791988481231,48.36384996170206,105358000
2019-05-09,48.081199645996094,48.311159493192925,47.108653053779015,48.004543926833236,139634400
2019-05-10,47.41510772705078,47.81668937591435,46.35465492765193,47.47282091670573,164834800
2019-05-13,44.65936279296875,45.56351397580666,43.96922628473015,45.137891635823976,229722400
2019-05-14,45.3663330078125,45.61641612468284,44.58481822241338,44.8252843102285,146118800
2019-05-15,45.90978240966797,46.10936969140274,44.731500114707785,44.79161663321027,106178800
2019-05-16,45.707801818847656,46.28251571508548,45.40962250071928,45.66692301760151,132125600
2019-05-17,45.44810485839844,45.90498910092616,44.90945933174919,44.95033813919872,131516400
2019-05-20,44.026939392089844,44.329929040318554,43.35123020710624,44.13034172783792,154449200
2019-05-21,44.87097930908203,45.20763040826336,44.414091481082465,44.53913489044487,113459200
2019-05-22,43.9524040222168,44.65697177245535,43.89709783331378,44.404481572960684,118994400
2019-05-23,43.2021369934082,43.413744649619424,42.75727327586627,43.235802097979615,146118800
2019-05-24,43.036216735839844,43.79849380641274,42.95205213603526,43.33198900132276,94858800
2019-05-28,42.85826110839844,43.42576110727096,42.781313883904495,43.02418326240235,111792800
2019-05-29,42.65388107299805,43.12759961775198,42.322036656878375,42.42303198586659,113924800
2019-05-30,42.87510681152344,43.098738525632164,42.48314589027991,42.790942207956036,84873600
2019-05-31,42.09839630126953,42.80055677977792,42.079158575516026,42.37733415164283,108174400
2019-06-03,41.67277145385742,42.78372354414095,40.9441595414999,42.225844159173256,161584400
2019-06-04,43.197330474853516,43.24301962137067,41.96614520510156,42.18737357893377,123872000
2019-06-05,43.89468765258789,44.48383263192451,43.55803652372878,44.31310005778889,119093600
2019-06-06,44.539127349853516,44.59924386947385,43.80089472768961,44.02453008867227,90105200
2019-06-07,45.724632263183594,46.15025833239398,44.67139312932352,44.849335713763274,122737600
2019-06-10,46.3089714050293,46.97987034614102,46.07812228757985,46.12381144295584,104883600
2019-06-11,46.84519958496094,47.13135482633914,46.55423766350111,46.85722362360786,107731600
2019-06-12,46.69611358642578,47.124142960424194,46.503739968295555,46.63840040022024,73012800
2019-06-13,46.686492919921875,47.32132329173808,46.55423949726058,46.818750011804745,86698400
2019-06-14,46.34743881225586,46.55183280179707,45.76070092374396,46.06128355767657,75046000
2019-06-17,46.62397003173828,46.881270509200554,46.21036806350342,46.38590728177779,58676400
2019-06-18,47.72050094604492,48.162957727769786,46.941393062838486,47.143383723727425,106204000
2019-06-19,47.58102035522461,48.06435950685173,47.44635994236846,48.016263357213624,84496800
2019-06-20,47.9633674621582,48.239901995296194,47.619499048787546,48.18218881333447,86056000
2019-06-21,47.79985046386719,48.297617045839175,47.64835564861981,47.80466081318877,191202400
2019-06-24,47.75176239013672,48.131699298772126,47.65317040065336,47.742141690604704,72881600
2019-06-25,47.0279655456543,47.91528253491197,46.96063164964654,47.71569519507535,84281200
2019-06-26,48.045127868652344,48.33128311684101,47.4559866531459,47.55698197558516,104270000
2019-06-27,48.030696868896484,48.470750242280026,47.98981807498277,48.162950279526235,83598800
2019-06-28,47.59305191040039,47.97298880338543,47.383847569468884,47.77580483254112,124442400
2019-07-01,48.4659423828125,49.17291329213038,48.24952069487889,48.85549628418299,109012000
2019-07-02,48.749691009521484,48.84587965023338,48.420253629484236,48.43227766822591,67740800
2019-07-03,49.1536750793457,49.160888768616864,48.74007310476587,48.88194721939393,45448000
2019-07-05,49.11038589477539,49.3147835279823,48.790565571951745,48.8987782420149,69062000
2019-07-08,48.0980339050293,48.42987465249001,47.710883308640334,48.288000523615125,101354400
2019-07-09,48.39140701293945,48.4563302284681,47.8070723886271,47.900854035834996,82312000
2019-07-10,48.86993408203125,48.99016715566559,48.46835605639922,48.53809329387158,71588400
2019-07-11,48.51402282714844,49.14885301625903,48.50440580015275,48.88914925672917,80767200
2019-07-12,48.88677215576172,49.05509773768378,48.622257906153834,48.682374447499036,70380800
2019-07-15,49.34605026245117,49.50475510070153,49.05508466541941,49.07672573392334,67789600
2019-07-16,49.175315856933594,49.56246641216046,48.93484976472365,49.19695692461936,67467200
2019-07-17,48.898780822753906,49.317189470654924,48.87954309526561,49.06710635174979,56430000
2019-07-18,49.454261779785156,49.50716461828943,48.982946582898464,49.05508715078808,74162400
2019-07-19,48.716033935546875,49.656257414171854,48.660727751281314,49.485524842018926,83717200
2019-07-22,49.82938766479492,49.83179100497788,48.961304859932056,48.97092188988554,89111600
2019-07-23,50.218936920166016,50.2357713075465,49.84621375004897,50.127562301827695,73420800
2019-07-24,50.178062438964844,50.29348514370552,49.81736327608131,49.93759633037582,59966400
2019-07-25,49.78129577636719,50.315130841148026,49.711558548782996,50.230966233848946,55638400
2019-07-26,49.954429626464844,50.43295482378756,49.810148496778886,49.89190609129754,70475600
2019-07-29,50.420928955078125,50.651778020354186,50.12275334607242,50.127563695346474,86693600
2019-07-30,50.20451354980469,50.53635795177346,49.8510280788088,50.199703200280354,135742800
2019-07-31,51.22890853881836,53.23199206951554,50.81049977340165,52.041685324676585,277125600
2019-08-01,50.12035369873047,52.42883001368494,49.713969021306184,51.435703722949825,216071600
2019-08-02,49.059906005859375,49.639426651218294,48.48519204176384,49.42300857925117,163448400
2019-08-05,46.49171447753906,47.76858887004254,46.308961564093444,47.609884034070426,209572000
2019-08-06,47.371826171875,47.62912668439035,46.660044834225765,47.205903960136595,143299200
2019-08-07,47.86236572265625,47.98740910843495,46.60713619289486,46.989476369687395,133457600
2019-08-08,48.91802215576172,48.94207023600368,47.9465406230698,48.14131759767527,108038000
2019-08-09,48.51491928100586,48.94215880426404,48.104570742537604,48.589746417288495,98478800
2019-08-12,48.39181137084961,48.77077934722417,48.070775860559834,48.18422463799918,89927600
2019-08-13,50.44113540649414,51.206308904814755,48.39181964738536,48.52216679757895,188874000
2019-08-14,48.93974685668945,49.83043876979914,48.90112521072262,49.03871344329339,146189600
2019-08-15,48.69594192504883,49.51663143045451,48.19628417894057,49.11111530302919,108909600
2019-08-16,49.84492492675781,50.00423646665722,49.202853823403125,49.309061516669395,110481600
2019-08-19,50.774234771728516,51.348716104830906,50.696991479419985,50.83940465605558,97654400
2019-08-20,50.77663803100586,51.49836471952366,50.766984462800195,50.90215651665292,107537200
2019-08-21,51.32698440551758,51.57077660101619,51.07595111294609,51.41146878225078,86141600
2019-08-22,51.28355026245117,51.76148120099924,50.87078921336657,51.459756472568834,89014800
2019-08-23,48.91318893432617,51.18457310518978,48.51732631964166,50.552155700353445,187272000
2019-08-26,49.84250259399414,50.011467671142654,49.497327659168484,49.69043218297926,104174400
2019-08-27,49.280094146728516,50.339751177221146,49.12802371480747,50.17319854857676,103493200
2019-08-28,49.610782623291016,49.65664536777837,49.07733540717467,49.26561132852902,63755200
2019-08-29,50.45077133178711,50.52560213495806,49.883531229136345,50.327669006917155,83962000
2019-08-30,50.38561248779297,50.79836981530883,50.01388559438315,50.72837130541788,84573600
2019-09-03,49.65180587768555,49.96077161349601,49.294564936247596,49.82801203564883,80092000
2019-09-04,50.494232177734375,50.56423068697994,50.042853208775554,50.30112763465436,76752400
2019-09-05,51.48147201538086,51.648024629695904,51.05422883298523,51.172506234654826,95654800
2019-09-06,51.476646423339844,51.756647829615176,51.295611602876754,51.667338496798834,77449200
2019-09-09,51.69630432128906,52.24423742435234,50.94802925254775,51.85802832340247,109237600
2019-09-10,52.30699920654297,52.326310031519576,51.102516424328385,51.62148149410797,127111600
2019-09-11,53.9701042175293,53.999072295729235,52.55561855701022,52.63769048155304,177158400
2019-09-12,53.84941101074219,54.65320607197565,53.79389469595321,54.26217203041021,128906800
2019-09-13,52.80181884765625,53.294231903404,52.384232923026595,53.103543526785714,159053200
2019-09-16,53.079402923583984,53.13492291521213,52.51457522050967,52.5556093339984,84632400
2019-09-17,53.27251052856445,53.30147860335445,52.89113007843354,53.09389186931263,73274800
2019-09-18,53.77216339111328,53.79147421145963,52.968368449613095,53.359402432930125,101360000
2019-09-19,53.33526611328125,54.011126402538544,53.192849275108436,53.588711880171566,88242400
2019-09-20,52.55561447143555,53.72147916215501,52.49285705934677,53.43665281133341,221652400
2019-09-23,52.794578552246094,53.06492269024206,52.536300455068584,52.85009486276398,76662000
2019-09-24,52.54353332519531,53.70457282018097,52.42525962492351,53.352156824194836,124763200
2019-09-25,53.35216522216797,53.46561399799053,52.413198153006064,52.75354448047375,87613600
2019-09-26,53.076995849609375,53.33044533696633,52.821133890565115,53.1035477708213,75334000
2019-09-27,52.81871795654297,53.33527046730831,52.44699108394318,53.233887732480994,101408000
2019-09-30,54.061824798583984,54.209066598575575,53.29423525141317,53.32078717217109,103909600
2019-10-01,54.21147155761719,55.08768113804096,54.11733361218703,54.32733647750223,139223200
2019-10-02,52.852508544921875,53.967681745148056,52.60388402866276,53.84216325130935,138449200
2019-10-03,53.30147933959961,53.33527235801911,51.928027942473314,52.72457818852778,114426000
2019-10-04,54.79561233520508,54.91147725992179,54.04250874035877,54.464923276753645,138478800
2019-10-07,54.80768966674805,55.500448423989305,54.51320605441516,54.61700127015362,122306000
2019-10-08,54.16560745239258,55.04905810759887,54.148712787312526,54.508369894441785,111820000
2019-10-09,54.80044174194336,54.98388901728139,54.464924052724605,54.80044174194336,74770400
2019-10-10,55.53907012939453,55.62355452175518,54.865622194911026,55.01768894473202,113013600
2019-10-11,57.01630783081055,57.361479077924194,56.07492467082694,56.22940755120689,166795600
2019-10-14,56.934234619140625,57.479755155458584,56.64457968545764,56.70009599098265,96427600
2019-10-15,56.80148696899414,57.363898569381924,56.695279285142476,57.05976139730357,87360000
2019-10-16,56.572174072265625,56.78217697135607,56.289760190553885,56.33079430842692,73903200
2019-10-17,56.79182434082031,57.00182353382027,56.366997328785196,56.74596160139216,67585200
2019-10-18,57.06459045410156,57.34700433383881,56.55286285379047,56.625277519068376,97433600
2019-10-21,58.05424118041992,58.170106109969666,57.284242887243614,57.33251809964137,87247200
2019-10-22,57.92148971557617,58.46217802901688,57.83941779671787,58.21114469537125,82293600
2019-10-23,58.69871520996094,58.713201086195,58.225613048184925,58.43802836834021,75828800
2019-10-24,58.79528045654297,59.0897640487482,58.368037264054614,59.0197618580704,69275200
2019-10-25,59.519412994384766,59.55561847984667,58.62630874908885,58.69389477739261,73477200
2019-10-28,60.115631103515625,60.163906319797626,59.5532158100812,59.72218090864965,96572800
2019-10-29,58.725276947021484,60.28459173110838,58.55148691792792,60.096315823357926,142839600
2019-10-30,58.71803665161133,59.21045340411995,58.22321111070426,59.08010627656539,124522000
2019-10-31,60.04562759399414,60.144594179260395,57.26976036220758,59.67873301175698,139162000
2019-11-01,61.74977111816406,61.77631935556102,60.14218105481074,60.23390285779305,151125200
2019-11-04,62.15529251098633,62.23977690611116,61.643568562906125,62.114254707756714,103272000
2019-11-05,62.06597900390625,62.32184096076288,61.870461987182324,62.04666449792139,79897600
2019-11-06,62.09252166748047,62.15286660219582,61.64114273442168,61.97907289556262,75864400
2019-11-07,62.80915069580078,63.031890023003186,62.489571073987236,62.642098047509194,94940400
2019-11-08,62.98105239868164,63.05368077510986,62.18452672446015,62.62999800624924,69986400
2019-11-11,63.479793548583984,63.54515909416124,62.530740796809994,62.53558022626101,81821200
2019-11-12,63.42167282104492,63.62262363042443,63.1698895398465,63.322409120625274,87388800
2019-11-13,64.02937316894531,64.1044249678981,63.2062194011633,63.220745079125614,102734400
2019-11-14,63.58631896972656,64.12863059624203,63.455580492462374,63.85505137408107,89182800
2019-11-15,64.34166717529297,64.3465066034145,63.67588008080837,63.838085889938284,100206400
2019-11-18,64.66610717773438,64.745998404098,63.97126851204114,64.3513669250881,86703200
2019-11-19,64.46997833251953,64.88397475942296,64.2520858651198,64.859762843392,76167200
2019-11-20,63.7194709777832,64.41914899839321,63.04399749149265,64.28841791467877,106234400
2019-11-21,63.43376541137695,63.917974128960836,63.232814656053975,63.840498960922126,121395200
2019-11-22,63.37810516357422,63.7170499294597,63.150526380385024,63.57420918485231,65325200
2019-11-25,64.48934173583984,64.5062908154596,63.55723840646351,63.60323882918042,84020400
2019-11-26,63.98577117919922,64.68060959501683,63.55240225316691,64.62734633378136,105207600
2019-11-27,64.84525299072266,64.87915115912348,64.23272904675291,64.2980945863872,65235600
2019-11-29,64.70240783691406,64.88398615638155,64.37556538418444,64.54504143773039,46617600
2019-12-02,63.95431900024414,64.94452541634439,63.78242689176433,64.70726037101397,94487200
2019-12-03,62.814002990722656,62.83336809595727,62.0489520362288,62.538000369149145,114430400
2019-12-04,63.368412017822266,63.74851775139017,63.11178190955831,63.20620618501214,67181600
2019-12-05,64.298095703125,64.37315487896743,63.608103940788965,63.86473406321347,74424400
2019-12-06,65.54010009765625,65.61031246389065,64.71452295457874,64.75810737512137,106075600
2019-12-09,64.6225357055664,65.56189494931199,64.13590330142559,65.36821430674325,128042400
2019-12-10,65.00021362304688,65.38515886065719,64.36589367746889,65.02926497857332,90420400
2019-12-11,65.55461883544922,65.63451744095087,65.0050443974032,65.08009618533418,78756800
2019-12-12,65.72167205810547,65.98798843132002,64.71936347511442,64.83072945357088,137310400
2019-12-13,66.61503601074219,66.65135019950229,65.59335496579085,65.72167002503738,133587600
2019-12-16,67.75536346435547,67.98052627002482,67.0581086937624,67.06294812404012,128186000
2019-12-17,67.88850402832031,68.21776250630693,67.49871205445935,67.68513719395666,114158400
2019-12-18,67.72628784179688,68.24923427372028,67.5761842840897,67.74081351586915,116028400
2019-12-19,67.7940902709961,68.07493233966673,67.5350441062106,67.66819860784388,98369200
2019-12-20,67.6536636352539,68.43081679971336,67.44061055116062,68.32913707494946,275978000
2019-12-23,68.75765991210938,68.81818602118693,67.87881962615262,67.91755722257518,98572000
2019-12-24,68.82302856445312,68.97313952804878,68.49619347139719,68.92471568321903,48478800
2019-12-26,70.18850708007812,70.20545616603417,68.92714487279775,68.95619622675554,93121200
2019-12-27,70.16184997558594,71.17142854300083,69.75511636950155,70.4814295468407,146266000
2019-12-30,70.57827758789062,70.86154300911814,69.05302270311626,70.07954307567853,144114400
2019-12-31,71.09398651123047,71.10124935085251,70.09409372208404,70.19335745588079,100805600
2020-01-02,72.716064453125,72.77659055848162,71.4668047519516,71.72101143907315,135480400
2020-01-03,72.0091323852539,72.77176000550182,71.78397699623217,71.9413434276417,146322800
2020-01-06,72.58290100097656,72.62163859417052,70.87606782262263,71.12785848416316,118387200
2020-01-07,72.24154663085938,72.84922374466596,72.02123070618616,72.59259363206662,108872000
2020-01-08,73.40363311767578,73.70626361557562,71.94374389134458,71.94374389134458,132079200
2020-01-09,74.96278381347656,75.15646437101954,74.13236752506255,74.38415077218049,170108400
2020-01-10,75.13227081298828,75.69880172853615,74.62869680726308,75.19764374317383,140644800
2020-01-13,76.73739624023438,76.76403156194864,75.33077049304826,75.4494066541484,121532000
2020-01-14,75.70120239257812,76.88509646087522,75.57773417210761,76.67446681398555,161954400
2020-01-15,75.37680053710938,76.38395596192076,74.94343149157285,75.50027617412253,121923600
2020-01-16,76.32099914550781,76.43237250443956,75.5583716587375,75.92152830847965,108829200
2020-01-17,77.16595458984375,77.16837061022176,76.26290232469962,76.57037231867773,137816400
2020-01-21,76.64299011230469,77.23614144709862,76.50498883390406,76.7930936550816,110843200
2020-01-22,76.91658782958984,77.47100170840719,76.82216354627624,77.12963354237134,101832400
2020-01-23,77.28700256347656,77.3668937772688,76.42026453610515,76.96984634011159,104472000
2020-01-24,77.06426239013672,78.2796239983564,76.87299781703734,77.53394558679635,146537600
2020-01-27,74.79816436767578,75.48089322464955,73.81279759380895,75.06689673049003,161940000
2020-01-28,76.91414642333984,77.08603847633346,75.58257224071698,75.68183593003438,162234000
2020-01-29,78.52415466308594,79.37394362780475,77.80752757594179,78.55078999397739,216229200
2020-01-30,78.41036224365234,78.46362551493233,77.17078871761717,77.60415772537527,126743200
2020-01-31,74.93375396728516,78.1222655759737,74.63838622980492,77.69858276990855,199588400
2020-02-03,74.72794342041016,75.89730439692568,73.16879052609627,73.67236441660148,173788400
2020-02-04,77.19499969482422,77.38626426505087,75.93121426303615,76.33794793595989,136616400
2020-02-05,77.824462890625,78.62582786926725,77.21920188630669,78.32561338698618,118826800
2020-02-06,78.73478698730469,78.73721039613278,77.53637437960353,78.09563507421905,105425600
2020-02-07,77.66456604003906,78.48239314790939,77.17192792843306,78.23243405494627,117684000
2020-02-10,78.033447265625,78.033447265625,76.1648229834898,76.24490381310511,109348800
2020-02-11,77.5626449584961,78.60374012100387,77.34423530217373,78.53093937088862,94323200
2020-02-12,79.40458679199219,79.40943770675925,78.0140331926388,78.0140331926388,113730400
2020-02-13,78.8391342163086,79.16675238353734,78.47026476188894,78.67411425559266,94747600
2020-02-14,78.85855102539062,79.10851012138082,78.34892359887368,78.80758309855572,80113600
2020-02-18,77.41461181640625,77.59662109183667,76.34924730268484,76.53125657811528,152531200
2020-02-19,78.53578186035156,78.76632988761132,77.65728500864738,77.65728500864738,93984000
2020-02-20,77.7301025390625,78.78575796634391,77.22290417552242,78.29554891500301,100566000
2020-02-21,75.97067260742188,77.76650347779221,75.3518440007245,77.32239667498202,129554000
2020-02-24,72.3620376586914,73.8181119648714,70.19006459555902,72.13877707909086,222195200
2020-02-25,69.91096496582031,73.4176795737371,69.43774534651452,73.03425000192122,230673600
2020-02-26,71.02001953125,72.28923357582319,69.5275449173606,69.53482499231708,198054800
2020-02-27,66.37757873535156,69.40621629434781,66.24167904417651,68.21709029357726,320605600
2020-02-28,66.33873748779297,67.56427105877654,62.21562305087625,62.431610947009084,426510000
2020-03-02,72.5149154663086,73.15316245707646,67.39681595785085,68.50343166746465,341397200
2020-03-03,70.21190643310547,73.77443320656704,69.35767141404621,73.69435237651876,319475600
2020-03-04,73.46863555908203,73.62880458228122,71.13649400429283,71.93976087414214,219178400
2020-03-05,71.0855484008789,72.69450423193115,70.7191006767236,71.71650798671432,187572800
2020-03-06,70.14151763916016,70.5759151634938,68.24862422437134,68.43548440571074,226176800
2020-03-09,64.59388732910156,67.48661751740467,63.824591466108316,64.00660075736148,286744800
2020-03-10,69.24603271484375,69.5129811258908,65.37044835521063,67.25606913589775,285290000
2020-03-11,66.841064453125,68.24617771103672,65.97469878489102,67.31672054900297,255598800
2020-03-12,60.240211486816406,65.52333473547242,60.18439634961911,62.11126834135515,418474000
2020-03-13,67.45748138427734,67.93070839286551,61.38565181622262,64.28324334840872,370732000
2020-03-16,58.7792854309082,62.873275496652674,58.242963182289955,58.716186517548486,322423600
2020-03-17,61.36381530761719,62.516536915107906,57.854675154192996,60.06548110830406,324056000
2020-03-18,59.86163330078125,60.66975488014331,57.54404792376218,58.18714954728448,300233600
2020-03-19,59.40296936035156,61.35896164078844,58.876356338925326,60.036361741511776,271857200
2020-03-20,55.63173294067383,61.113850430144076,55.33080966032288,59.985390906068666,401693200
2020-03-23,54.44988250732422,55.45214789716105,51.595978985823706,55.35022316814183,336752800
2020-03-24,59.91259765625,60.10916707001685,56.85969513959366,57.359613328429845,287531200
2020-03-25,59.582557678222656,62.67186075528643,59.28648895944169,60.851767993758266,303602000
2020-03-26,62.71797180175781,62.77621240154902,59.78640854897909,59.82523808416542,252087200
2020-03-27,60.121307373046875,62.09428547221415,59.95385824110164,61.33712804392787,204216800
2020-03-30,61.83704376220703,62.0093475048291,60.52414930589501,60.849342024154396,167976400
2020-03-31,61.71084976196289,63.700817094858024,61.15511640489983,62.0287624061651,197002000
2020-04-01,58.46379852294922,60.35912091217952,58.03183020107801,59.82037323829742,176218400
2020-04-02,59.43936538696289,59.49275506292741,57.49065332322106,58.32546967140694,165934000
2020-04-03,58.58514404296875,59.62623542608821,57.99300663222972,58.92246773803886,129880000
2020-04-06,63.69597244262695,63.85128318813444,60.519304472441405,60.88817397325163,201820400
2020-04-07,62.958221435546875,65.93589798982386,62.85387122600371,65.71748092950824,202887200
2020-04-08,64.5696029663086,64.88508270225176,63.395037501230945,63.76147775323179,168895200
2020-04-09,65.03555297851562,65.54032952455171,64.2371442763535,65.20786042767898,161834800
2020-04-13,66.31204986572266,66.42125839971293,64.51136807094039,65.11321477612952,131022800
2020-04-14,69.66100311279297,69.95222087152594,67.47689214022147,67.95011914666873,194994800
2020-04-15,69.02519226074219,69.48628092008256,68.10301494206142,68.53255414367216,131154400
2020-04-16,69.57364654541016,69.94009422345636,68.5204205220071,69.7410956561746,157125200
2020-04-17,68.62963104248047,69.63675500516926,67.1881169210457,69.08829799292641,215250000
2020-04-20,67.20511627197266,68.35784190926253,67.18570520408012,67.45265367496387,130015200
2020-04-21,65.12776184082031,67.28275253901889,64.41428499057956,67.04735361351801,180991600
2020-04-22,67.0036849975586,67.4405043108994,66.05723821466911,66.39940914673265,116862400
2020-04-23,66.74401092529297,68.37481424450658,66.7051813931717,66.94786041444767,124814400
2020-04-24,68.67088317871094,68.68059241326806,67.22208912055947,67.27062788736906,126161200
2020-04-27,68.71943664550781,69.05190579194252,67.93800973096258,68.38696009309551,117087600
2020-04-28,67.60552215576172,69.36494515545422,67.51331034369456,69.18293587962397,112004800
2020-04-29,69.8260498046875,70.29684778168853,68.89416308692655,69.0980126121264,137280800
2020-04-30,71.2990951538086,71.47625350962926,69.97649890054853,70.36720857906009,183064000
2020-05-01,70.15122985839844,72.56103087905444,69.36980307576957,69.46687320779041,240616800
2020-05-04,71.143798828125,71.27241844220069,69.48387483655323,70.17551168453589,133568000
2020-05-05,72.2115707397461,73.04638718577591,71.45926427424553,71.60487317175793,147751200
2020-05-06,72.95659637451172,73.58998507405805,72.52947892116252,72.91533768168664,142333600
2020-05-07,73.71133422851562,74.05837090774547,73.28179496479571,73.58514378532654,115215200
2020-05-08,75.4657974243164,75.51933164317072,74.04471602730506,74.37322112363715,133838400
2020-05-11,76.65324401855469,77.1496439064148,74.76251932824728,74.97179206318708,145946400
2020-05-12,75.77725219726562,77.79207364909227,75.65558421726155,77.33946490194451,162301200
2020-05-13,74.8623046875,76.88199755928032,73.78189245874619,75.95731647939719,200622400
2020-05-14,75.32220458984375,75.38303857132479,73.373081446864,74.09822517948626,158929200
2020-05-15,74.87690734863281,74.92314177584109,73.05188761996168,73.08595821938853,166348400
2020-05-18,76.64108276367188,77.0158221767727,75.51200790514008,76.20551679383226,135178400
2020-05-19,76.19821166992188,77.50735264930493,76.16657681294011,76.6581126858227,101729600
2020-05-20,77.68013763427734,77.75069971271533,77.02069186607584,77.05962650901947,111504800
2020-05-21,77.10099029541016,78.08406952411508,76.86251841252941,77.54142773114201,102688800
2020-05-22,77.597412109375,77.68014544919457,76.73600068439247,76.83819763463005,81803200
2020-05-26,77.07180786132812,78.89925602718259,77.01583791238306,78.71918977774382,125522000
2020-05-27,77.40760040283203,77.55360346730318,76.18605652967298,76.92823567989113,112945200
2020-05-28,77.44166564941406,78.70457981685169,76.80412665218442,77.08152577208277,133560800
2020-05-29,77.3662338256836,78.14734015890691,77.00852967618476,77.68500333141107,153532400
2020-06-01,78.31767272949219,78.43934069786921,77.18859041846218,77.31999390359594,80791200
2020-06-02,78.68025207519531,78.70458715753213,77.60713955055513,78.05001280060178,87642800
2020-06-03,79.11338806152344,79.37619506332315,78.4271788552984,79.00145559647322,104491200
2020-06-04,78.43204498291016,79.23505064541881,78.05730554159499,78.93575218035002,87560400
2020-06-05,80.66586303710938,80.72669702130025,78.65347751344345,78.68267663769132,137250400
2020-06-08,81.14278411865234,81.17685470787667,79.64870560971856,80.36167798797216,95654400
2020-06-09,83.70513153076172,84.09933458379527,80.7899715861673,80.82160644800746,147712400
2020-06-10,85.85865020751953,86.32828677869298,84.2161326502249,84.65657009743241,166651600
2020-06-11,81.73655700683594,85.42553148158305,81.63436005029637,84.99969350194307,201662400
2020-06-12,82.44222259521484,84.63224629678102,81.32774713453523,83.88277478636243,200146000
2020-06-15,83.46177673339844,84.11635088882359,80.92864916064586,81.09168747869046,138808800
2020-06-16,85.67372131347656,85.94626382585014,83.88277221688082,85.52285420682057,165428800
2020-06-17,85.55448913574219,86.48159854763982,85.43282115595484,86.42076455774615,114406400
2020-06-18,85.58854675292969,86.00708483695735,84.97777121070888,85.51067747543081,96820400
2020-06-19,85.09944915771484,86.76386617293707,83.9874020783935,86.29666530516798,264476000
2020-06-22,87.32598114013672,87.469548475875,85.44742709501291,85.49366152486377,135445200
2020-06-23,89.18992614746094,90.61344295119446,88.1533126161021,88.57428648623221,212155600
2020-06-24,87.61555480957031,89.7398806476171,87.24081531062652,88.81763517839552,192623200
2020-06-25,88.77869415283203,88.81762879904495,87.0096443292993,87.77128710141119,137522400
2020-06-26,86.0509033203125,88.89550150488402,85.90246451179942,88.67406487318402,205256800
2020-06-29,88.03408813476562,88.12899272885664,85.47906041478672,85.95843257929042,130646000
2020-06-30,88.76896667480469,89.05610878837916,87.60095688672507,87.62042049858218,140223200
2020-07-01,88.60105895996094,89.3919008846663,88.55239622020926,88.84683067288958,110737200
2020-07-02,88.60105895996094,90.14867963414797,88.4866981798334,89.51114056301097,114041600
2020-07-06,90.97114562988281,91.44078222719904,90.00266588363523,90.03430074503379,118655600
2020-07-07,90.68889617919922,92.13187690472026,90.57696369633243,91.35077040897662,112424400
2020-07-08,92.80103302001953,92.83266788269125,91.58191749535032,91.66952230167387,117092000
2020-07-09,93.20010375976562,93.75003795219516,92.14889068283713,93.6965037466287,125642800
2020-07-10,93.36314392089844,93.42154960385396,92.18053466189855,92.79373863774762,90257200
2020-07-13,92.93244171142578,97.29058984952216,92.7183048684692,94.67229242141129,191649200
2020-07-14,94.4703140258789,94.6625440704525,91.37508059280022,92.31191801469724,170989200
2020-07-15,95.1200180053711,96.60193299733245,93.91793786080713,96.35129727473847,153198000
2020-07-16,93.9495849609375,94.80856064892015,93.34854481035306,93.98851960775556,110577600
2020-07-17,93.75979614257812,94.55793794747125,93.28528795912777,94.40220676472472,92186800
2020-07-20,95.73565673828125,95.8743600058145,93.50183459957924,93.84737490055309,90318000
2020-07-21,94.41434478759766,96.60436824916565,94.16370906625916,96.52893470179353,103433200
2020-07-22,94.67958068847656,95.36335409074172,94.02744214680403,94.11503952134649,89001600
2020-07-23,90.37010955810547,94.48978555792418,89.55736834691913,94.41191626887031,197004400
2020-07-24,90.14624786376953,90.49178823352345,86.76874316858824,88.56213563459892,185438800
2020-07-27,92.28273010253906,92.37519895851747,90.98818839691468,91.21205332883926,121214000
2020-07-28,90.7667465209961,92.02966071554671,90.7618750492638,91.85202279586937,103625600
2020-07-29,92.50660705566406,92.69154477680748,91.21449359583792,91.25099250763601,90329200
2020-07-30,93.62594604492188,93.73057872513968,91.26802000602063,91.67682263526055,158130000
2020-07-31,103.42752838134766,103.57839550277167,98.13739905674298,100.14249260806086,374336800
2020-08-03,106.03363037109375,108.66165541676666,105.01648797674454,105.31578641481019,308151200
2020-08-04,106.74176025390625,107.83677214724625,105.49830955349178,106.22345343622803,173071600
2020-08-05,107.12865447998047,107.44985972369943,105.99470803547494,106.46191633779561,121776800
2020-08-06,110.86628723144531,111.36269464253704,106.87071514088169,107.46201970975673,202428800
2020-08-07,108.34567260742188,110.8443633796673,107.5460918578799,110.38606573552487,198045600
2020-08-10,109.92044830322266,110.94186486752692,107.26086549559103,109.79612082851325,212403600
2020-08-11,106.65143585205078,109.68155371834231,106.39059512633617,109.18181853754392,187902400
2020-08-12,110.19589233398438,110.45429286188693,107.55093595444907,107.74595269419795,165598000
2020-08-13,112.14611053466797,113.15290119524892,111.09056196029391,111.58055146808589,210082000
2020-08-14,112.04617309570312,112.13636854966511,110.23004849886146,111.97060352944233,165565200
2020-08-17,111.75362396240234,113.19677333095444,111.12468856587184,113.17239437524739,119561600
2020-08-18,112.68485260009766,113.11145831572809,111.1685737018232,111.50498397074077,105633600
2020-08-19,112.82621765136719,114.2449878956161,112.73114940664348,113.09437125345387,145538000
2020-08-20,115.3298110961914,115.44438550181255,112.85061914452253,112.86768515883944,126907200
2020-08-21,121.27304077148438,121.7581500452213,116.28053222340992,116.29271798267843,338054800
2020-08-24,122.72348022460938,125.57808696417352,120.85129254611644,125.49275690245359,345937600
2020-08-25,121.71671295166016,122.0628763223725,119.98835110470337,121.59239290506812,211495600
2020-08-26,123.37194061279297,123.83023825240734,121.96779591940656,123.03797045440116,163022400
2020-08-27,121.89710235595703,124.31047038391692,120.74891816931488,123.97650023718222,155552400
2020-08-28,121.69963836669922,123.2939194462389,121.47536238371781,122.8746266915099,187630000
2020-08-31,125.82675170898438,127.73795204194512,122.86245768919913,124.40311569012621,225702700
2020-09-01,130.8387451171875,131.44331646895694,127.27964057724809,129.45410665665014,151948100
2020-09-02,128.12796020507812,134.54411128513743,123.83753197784804,134.16382339626398,200119000
2020-09-03,117.86992645263672,125.63171109830371,117.49939163024852,123.74977777668435,257599600
2020-09-04,117.94794464111328,120.6197131497007,108.1287004650969,117.08010734336685,332607200
2020-09-08,110.0106430053711,116.02700063472479,109.87412977263537,111.11250193799896,231366600
2020-09-09,114.3985824584961,116.17326184567966,112.38988145965452,114.34007891543482,176940500
2020-09-10,110.6639633178711,117.49940814881735,109.69861756632326,117.3628949087768,182274400
2020-09-11,109.21105194091797,112.36062394434131,107.26085458483016,111.71705524591432,180860300
2020-09-14,112.48739624023438,113.0432022491566,109.9911457355189,111.8633336140555,140150100
2020-09-15,112.66290283203125,115.87097839483434,110.78096207450275,115.38342905287787,184642000
2020-09-16,109.33783721923828,113.1114726487254,109.25008188896413,112.36064976741665,154679000
2020-09-17,107.59239196777344,109.40607622888594,106.00298369138476,106.9878355070113,178011000
2020-09-18,104.17955780029297,108.11895805599245,103.44823366112779,107.65091477299849,287104900
2020-09-21,107.33887481689453,107.44613627717712,100.53268210169752,101.93682671673261,195713800
2020-09-22,109.02578735351562,110.04964400266275,106.4417816531773,109.87412593250646,183055400
2020-09-23,104.45259857177734,109.31834008012487,104.11130799960775,108.84054369426751,150718700
2020-09-24,105.52518463134766,107.50463384194083,102.38536556375317,102.5511305606354,167743300
2020-09-25,109.48406982421875,109.64008917143079,104.9888646745863,105.72994169501956,149981400
2020-09-28,112.09735107421875,112.44838721832883,109.97163550795793,112.1461089873391,137672400
2020-09-29,111.24898529052734,112.43860666148844,110.74193733932668,111.6975371512268,99382200
2020-09-30,112.92620086669922,114.34009873081921,110.7907393413405,110.95650436835015,142675200
2020-10-01,113.88179779052734,114.78864003617267,112.94570376912151,114.71063034120202,116120400
2020-10-02,110.20565032958984,112.49713819553232,109.4255758436502,110.07889017847046,144712000
2020-10-05,113.59901428222656,113.7452805953654,110.72247569462236,111.07351187039006,106243800
2020-10-06,110.34219360351562,113.22848541577433,109.45485004559029,112.81893822935504,161498200
2020-10-07,112.21435546875,112.67265302880874,111.28800727900659,111.76581097831722,96849000
2020-10-08,112.10709381103516,113.50148518843807,111.73655156006717,113.3552189019724,83477200
2020-10-09,114.05729675292969,114.08654852378359,112.05834143123505,112.4093775603074,100506900
2020-10-12,121.30229187011719,122.06286774169322,116.30978334982996,117.07035922140598,240226800
2020-10-13,118.08445739746094,122.26763193691325,116.67056718260892,122.15061740846656,262330500
2020-10-14,118.17221069335938,119.96638868276364,116.64130607261743,117.98693956467062,150712000
2020-10-15,117.70417022705078,118.18196653560398,115.20791978630072,115.76372578098064,112559200
2020-10-16,116.0562515258789,118.52325764594907,115.85148167833091,118.25997681380653,115393800
2020-10-19,113.0919418334961,117.42137467094595,112.77991057098248,116.97283019604589,120639300
2020-10-20,114.58385467529297,116.01725100908146,112.75066428839048,113.3064702709398,124423700
2020-10-21,113.95979309082031,115.75397121203213,113.55024596366279,113.76476887802791,89946000
2020-10-22,112.86768341064453,115.10066050216787,111.7365652586778,114.52534835538113,101988000
2020-10-23,112.17536163330078,113.64776283593191,111.43428449669388,113.49174346426179,82572600
2020-10-26,112.18509674072266,113.64774463857086,110.06912712788251,111.17099330548513,111850700
2020-10-27,113.69651794433594,114.35958542213467,111.68781680839272,112.61415768734956,92276800
2020-10-28,108.43098449707031,112.55565572913613,108.33347610413212,112.1851208602056,143937800
2020-10-29,112.4483871459961,114.01829672297495,109.40607637880336,109.57184881965813,146129200
2020-10-30,106.14925384521484,109.20131035012999,105.03764183054732,108.29446818664717,190272600
2020-11-02,106.06147003173828,107.92391190377485,104.64758005639182,106.39300741980334,122866900
2020-11-03,107.68989562988281,108.71374473298427,106.02247785676427,106.92931988488967,107624400
2020-11-04,112.08759307861328,112.71165565418494,109.5523379354268,111.29776550877692,138235500
2020-11-05,116.06600952148438,116.64132168469465,113.95979997203881,115.01290102705485,126387100
2020-11-06,115.93414306640625,116.43229602708031,113.43357855709559,115.57273140177695,114457900
2020-11-09,113.61917114257812,119.1575178931427,113.35544353875275,117.70211621905518,154515300
2020-11-10,113.27730560302734,114.8596862189922,111.4800244999921,112.86705932868448,138023400
2020-11-11,116.71556091308594,116.85230965844065,113.73638330100388,114.46896905922455,112295000
2020-11-12,116.44205474853516,117.73140528886907,115.81691554426702,116.84253851027572,103162300
2020-11-13,116.49090576171875,116.8913821021024,115.13318074907436,116.66672664224632,81581900
2020-11-16,117.50677490234375,118.18074882588525,115.40669394696378,116.15881215076331,91183000
2020-11-17,116.6178970336914,117.86817567185544,116.19788085503488,116.77418558958617,74271000
2020-11-18,115.28946685791016,117.03790584258053,115.26016461858715,115.85600165898173,76322100
2020-11-19,115.88529205322266,116.29553826630797,114.09778111474732,114.85966906826211,74113000
2020-11-20,114.61548614501953,116.0122833606363,114.566651563308,115.88530450548863,73604300
2020-11-23,111.20653533935547,114.88900454422108,111.10885871225602,114.45921844228478,127959300
2020-11-24,112.49585723876953,113.16006856523981,109.9757606660811,111.2651186400355,113874200
2020-11-25,113.33589172363281,114.03917519557105,112.49585951573405,112.86704104383878,76499200
2020-11-27,113.88290405273438,114.76200852686044,113.521499817773,113.86337170986415,46691300
2020-11-30,116.28578186035156,118.16119960518925,114.09778703912657,114.25407557732021,169410200
2020-12-01,119.87055206298828,120.60313773079281,117.22347674425754,118.20025763466357,127728200
2020-12-02,120.22221374511719,120.505481144647,118.0830608551581,119.18682076181041,89004200
2020-12-03,120.0854721069336,120.90596466265619,119.37241861729504,120.65199948730223,78967600
2020-12-04,119.41149139404297,120.00732847079844,118.69843790059431,119.75336329408746,78260400
2020-12-07,120.87664794921875,121.67760806582265,119.41147645892518,119.4700809338177,86712000
2020-12-08,121.49202728271484,122.07810188882368,120.23197880317792,121.48226483759503,82225500
2020-12-09,118.952392578125,123.02556768253118,118.19050456748764,121.63854040920427,115089200
2020-12-10,120.37849426269531,120.99387109234236,117.36024440160968,117.7021162779425,81312200
2020-12-11,119.56776428222656,119.90963613747431,117.75095104891274,119.58729662299177,86939800
2020-12-14,118.952392578125,120.48593849632398,118.71796721767839,119.75335272421145,79184500
2020-12-15,124.91073608398438,124.93027587481632,121.24780778889934,121.45293087915451,157243700
2020-12-16,124.8423843383789,125.3893793448256,123.62140801881179,124.45167787791586,98208600
2020-12-17,125.71170806884766,126.571280093327,125.06702905048816,125.9070612822762,94359800
2020-12-18,123.71908569335938,126.10243373072133,123.19162305629168,125.96568498617573,192541500
2020-12-21,125.25263977050781,125.3307840492253,120.58362717474307,122.11717324639278,121251600
2020-12-22,128.81790161132812,131.2891567050616,126.63966893622124,128.5541665300668,168904800
2020-12-23,127.91922760009766,129.35508174785957,127.74339929548835,129.09136164768518,88223700
2020-12-24,128.90574645996094,130.36115502667408,128.05595204486485,128.270844985037,54930100
2020-12-28,133.5161590576172,134.15106056408757,130.40998861637678,130.87885409340728,124486200
2020-12-29,131.7384490966797,135.56742883965345,131.22075635748268,134.84462043635702,121047300
2020-12-30,130.6151580810547,132.83245515094322,130.3025810031429,132.43197135905453,96452100
2020-12-31,129.60906982421875,131.61147380180907,128.66159108708325,130.9667947818931,99116600
2021-01-04,126.40522003173828,130.5076968368651,123.81674915248705,130.41979013281448,143301900
2021-01-05,127.96810913085938,128.68117019094734,125.44801165954016,125.89733760282162,97664900
2021-01-06,123.66046905517578,128.0071488340126,123.44557604986173,124.75446642211676,155088000
2021-01-07,127.88015747070312,128.573678488458,124.89121021187437,125.37960067650636,109578200
2021-01-08,128.9839324951172,129.55046725691102,127.20618394212671,129.35509913564104,105158200
2021-01-11,125.98521423339844,127.1475860544949,125.51636350795053,126.1903448095608,100384500
2021-01-12,125.80939483642578,126.67872932371974,123.91443732593233,125.51635755772662,91951100
2021-01-13,127.85088348388672,128.39787854041427,125.5066146974837,125.77033487541826,88636800
2021-01-14,125.91683959960938,127.95830826895903,125.77031351003957,127.76295505402753,90221800
2021-01-15,124.18792724609375,127.1964143087734,124.05117851163078,125.7898473803004,111598500
2021-01-19,124.8619155883789,125.7214876279719,123.99258110451602,124.81307355803929,90757300
2021-01-20,128.96441650390625,129.41374239946222,125.56522221027927,125.67266873501019,104319500
2021-01-21,133.69200134277344,136.42699093223655,130.48816107938626,130.69329163300603,120150900
2021-01-22,135.84092712402344,136.6028150348242,131.88496149210033,133.11570006235684,114459400
2021-01-25,139.60153198242188,141.72114486140973,133.36966473426315,139.74805806803522,157611700
2021-01-26,139.8359832763672,140.94951311366867,138.08753679306704,140.26576933716714,98390600
2021-01-27,138.76148986816406,140.94948441192093,137.14980737284998,140.09967490857025,140843800
2021-01-28,133.90689086914062,138.6931262527624,133.52594691185897,136.28047622181393,142621100
2021-01-29,128.89599609375,133.56500695035245,127.18662975783303,132.67613287859766,177523800
2021-02-01,131.02542114257812,132.23663511827664,127.88994713431293,130.64447709526527,106239800
2021-02-02,131.85568237304688,133.14502563870852,131.48450079597174,132.57849082798725,83305400
2021-02-03,130.83004760742188,132.61755859976557,130.50770809360628,132.6077812510319,89880900
2021-02-04,134.199951171875,134.2097136169971,131.4649611835476,133.1352633782053,84183100
2021-02-05,133.78419494628906,134.42983740127244,132.9037842725981,134.3613683130723,75693800
2021-02-08,133.93089294433594,133.9798079483001,131.98418922996478,133.07003664020985,71297200
2021-02-09,133.05047607421875,134.87979583626688,132.89396894909677,133.64720333611686,76774200
2021-02-10,132.4439697265625,134.00916036761174,131.47550633815231,133.51024820081062,73046600
2021-02-11,132.18966674804688,133.42224462079582,130.85925883741726,132.94290131800943,64280000
2021-02-12,132.42442321777344,132.58094529380088,130.78098619978562,131.42662856832374,60145100
2021-02-16,130.2918701171875,133.0505008941642,129.9005649144753,132.54182652078916,80576300
2021-02-17,127.99301147460938,129.3429884368885,126.65282647260507,128.39409374989066,97918500
2021-02-18,126.88761901855469,127.17130227893666,124.63766222365031,126.38870666417387,96856700
2021-02-19,127.0440902709961,127.8658236438276,125.99738068709999,127.40604940993619,87668800
2021-02-22,123.2583236694336,126.89738013381545,122.86702591113955,125.2245820305238,103916400
2021-02-23,123.1213607788086,123.95286378441952,115.8139024055986,121.06705704042179,158273000
2021-02-24,122.62246704101562,122.82789668702961,119.57036091351185,122.22139224547901,111039900
2021-02-25,118.3573226928711,123.70829972436195,117.91711742835099,121.96703273011528,148199500
2021-02-26,118.62145233154297,122.13333235763007,118.56275282287397,119.92250660347193,164560400
2021-03-01,125.00936889648438,125.14632198530556,120.11816582891734,121.05727592228418,116307900
2021-03-02,122.39746856689453,125.91913329199494,122.28986150205843,125.61588108930245,102260900
2021-03-03,119.40404510498047,122.97462478338886,119.18883097909638,122.09420675176463,112966300
2021-03-04,117.51604461669922,120.9105408091192,116.0389066337359,119.10079712980304,178155000
2021-03-05,118.77798461914062,119.28667396527544,115.01175939727409,118.3475637840084,153766600
2021-03-08,113.82807159423828,118.36710717306019,113.68133401828926,118.29863063273507,154376600
2021-03-09,118.45514678955078,119.40404133459487,116.20519796131644,116.43997360787498,129525800
2021-03-10,117.36931610107422,119.51165804272296,116.85084228896541,119.04210671169741,111943300
2021-03-11,119.30622863769531,120.52902944875325,118.62146316885641,119.87361000523832,103026500
2021-03-12,118.39645385742188,118.5334069388377,116.56714878563196,117.78016499105065,88105100
2021-03-15,121.29206848144531,121.30185297869129,117.79974930309419,118.768213019061,92403800
2021-03-16,122.8376693725586,124.45176782276737,122.00616637196116,122.96483796118252,115227900
2021-03-17,122.04531860351562,123.12138194063304,119.67797030579568,121.35076856352724,111932600
2021-03-18,117.9073486328125,120.49968794214433,117.70191898445727,120.20621275113163,121229700
2021-03-19,117.37910461425781,118.78777367187806,117.07585237233634,117.29106652984883,185549500
2021-03-22,120.70511627197266,121.17467507978692,117.64322564652812,117.71170219523187,111912300
2021-03-23,119.87361907958984,121.53662532316353,119.48232129775354,120.6464301462858,95467100
2021-03-24,117.47692108154297,120.22578250026773,117.45735955159839,120.14752145372104,88530500
2021-03-25,117.96604919433594,119.01277396820035,116.41064997457923,116.93890087847339,98844700
2021-03-26,118.57254791259766,118.83667706674994,116.33237593563868,117.731260359211,94071200
2021-03-29,118.74861907958984,119.91272771562944,118.10298420128883,119.00296371086384,80819200
2021-03-30,117.29106140136719,117.78018175127832,116.27369017794591,117.49649105272375,85671900
2021-03-31,119.49210357666016,120.83228856558793,118.51386287192022,119.00298322429019,118323800
2021-04-01,120.32359313964844,121.47791733984869,119.82468834663912,120.96923551452913,75089100
2021-04-05,123.16049194335938,123.41483658685715,120.3920692786332,121.17466473706477,88651200
2021-04-06,123.4637451171875,124.36372467715026,122.91593276997253,123.7474357865334,80171300
2021-04-07,125.11697387695312,125.13653540500879,122.41702773888204,123.09201613924569,83466700
2021-04-08,127.5234375,127.5527835220837,125.723478487292,126.14411475500228,88844600
2021-04-09,130.1060028076172,130.14512586474413,126.65281460393234,126.97563580060692,106686700
2021-04-12,128.38430786132812,129.9592758997672,127.78758046970171,129.6364546951069,91420000
2021-04-13,131.5048828125,131.7298889082425,129.05928119869824,129.5581934810451,91266500
2021-04-14,129.15713500976562,132.06251145593788,128.79519068086032,132.0038193946852,87222800
2021-04-15,131.5733642578125,132.06248457103857,130.73207672199297,130.90816779667338,89347100
2021-04-16,131.2407989501953,131.73969642120264,130.37994220639808,131.37775207518385,84922400
2021-04-19,131.9059600830078,132.52225644299975,130.4385991700877,130.60489828233995,94264200
2021-04-20,130.21363830566406,132.58097933809216,128.94192223323031,132.08208188525987,94812300
2021-04-21,130.59512329101562,130.8396834469913,128.44299690378307,129.4799295768372,68847100
2021-04-22,129.06906127929688,131.23096454793503,128.55059497902982,130.14511693427332,84566500
2021-04-23,131.39730834960938,132.17988902990155,129.28430468857326,129.28430468857326,78657500
2021-04-26,131.78860473632812,132.12120303338915,130.65384180036304,131.89621182382086,66905100
2021-04-27,131.46575927734375,132.46356891164857,131.1918530917334,132.07226369879982,66015800
2021-04-28,130.67340087890625,132.08206994398435,130.1842805050191,131.38751244528612,107760100
2021-04-29,130.57554626464844,134.08744123271336,129.56795967816743,133.5004909237802,151101000
2021-04-30,128.59951782226562,130.65381415781053,128.21800457946676,128.91254705716273,109839500
2021-05-03,129.65599060058594,131.15271231319818,128.9614481976195,129.16687034568793,75135100
2021-05-04,125.06806182861328,128.6288645532719,123.94308362244821,128.33538938179106,137564700
2021-05-05,125.3126449584961,127.61150174498968,125.18546888553331,126.3887008180987,84000900
2021-05-06,126.91695404052734,126.92673107390986,124.36373774806538,125.10720277127093,78128300
2021-05-07,127.59310913085938,128.62199477824845,126.87776955139086,128.22024612307644,78973300
2021-05-10,124.30059814453125,126.9365300969227,124.26140115764763,126.80915297265736,88071200
2021-05-11,123.37950134277344,123.73225929039904,120.30260126371391,121.01793322731803,126142800
2021-05-12,120.30260467529297,122.13502470718254,119.79305875777395,120.91994792228226,112172300
2021-05-13,122.45838928222656,123.61467427312743,121.76265955967637,122.07622799062943,105861300
2021-05-14,124.88853454589844,125.31969391364765,123.32069249416574,123.71265487611407,81918000
2021-05-17,123.73226928710938,124.37900844147428,122.65437817256301,124.27121858241347,74244600
2021-05-18,122.34078979492188,124.43777993260704,122.27219693905593,124.01642168198467,63342900
2021-05-19,122.18402099609375,122.40939434000599,120.39079798085203,120.68477166324163,92612000
2021-05-20,124.75135040283203,125.15311390529939,122.58576737350162,122.7131594479721,76857100
2021-05-21,122.90914916992188,125.42749785117249,122.69356946182035,125.25111513327683,79295400
2021-05-24,124.54557800292969,125.36869980376578,123.40889524832689,123.4774881087248,63092900
2021-05-25,124.34961700439453,125.74108410482297,123.78127181380137,125.25112542502102,72009500
2021-05-26,124.30059814453125,124.82974625336892,123.87923988060832,124.40838798944601,56575900
2021-05-27,122.76213836669922,125.07470800508072,122.56616092997943,123.89882843264199,94625600
2021-05-28,122.10563659667969,123.27172282529529,122.04684484601398,123.0463419876403,71311100
2021-06-01,121.7822494506836,122.83074455067667,121.44908627688243,122.56617423477933,67637100
2021-06-02,122.54656982421875,122.72295252370081,121.55687396007116,121.78224728515005,59278900
2021-06-03,121.05713653564453,122.34080621458908,120.65537298589332,122.17422461028026,76229200
2021-06-04,123.35990142822266,123.62447923898972,121.36089981512367,121.57647951987867,75169300
2021-06-07,123.36968231201172,123.78123942119697,122.32118730943398,123.63425260332792,71057600
2021-06-08,124.19281005859375,125.8782506142176,123.67346305813653,124.05562434058848,74403800
2021-06-09,124.57495880126953,125.18250083132375,123.97721788610363,124.65335276825591,56877900
2021-06-10,123.5754623413086,125.6136606340636,123.40888076789713,124.46716942185128,71186400
2021-06-11,124.79055786132812,124.87875295690584,123.56567997208057,123.98703826502418,53522400
2021-06-14,127.85765075683594,127.91644250380197,124.51618772718142,125.2511144685025,96906500
2021-06-15,127.03455352783203,127.97526646252815,126.78957791435256,127.32852725443237,62746300
2021-06-16,127.53425598144531,128.25938893894605,125.87823394486584,127.74983564578012,91815000
2021-06-17,129.14134216308594,129.8860776224525,127.04435143931097,127.19134578361376,96721700
2021-06-18,127.83805084228516,128.86693621675641,127.62247115663257,128.0830263985157,108953300
2021-06-21,129.64108276367188,129.74887261931582,126.61318811711466,127.68127808078076,79663300
2021-06-22,131.2873077392578,131.38530395142936,128.9747376819625,129.47449743106563,74783600
2021-06-23,131.01292419433594,131.62047373989773,130.5523689534629,131.0815245269483,60214200
2021-06-24,130.728759765625,131.93403531891448,130.2583959308748,131.74785150334102,68711000
2021-06-25,130.434814453125,131.19913716054552,130.14084073054988,130.77778628815008,70783700
2021-06-28,132.07122802734375,132.53178329485237,130.66997494475694,130.72876668918406,62111300
2021-06-29,133.59007263183594,133.7468605769358,131.64987040561977,132.09082341810688,64556100
2021-06-30,134.2074432373047,134.6483963398724,133.13933822621914,133.43331194530575,63261400
2021-07-01,134.5111846923828,134.56997643445254,133.0315227403941,133.85465198573496,52485800
2021-07-02,137.14710998535156,137.18629949198788,134.9815196787238,135.12849901876004,78852600
2021-07-06,139.16571044921875,140.27298973450715,137.25490420705506,137.25490420705506,108181800
2021-07-07,141.6644744873047,141.9780354300495,139.79285761414,140.6551614207794,104911600
2021-07-08,140.36119079589844,141.1647027920802,137.84283506741627,138.73454962161878,105575500
2021-07-09,142.19361877441406,142.72275942044914,139.7830526150671,139.88104882276198,99890800
2021-07-12,141.5958709716797,143.3793001913862,141.10591986105104,143.27151034896303,76299700
2021-07-13,142.71295166015625,144.49638078931636,140.7433536781911,141.1353085659456,100827100
2021-07-14,146.1524200439453,146.56399216212412,144.7119624866864,145.12353460486517,127050800
2021-07-15,145.4958953857422,146.98535113045864,144.1338317300182,146.24063073416198,106820300
2021-07-16,143.4479217529297,146.7501882868023,142.94817687680396,145.47632703956515,93251400
2021-07-19,139.5870819091797,141.17453382837715,138.82275929894942,140.86095791027103,121434600
2021-07-20,143.2127227783203,144.14364197451235,140.08684683491023,140.5767980109594,96350000
2021-07-21,142.47776794433594,143.19310728596565,141.72325404739772,142.60516000969034,74993500
2021-07-22,143.8496551513672,145.22151233826582,142.87954652855333,143.00693860738033,77338200
2021-07-23,145.5742645263672,145.73105246266147,143.96722555965206,144.5845687137355,71447400
2021-07-26,145.99563598632812,146.8187502561115,144.731553759334,145.29010519733632,72434100
2021-07-27,143.82028198242188,146.2112462731185,142.62479983707357,146.1230436919417,104818600
2021-07-28,142.0662078857422,144.01621852456796,139.67524427491423,141.89962631641336,118931200
2021-07-29,142.71295166015625,143.60466622473632,141.6742577506984,141.78204758764898,56699500
2021-07-30,142.9285430908203,143.38909834548167,141.21371414962817,141.4782919442919,70440600
2021-08-02,142.59535217285156,143.99660494374785,142.33077442965924,143.41846631598443,62880000
2021-08-03,144.39840698242188,145.06473338535233,142.26221214218597,142.87955539064197,64786600
2021-08-04,143.9966278076172,144.81974208144462,143.34009511643663,144.3102036940969,56368300
2021-08-05,144.10443115234375,144.86875375710454,143.2323186955207,144.0260371733782,46397700
2021-08-06,143.41748046875,144.36941102647455,142.9169869178482,143.62357485707724,54126800
2021-08-09,143.368408203125,143.96704478811583,142.8090348226229,143.47635955368153,48908700
2021-08-10,142.88755798339844,144.95825044162723,142.59314382367126,143.7119056510136,69023100
2021-08-11,143.14266967773438,143.98664871773903,142.81881568830585,143.32913242690734,48493500
2021-08-12,146.1162109375,146.273233766027,143.123028782234,143.46651434782166,72282600
2021-08-13,146.3223114013672,146.6559736950737,145.50777229059764,146.19472847602927,59375000
2021-08-16,148.3046875,148.37339061458732,143.7413212084629,145.77275011469712,103296000
2021-08-17,147.39199829101562,148.85423036045253,146.3124850405066,147.4312465117062,92229700
2021-08-18,143.63339233398438,147.91216847248862,143.42729793250948,147.00930937577087,86326000
2021-08-19,143.96705627441406,145.2428409806357,141.80804406555308,142.32816925758922,86960300
2021-08-20,145.42930603027344,145.7335285086771,144.04556994347644,144.69327810851246,60549600
2021-08-23,146.9209747314453,147.3920283484006,145.1348733480979,145.54704713474933,60131800
2021-08-24,146.83262634277344,148.0495309623608,146.37138108229806,146.6657951809347,48606400
2021-08-25,145.59609985351562,147.519592250737,145.04653487560168,147.0190838087262,58991300
2021-08-26,144.79136657714844,146.34193343849523,144.76192666629242,145.58628909382776,48597200
2021-08-27,145.83163452148438,145.9788340786454,144.0946048743713,144.7324895880992,55802400
2021-08-30,150.26742553710938,150.63054275493232,145.841450580605,146.22418442407636,90956700
2021-08-31,149.00146484375,149.9533952991406,148.47151645903594,149.8160040465339,86453100
2021-09-01,149.66880798339844,152.0927942907588,149.50197679710354,149.98285372785378,80313700
2021-09-02,150.7875518798828,151.8376253671697,149.560838913159,151.00345455998809,71115500
2021-09-03,151.42544555664062,151.749299563858,150.23798086351027,150.89549719045843,57808700
2021-09-07,153.7709503173828,154.33032373118607,151.51379510970494,152.08299181247767,82278300
2021-09-08,152.2203369140625,154.11437426944298,151.11138376275437,154.05549445158968,74420200
2021-09-09,151.19973754882812,153.20172648114232,151.08196292373444,152.59328165383056,57305700
2021-09-10,146.19473266601562,152.58344783541474,145.92975849599713,152.11239429112135,140893200
2021-09-13,146.76394653320312,148.5991043920851,145.97884721713058,147.82382836372247,102404300
2021-09-14,145.360595703125,148.25565069827465,144.17314576723558,147.54906273042073,109296300
2021-09-15,146.25364685058594,146.6560123561671,143.64319768326396,145.79240150994914,83281300
2021-09-16,146.01809692382812,146.19475138463315,144.4773531646783,145.67462626455162,68034100
2021-09-17,143.33897399902344,146.04756618473306,143.04455985172558,146.04756618473306,129868800
2021-09-20,140.27708435058594,142.141682080616,138.63819761482773,141.12106347538898,123478900
2021-09-21,140.7579345703125,141.9061509958665,140.12004986680236,141.24861971901947,75834000
2021-09-22,143.1328887939453,143.70207048798758,141.0229333023473,141.75896115358555,76404300
2021-09-23,144.09463500976562,144.33997763935906,142.9268016969767,143.91798052970498,64838200
2021-09-24,144.18292236328125,144.7226790220036,142.8482581592234,142.94640117881744,53477900
2021-09-27,142.6617889404297,143.24080877055397,141.1406770273248,142.75993195557527,74150700
2021-09-28,139.26629638671875,142.05338511565432,139.0503936707916,140.58132931134702,108972300
2021-09-29,140.16912841796875,141.75894358779652,139.3840291456937,139.81583449417113,74602000
2021-09-30,138.86392211914062,141.69027387708846,138.64801941682376,140.9836859376015,89056700
2021-10-01,139.9924774169922,140.25745160999782,136.51843289284824,139.25644963882814,94639600
2021-10-04,136.54788208007812,139.56069651109203,135.69409459126777,139.11906783458025,98322000
2021-10-05,138.48118591308594,139.59013932235956,136.76378761176298,136.89137056313777,80861100
2021-10-06,139.3546142578125,139.50181384644353,135.79223446768353,136.87174803273044,83221100
2021-10-07,140.62057495117188,141.53325731976742,140.06120154260262,140.3948639248738,61732700
2021-10-08,140.2378387451172,141.49399178970734,139.90417636832538,141.34679220421845,58773200
2021-10-11,140.14952087402344,142.11226190434272,139.16815035886378,139.61958738462852,64452200
2021-10-12,138.8737335205078,140.58132357465212,138.41248818935148,140.56169197186182,73035900
2021-10-13,138.28489685058594,138.76575872878743,136.60674699681144,138.60875085656076,78762700
2021-10-14,141.0818328857422,141.19960754110554,138.87374902289935,139.46257737613493,69907100
2021-10-15,142.14166259765625,142.20054241639374,140.8364383757292,141.09160422295378,67940300
2021-10-18,143.81983947753906,144.1044303133813,140.4929943196034,140.77758515544568,85589200
2021-10-19,145.9886474609375,146.39101289718135,143.81982737932438,144.2712493533105,76378900
2021-10-20,146.47935485839844,146.96023179232097,145.36059309181522,145.92978977650145,58418800
2021-10-21,146.69522094726562,146.85224378133293,145.11521424395232,146.03770467594566,61421000
2021-10-22,145.91998291015625,147.38221538017035,145.87091138995885,146.90135341600217,58883400
2021-10-25,145.8708953857422,146.5872915835432,144.86989338673706,145.91014361287867,50720600
2021-10-26,146.53823852539062,148.02991078440542,146.23400111612685,146.54804683877686,60893400
2021-10-27,146.07699584960938,146.9405916533393,145.72370189255298,146.57748938272076,56094900
2021-10-28,149.72769165039062,150.3165049156438,146.9307799732344,147.02892300470535,100077900
2021-10-29,147.00926208496094,147.14665331690537,143.68241763510807,144.47732511810955,124953200
2021-11-01,146.18492126464844,146.91112567706168,145.0465281633518,146.21436117463696,74588300
2021-11-02,147.22520446777344,148.7463317156188,145.8807167195942,145.89054000814804,69122000
2021-11-03,148.66783142089844,149.1388850965005,147.02894438379172,147.58831781584547,54511500
2021-11-04,148.1476593017578,149.59025979048718,147.8336136344687,148.75610406397846,60394600
2021-11-05,148.6784210205078,149.58259788595123,147.47940028676322,149.2779313873801,65463900
2021-11-08,147.85281372070312,148.96338536873958,147.57763021441775,148.80613336618327,55020900
2021-11-09,148.21649169921875,148.8258246521251,147.47938958016843,147.61698137586924,56787900
2021-11-10,145.3761749267578,147.54817551221967,145.30738653523977,147.4400666143663,65187100
2021-11-11,145.3270263671875,146.86019613669237,145.14029146001317,146.39829267733833,41000000
2021-11-12,147.41058349609375,147.81352120891913,144.9437391025949,145.8773986754407,63804000
2021-11-15,147.42041015625,149.26808409571646,146.86020539939403,147.78404236912726,59222800
2021-11-16,148.4031982421875,148.8847769331927,146.77174226503004,147.3614298460006,59256200
2021-11-17,150.85037231445312,152.3343988008495,148.39336588218137,148.40318850921466,88807000
2021-11-18,155.15505981445312,155.94130498570996,150.41795852638504,151.06661191740037,137827700
2021-11-19,157.78897094726562,158.25088939976666,153.83810003292044,154.93883421945299,117305600
2021-11-22,158.25091552734375,162.85042556306863,158.23125527180156,158.89955399642577,117467900
2021-11-23,158.63418579101562,159.01747824025801,156.32459347097884,158.34916461294523,96041900
2021-11-24,159.1550750732422,159.35163261820963,156.89462581516804,157.9855374355737,69463600
2021-11-26,154.11328125,157.69068229853394,153.67102305648032,156.82582616349364,76959800
2021-11-29,157.4843292236328,158.41798890304915,156.0592531379974,156.62928057297538,88748200
2021-11-30,162.45729064941406,162.673508444908,157.1698072809554,157.23861066878493,174048100
2021-12-01,161.9364013671875,167.3712989739356,161.7005233258962,164.59978822518326,152052500
2021-12-02,160.9437713623047,161.3762069674829,155.08627542774454,156.0101124031017,136739200
2021-12-03,159.0567626953125,162.1231168797412,156.97322606716216,161.19928007401356,118023100
2021-12-06,162.4769744873047,164.99294738585093,161.4548511245319,161.4646737543423,107497000
2021-12-07,168.23614501953125,168.62927506471814,165.44498918240458,166.17226851871695,120405400
2021-12-08,172.069091796875,172.93396293794615,167.76441134011625,169.16982694435688,116998900
2021-12-09,171.55804443359375,173.7103848403719,170.92905127787418,171.90203139222558,108923700
2021-12-10,176.36390686035156,176.54081910970555,171.6857723262979,172.19683382886083,115402700
2021-12-13,172.7177734375,178.99788287387983,172.51137824635225,178.0052424253983,153237000
2021-12-14,171.3319854736328,174.68334606426572,169.248448682449,172.23616209992724,139380400
2021-12-15,176.2165069580078,176.41306447625462,169.34671147190795,172.09856171649545,131063300
2021-12-16,169.29759216308594,178.0248851678291,167.8135654456889,176.19687149781882,150185800
2021-12-17,168.19686889648438,170.48680119696434,166.77180785012712,167.0076709220657,195432700
2021-12-20,166.83079528808594,167.64652350938445,164.58018320484638,165.38607379928263,107499100
2021-12-21,170.01504516601562,170.22142533588615,166.21158850394502,168.60962950115896,91185900
2021-12-22,172.61944580078125,172.83566356965642,169.18945937305884,170.06415307573488,92135300
2021-12-23,173.24847412109375,173.80867890803833,172.2558487047577,172.82587612087696,68356600
2021-12-27,177.2288055419922,177.3172541822936,174.02487426792013,174.04451952373478,74919600
2021-12-28,176.20668029785156,178.2116060992947,175.45975568348982,177.0617287998104,79144300
2021-12-29,176.29515075683594,177.5236541153346,175.07647002650884,176.2460076232202,62348900
2021-12-30,175.1354217529297,177.46467413151436,175.0273128661905,176.3835852641225,59773000
2021-12-31,174.5162811279297,176.1477221985718,174.21159969660636,175.02732773011687,64062300
2022-01-03,178.87989807128906,179.7349465415521,174.65385883537695,174.77179035001552,104487900
2022-01-04,176.60960388183594,179.79388933782005,176.03957663991667,179.48922296632674,99310400
2022-01-05,171.91183471679688,177.0715485386063,171.63665117934394,176.52118146370043,94537600
2022-01-06,169.0420379638672,172.28528936593767,168.68822844734356,169.72999674700293,96904000
2022-01-07,169.20913696289062,171.14525945761193,168.08874249862777,169.91675609783337,86709100
2022-01-10,169.22877502441406,169.53344141826716,165.27790453846367,166.17225846623543,106765600
2022-01-11,172.069091796875,172.1673630652104,167.88235785704865,169.35656184948618,76138300
2022-01-12,172.51133728027344,174.13295555388092,171.81355583992206,173.09118720876316,74805200
2022-01-13,169.22877502441406,173.58258316228603,168.83564500300932,172.75703261190145,84505800
2022-01-14,170.0936737060547,170.79145523828697,168.14771352583708,168.39341420548664,80440800
2022-01-18,166.87991333007812,169.57278332194957,166.49662084966823,168.56049766865218,90956700
2022-01-19,163.37127685546875,168.13787560571404,163.08627069140266,167.07644696659617,94815000
2022-01-20,161.6808624267578,166.76195044943782,161.3565357449214,164.10838623013277,91420500
2022-01-21,159.61700439453125,163.4695895238368,159.50889548799853,161.59243259966877,122848900
2022-01-24,158.84059143066406,159.50890516515202,152.03959752482095,157.26811587232896,162294600
2022-01-25,157.03219604492188,159.960943553215,154.31966630533267,156.24595097657829,115798400
2022-01-26,156.9437255859375,161.56289410007363,155.10588980390975,160.68820051972952,108275300
2022-01-27,156.48184204101562,161.02238556956317,155.55800513342504,159.65629046052865,121954600
2022-01-28,167.40077209472656,167.42043234611594,160.00026956448573,162.86022878833853,179935700
2022-01-31,171.7742462158203,171.9904639988434,166.59487204384064,167.23370276509192,115541600
2022-02-01,171.607177734375,171.83321815334287,169.3467285555597,171.01749012376968,86213900
2022-02-02,172.81600952148438,172.8553300243515,170.34918033798783,171.7447582622127,84914300
2022-02-03,169.92657470703125,173.20914700397037,169.1599898283705,171.47940471663034,89418100
2022-02-04,169.64122009277344,171.32396054369477,167.9584796418521,168.9425345214472,82465400
2022-02-07,168.92286682128906,171.17634592324976,168.22418123926562,170.1037296917855,77251200
2022-02-08,172.04229736328125,172.55401004838063,168.69650213361186,168.9917215679186,74829200
2022-02-09,173.46920776367188,173.8333032952092,172.11120710909282,173.24287932640442,71285000
2022-02-10,169.37548828125,172.68191263721238,168.81458491651972,171.36328295754743,90865900
2022-02-11,165.95103454589844,170.32024114696839,165.36059553989367,169.58219989720624,98670700
2022-02-14,166.18716430664062,166.87599960086266,163.90415017095245,164.7012320839439,86185500
2022-02-15,170.03482055664062,170.19227292675632,167.5353279968633,168.24384864689935,62527400
2022-02-16,169.7987060546875,170.576102956483,167.33856836921098,169.10987050585183,61177400
2022-02-17,166.18716430664062,169.16884887808143,165.78369827163797,168.30287592792615,69589300
2022-02-18,164.63238525390625,167.82071347120757,163.54008373100112,167.11220776829634,82772700
2022-02-22,161.69992065429688,164.03212613943992,159.56450814551414,162.34938552584524,91162800
2022-02-23,157.51766967773438,163.50071005203375,157.20276491304196,162.90043598288878,90009200
2022-02-24,160.14508056640625,160.25332719300383,149.57632680623354,150.14708038143124,141147500
2022-02-25,162.221435546875,162.48711952478297,158.30488673407692,161.22753061493847,91974200
2022-02-28,162.4871368408203,162.78235630766343,159.84002681342048,160.45998619224247,95056600
2022-03-01,160.59776306152344,163.94355886382843,159.38737969074035,162.0738454702056,83474400
2022-03-02,163.90415954589844,164.69140636238802,160.35172123734418,161.76876250392863,79724800
2022-03-03,163.57943725585938,166.21671212228483,162.91028714997404,165.78372557589515,76678400
2022-03-04,160.5682373046875,162.91029278730187,159.5153063627005,161.8671969888056,83737200
2022-03-07,156.7599334716797,162.38872815867046,156.5040696124171,160.75519357831982,96418800
2022-03-08,154.92958068847656,160.28284087725882,153.31573151528343,156.28758103481016,131148300
2022-03-09,160.3517303466797,160.80440217190915,156.8681828813347,158.9051685561548,91454900
2022-03-10,155.9923858642578,157.83256370946663,153.49287802702014,157.64559087729302,105342000
2022-03-11,152.2628173828125,156.74027038411012,152.03648894987714,156.3958451472846,96970100
2022-03-14,148.2183380126953,151.66253001815127,147.70664029732,149.035105347276,108732100
2022-03-15,152.6170654296875,153.08942257610076,147.98217542358523,148.4938731423045,92964300
2022-03-16,157.04531860351562,157.44878471807237,151.99712715402308,154.54582575293017,102300200
2022-03-17,158.0589141845703,158.4328599010943,155.1165992534624,156.08096897895845,75615400
2022-03-18,161.36534118652344,161.85736870631507,157.21262771824308,157.95066899793053,123511700
2022-03-21,162.7429962158203,163.69753062342352,160.410776006235,160.90280343219604,95811400
2022-03-22,166.1281280517578,166.71855188517935,162.28047042303692,162.87089425645846,81532000
2022-03-23,167.49595642089844,169.88720212485975,164.9767637860135,165.31135379443643,98062700
2022-03-24,171.29440307617188,171.3632790948045,167.49595146128627,168.33238891886882,90131400
2022-03-25,171.93405151367188,172.4851197852727,169.99546240540764,171.10744910627062,80546200
2022-03-28,172.800048828125,172.92796575635768,169.25744513309817,169.42473266654576,90371900
2022-03-29,176.10643005371094,176.15562077474206,173.52819661212067,173.8726217522342,100589400
2022-03-30,174.93545532226562,176.74611285404396,173.88250930234273,175.70301699368227,92633200
2022-03-31,171.82583618164062,175.19130232369773,171.61917803441048,175.00432947989117,103049300
2022-04-01,171.5305938720703,172.09151232886626,169.1983887454629,171.25505972274473,78751300
2022-04-04,175.5947265625,175.64393230157518,171.6585076842211,171.78643960271984,76468400
2022-04-05,172.2686309814453,175.4569739407951,171.638836509714,174.66972709725982,73401800
2022-04-06,169.0901641845703,170.86146610106397,167.4172737694601,169.61171210783138,89058800
2022-04-07,169.3952178955078,170.59576613151657,167.14173867476228,168.43084825224216,77594700
2022-04-08,167.37786865234375,169.04092358061774,166.50206052636017,169.04092358061774,76575500
2022-04-11,163.1070556640625,166.3347536638986,162.861042005444,166.0198639889176,72246700
2022-04-12,164.9866485595703,167.1614014854587,163.98290835466773,165.34090892509556,79265200
2022-04-13,167.68292236328125,168.31271679879137,164.1108138532633,164.72092298955894,70618900
2022-04-14,162.65443420410156,168.53909354843174,162.40842046943686,167.89944882901148,75329400
2022-04-18,162.43795776367188,163.94356063555975,160.96187533903773,161.3062855621602,69023900
2022-04-19,164.7307891845703,165.14410546856962,161.2964470906838,162.38874866299832,67723800
2022-04-20,164.56350708007812,166.1872067765634,163.45153518362264,166.06910997059992,67929800
2022-04-21,163.76638793945312,168.7949082587247,163.2645254279015,166.2166896462883,87227800
2022-04-22,159.2102508544922,165.19330701919603,158.9248815130789,163.80580088958305,84882400
2022-04-25,160.2828826904297,160.56825203269904,155.93336140625067,158.55093628607733,96046400
2022-04-26,154.29981994628906,159.75147779014623,154.22109374803105,159.66291644791357,95623200
2022-04-27,154.07345581054688,157.24209821717469,152.9024282829644,153.42397608702464,88063200
2022-04-28,161.03073120117188,161.89670425341123,156.3958263617354,156.71073111363518,130216800
2022-04-29,155.13624572753906,163.54991794930683,154.7426297819827,159.25943807460507,131747600
2022-05-02,155.44129943847656,155.70698341755673,150.8260801242461,154.21123096519486,123055300
2022-05-03,156.93702697753906,158.14742497424976,153.82742578249116,155.62823252787652,88966500
2022-05-04,163.37277221679688,163.82542898874118,156.7205525613251,157.12401860863298,108256500
2022-05-05,154.270263671875,161.46370131983915,152.479276862281,161.23737293708814,130525300
2022-05-06,154.99952697753906,157.12821179757466,151.94446922447622,153.7479370549887,116124600
2022-05-09,149.85520935058594,153.57055058807703,149.293481863643,152.68359108165603,131577900
2022-05-10,152.2696990966797,154.46737635991622,150.71260627459526,153.26506437118704,115366700
2022-05-11,144.37586975097656,153.1960990593114,143.69587178095387,151.2743754728662,142689800
2022-05-12,140.4929962158203,144.0802186431024,136.78751850070398,140.69995800707954,182602000
2022-05-13,144.97702026367188,145.95267144882655,141.03501714594583,142.49355408899086,113990900
2022-05-16,143.4297637939453,145.38106598701418,142.08948225415682,143.43962842487466,86643800
2022-05-17,147.07611083984375,147.59842494021692,144.55321674293847,146.7016158103138,78336300
2022-05-18,138.77822875976562,145.22339732349553,137.8715547980024,144.72079733304852,109742900
2022-05-19,135.35850524902344,139.6060101724561,134.61937984366847,137.85182041341724,136095600
2022-05-20,135.5950469970703,138.65995498562737,130.68725738522548,137.07329814838306,137426100
2022-05-23,141.0349884033203,141.18280747509044,135.6541486277064,135.792118107207,117726300
2022-05-24,138.32489013671875,139.91154699464488,135.3388239751479,138.7683624803835,104132700
2022-05-25,138.48255920410156,139.73413423560646,136.33415991086508,136.42285136269513,92482700
2022-05-26,141.69528198242188,142.2471599393567,135.1515582804655,135.3979334424933,90601500
2022-05-27,147.47030639648438,147.50971980321964,143.15380903801713,143.28192892561134,90978500
2022-05-31,146.68190002441406,148.47551826509655,144.710898900611,146.90857598068396,103718400
2022-06-01,146.5538330078125,149.5398992781837,145.53875333248308,147.7265663476628,74286600
2022-06-02,149.01756286621094,149.07669050037924,144.73062893844732,145.68656579095972,72348100
2022-06-03,143.2720947265625,145.82453789756687,142.3654358987846,144.770044944171,88570300
2022-06-06,144.0210723876953,146.4158469197131,142.79904610031343,144.89816741340283,71598400
2022-06-07,146.5538330078125,146.83962162801657,142.01067364318868,142.25704884726255,67808200
2022-06-08,145.81468200683594,147.69697680968412,145.32193168448424,146.42568759453718,53950200
2022-06-09,140.5718231201172,145.80482957531117,140.46341743862806,144.9474487547002,69473000
2022-06-10,135.14169311523438,138.71904983013044,135.0727008597942,138.24601378405768,91437900
2022-06-13,129.96783447265625,133.23968891028474,129.53421176750797,130.94347052169286,122207100
2022-06-14,130.83506774902344,131.94868835400084,129.57362805380447,131.19971323419813,84784300
2022-06-15,133.4663543701172,135.34866434133303,130.24377786500034,132.3428841585756,91533000
2022-06-16,128.1742401123047,130.4704589325547,127.16902501936201,130.16495607037353,108123900
2022-06-17,129.65248107910156,131.15044648524733,127.92785470255139,128.18409453109854,134520300
2022-06-21,133.89996337890625,135.07271151353063,131.3869488476208,131.48548988632155,81000500
2022-06-22,133.38751220703125,135.7625572241762,131.96838893721528,132.83561923956722,73409200
2022-06-23,136.2651824951172,136.58053489148253,133.66346131552876,134.83620952437622,72433800
2022-06-24,139.60601806640625,139.85239321545572,137.74342254109405,137.87152739306867,89116800
2022-06-27,139.60601806640625,141.40948596195392,138.92602024902237,140.63093206993196,70207900
2022-06-28,135.4472198486328,141.34050987783795,135.32896457557,140.06922057977073,67083400
2022-06-29,137.21124267578125,138.6303659287056,134.6883635761582,135.46691746181185,66242400
2022-06-30,134.73764038085938,136.36371032139607,131.83041667995218,135.25995448479154,98964500
2022-07-01,136.91561889648438,137.024024585963,133.6930421082137,134.06752218659983,71051600
2022-07-05,139.5074920654297,139.5567701133716,134.94461850939908,135.772450617196,73353800
2022-07-06,140.84776306152344,142.0303609345011,139.0344453204545,139.3005347290775,74064300
2022-07-07,144.22802734375,144.42512446788226,141.20253310502923,141.21238269809453,66253700
2022-07-08,144.9080352783203,145.41065032513728,142.89762020370028,143.1538450057202,64547800
2022-07-11,142.76950073242188,144.51384141572962,141.69530843445892,143.5579044056013,63141600
2022-07-12,143.74514770507812,146.2975911754457,142.94689446077814,143.64659160977368,77588800
2022-07-13,143.3804931640625,144.32656535504097,140.05934579014044,140.91674157030096,71185600
2022-07-14,146.31729125976562,146.79032738889836,141.17297636311127,141.99094375492155,78140700
2022-07-15,147.99264526367188,148.67264318460957,146.05120759050547,147.6083005741264,76259900
2022-07-18,144.93760681152344,149.37236031781808,144.57296129769512,148.5543928665957,81420900
2022-07-19,148.81063842773438,149.0372994280704,144.77994328728008,145.7752937996692,82982400
2022-07-20,150.82101440429688,151.49116267268522,148.18972944635095,148.9288549414216,64823400
2022-07-21,153.09754943847656,153.31436080918664,149.73698823001865,152.25986777550145,65086600
2022-07-22,151.8557891845703,154.01403798046638,151.18565597102892,153.13694301712763,66675400
2022-07-25,150.73233032226562,152.7920231935369,150.07204665223094,151.7769586670234,53623900
2022-07-26,149.4019317626953,150.8703183745743,148.61352809160934,150.05235088160816,55138700
2022-07-27,154.51663208007812,155.04881082380393,149.9537745387539,150.36768298523742,78620700
2022-07-28,155.0685272216797,155.35431578247076,152.17115301810267,154.70388176992367,81378700
2022-07-29,160.15370178222656,161.25747271207914,157.18735030288008,158.90212681060993,101786900
2022-08-01,159.16819763183594,161.21804069901455,158.5571920674769,158.67544732830873,67829400
2022-08-02,157.68994140625,160.05515180598763,157.31546141372255,157.77864788642987,59907000
2022-08-03,163.7212371826172,164.17455908657996,158.41923856963987,158.50793002421338,82507500
2022-08-04,163.40585327148438,164.76584892141557,162.04585762155315,163.60295038541236,55474100
2022-08-05,163.17889404296875,163.6723288419394,160.85974446443265,161.06699370571175,56697000
2022-08-08,162.70516967773438,165.60656841764427,162.04396891961866,164.18547392802034,60276900
2022-08-09,162.7545623779297,163.64275421535987,161.10649165166032,161.8663855989373,63135500
2022-08-10,167.01780700683594,167.11648492615134,164.70852083002953,165.47827786948693,70170500
2022-08-11,166.2776641845703,168.74483818248612,165.9816002931334,167.8270416248752,57149200
2022-08-12,169.8402557373047,169.9093287754835,167.17569590306383,167.59019436587388,68039400
2022-08-15,170.91595458984375,171.11332550526615,169.10011807446065,169.26788410549148,54091700
2022-08-16,170.758056640625,171.4291358420734,169.40605002056787,170.5113392247935,56377100
2022-08-17,172.25808715820312,173.83706944158646,170.3040896179902,170.50146052110878,79542000
2022-08-18,171.86331176757812,172.60346386831435,170.846837420575,171.468570003892,62290100
2022-08-19,169.2678680419922,171.45871962967124,169.06061881248345,170.75803562921558,70346300
2022-08-22,165.3697509765625,167.62967580149297,164.94538920566245,167.461909771558,69026800
2022-08-23,165.03419494628906,166.49477276056035,164.46180878530728,164.88617053329148,54147100
2022-08-24,165.3302459716797,165.90263208814247,164.0670542175665,165.12301180960134,53841500
2022-08-25,167.79742431640625,167.9059805666135,166.13949074062336,166.56383740879377,51218200
2022-08-26,161.4716033935547,168.80405254539968,161.4123936253421,168.3303593412636,78961000
2022-08-29,159.26100158691406,160.7610323552504,157.72148760663381,159.03401076431982,73314000
2022-08-30,156.82347106933594,160.42553952970596,155.64909369131306,160.0011927774789,77906200
2022-08-31,155.1556396484375,158.47152210531658,155.07668827346,158.20506309707196,87991100
2022-09-01,155.88592529296875,156.3398768664933,152.6391159459931,154.58325022090398,74229900
2022-09-02,153.76416015625,158.25442014549628,152.93519325134068,157.6524290472663,76957800
2022-09-06,152.50096130371094,155.02734512371137,151.67199443622994,154.41549077748996,73714800
2022-09-07,153.91220092773438,154.61286996329966,151.59305117128892,152.78717010211398,87449600
2022-09-08,152.43186950683594,154.3069155323693,150.6752279441013,152.60949878868428,84923800
2022-09-09,155.3036346435547,155.74773792597443,152.71804160121783,153.42858878297076,68028800
2022-09-12,161.28408813476562,162.10319169268726,157.20832701154205,157.49451256385936,104956000
2022-09-13,151.82000732421875,158.4320302699307,151.35617743298022,157.80043436290458,122656600
2022-09-14,153.27072143554688,155.037226524522,151.5930460586156,152.75754500619573,87965400
2022-09-15,150.3693389892578,153.20166541150382,149.39234757415474,152.61940081458968,90481100
2022-09-16,148.72125244140625,149.36272674550892,146.4218443622924,149.22456559759132,162278800
2022-09-19,152.4516143798828,152.530565756339,147.142266074514,147.34950026158054,81474200
2022-09-20,154.83982849121094,156.00434240653766,151.06999458899193,151.3857850189289,107689800
2022-09-21,151.70159912109375,156.6556888275703,151.5831795854477,155.27406232514645,101696800
2022-09-22,150.73448181152344,152.44176215818038,148.9285084725313,150.37920812092767,86652500
2022-09-23,148.4547576904297,149.4811103065939,146.60931671774625,149.2047880772648,96029900
2022-09-26,148.79034423828125,151.7509532458143,147.67517669341092,147.69491830315658,93339400
2022-09-27,149.76731872558594,152.68845924345578,147.98108723466274,150.7344617346572,84442700
2022-09-28,147.8725128173828,148.66201137862302,142.93816563267225,145.7014030677967,146691400
2022-09-29,140.6091766357422,144.79350916804302,138.83280834097133,144.18165483368003,128138200
2022-09-30,136.3853759765625,141.2210460611346,136.18800506786133,139.42493615755308,124925300
2022-10-03,140.57955932617188,141.19142866488522,135.88206585827712,136.39524222216883,114311700
2022-10-04,144.181640625,144.30006014683647,142.36578929238382,143.12568302717952,87830100
2022-10-05,144.47769165039062,145.44483462169993,141.13220458118386,142.17829892107557,79471000
2022-10-06,143.52044677734375,145.60274235287363,143.31321258240413,143.895462065149,68402200
2022-10-07,138.25054931640625,141.2210362492612,137.61895341738395,140.66837666148692,85925600
2022-10-10,138.57623291015625,140.0269324842531,136.75053311295184,138.57623291015625,74899000
2022-10-11,137.1551055908203,139.49399631870364,136.40509026460117,138.06302363574838,77033700
2022-10-12,136.52354431152344,138.51702522883681,136.3459150018641,137.3031797708572,70433700
2022-10-13,141.11248779296875,141.7046005106399,132.6056617056489,133.21753108987443,113224000
2022-10-14,136.56300354003906,142.62238154840435,136.37549592938134,142.41513233177395,88598000
2022-10-17,140.5401153564453,141.0236718643574,138.42821483436188,139.2177135934962,85250900
2022-10-18,141.8625030517578,144.77376532008952,138.76373315265158,143.57966155321216,99136600
2022-10-19,141.97105407714844,143.0467382727137,139.6420413366173,139.82954896048238,61758300
2022-10-20,141.50723266601562,143.97440668910568,140.77694373414428,141.14209572929755,64522000
2022-10-21,145.3363037109375,145.90868993912767,140.77695549561207,140.99406803245788,86548600
2022-10-24,147.4876708984375,148.25742804538453,144.08297350872007,145.25735083913412,75981900
2022-10-25,150.3397216796875,150.48776116501867,147.39885428402872,148.1192649256449,74732300
2022-10-26,147.38897705078125,149.9943121264643,146.09616525843597,148.9778376688811,88194300
2022-10-27,142.89871215820312,147.09290769599798,142.2375113745511,146.12577976482095,109180200
2022-10-28,153.695068359375,155.4319533375391,145.87906336998515,146.25406355734995,164762400
2022-10-31,151.32656860351562,152.21476020669766,149.92521569193562,151.14893931793952,97943200
2022-11-01,148.67190551757812,153.4088828100258,147.17187450407766,153.04374586124993,80379300
2022-11-02,143.12571716308594,150.17196650314528,143.09611227556596,146.99424473621292,93604600
2022-11-03,137.05642700195312,140.9249532404364,136.92812916133795,140.19466446387372,97918500
2022-11-04,136.78956604003906,141.03025327243037,132.83553912246873,140.45691755937278,140814800
2022-11-07,137.32333374023438,137.55068603269024,134.11068732115655,135.5341392248018,83374600
2022-11-08,137.89669799804688,139.80450887367877,135.90980476875018,138.79624280214017,89908500
2022-11-09,133.3199005126953,136.95761319516816,133.04311982943733,136.90818484099725,74917800
2022-11-10,145.18197631835938,145.18197631835938,137.8966866598679,139.61669377296678,118854000
2022-11-11,147.97943115234375,148.285865777023,142.7106893014463,144.14403590087628,93979700
2022-11-14,146.57577514648438,148.55278858529147,145.73553840162515,147.2578471962193,73374100
2022-11-15,148.3155059814453,151.8247070106205,146.85252061085998,150.4704579564348,89868300
2022-11-16,147.0799102783203,148.14749936078283,145.59715017769167,147.4160140311921,64218300
2022-11-17,148.9877166748047,149.7389762643868,144.47023425105218,144.74701489370946,80389400
2022-11-18,149.55116271972656,150.94496070019653,148.246341800127,150.5594437144723,74829600
2022-11-21,146.30886840820312,148.6417447784354,146.02220810744817,148.43416682216127,58724100
2022-11-22,148.4539031982422,148.6911501950918,145.24125698087363,146.42747688170903,51804100
2022-11-23,149.333740234375,150.08500002626616,147.6236124875716,147.73234884671274,58301400
2022-11-25,146.40771484375,147.16886915801885,145.4290878682615,146.6054131493823,35195900
2022-11-28,142.5624237060547,144.95460787890806,141.73208177830335,143.47184797217477,69246000
2022-11-29,139.54747009277344,143.14563338917574,138.7369025521412,142.63160575157164,83763800
2022-11-30,146.32864379882812,147.01071582680532,138.9346179969114,139.7748396315525,111380900
2022-12-01,146.60540771484375,147.4159903463265,144.92494955414173,146.50656610739853,71250400
2022-12-02,146.1111602783203,146.29897894842466,143.9759823709456,144.28243209151336,65447400
2022-12-05,144.94471740722656,149.1854037867597,144.09460118758193,146.0716142487636,68826400
2022-12-06,141.2675018310547,145.6070458162454,140.28887472844136,145.37969348940564,64727200
2022-12-07,139.3201446533203,141.72220883121116,138.3909458890047,140.55577809875786,69721100
2022-12-08,141.01046752929688,141.87047857115377,139.47829428917862,140.7238072376209,62128300
2022-12-09,140.52610778808594,143.89691905591846,139.28057976630063,140.7040317435328,76097000
2022-12-12,142.82933044433594,142.83921008074833,139.4387448115005,141.0598951045821,70462700
2022-12-13,143.79806518554688,148.24634516014598,142.58220621584587,147.78174582279246,93886200
2022-12-14,141.5640411376953,144.9743859949628,139.5375995292449,143.67944472283807,82291200
2022-12-15,134.93115234375,140.17024039649047,134.46655303010576,139.48816842184618,98931900
2022-12-16,132.96401977539062,136.06792995299983,132.19298581991796,135.1189720463015,160156900
2022-12-19,130.8486328125,133.64610870665976,129.81071279854106,133.55714671976315,79592600
2022-12-20,130.7794189453125,131.71849714656037,128.39711455138564,129.87987436917055,77432800
2022-12-21,133.8932342529297,135.23760401600552,131.2242690848365,131.45162141055363,85928000
2022-12-22,130.71022033691406,133.0134424692819,128.802409885042,132.80586453500828,77852100
2022-12-23,130.34451293945312,130.89807435826336,128.1500265410144,129.41531409355704,63814900
2022-12-27,128.53549194335938,129.8996356652832,127.2405509126804,129.8699816785815,69007800
2022-12-28,124.59139251708984,129.52403912125024,124.42334817846398,128.17966932882732,85438400
2022-12-29,128.1203155517578,128.98031129604956,126.2619262283254,126.51893246318906,75703700
2022-12-30,128.43666076660156,128.45643512279935,125.9654017030859,126.93414153068441,77034200
2023-01-03,123.63252258300781,129.39551044224086,122.74286511723291,128.7826411649236,112117500
2023-01-04,124.90769958496094,127.18126787275598,123.64241229292817,125.4316068972832,89113600
2023-01-05,123.58309173583984,126.30148488412831,123.32608545003059,125.66884126386319,80962700
2023-01-06,128.13023376464844,128.79253144434853,123.45460129199294,124.5617315121944,87754700
2023-01-09,128.65415954589844,131.87670150653418,128.39715319682298,128.97048897560737,70790800
2023-01-10,129.2274627685547,129.7513700565325,126.64745995571087,128.76286346285156,63896200
2023-01-11,131.95574951171875,131.97550878336855,128.96057576470602,129.7414893304502,69458900
2023-01-12,131.87667846679688,132.71690008626126,129.92931912019301,132.34127780837738,71379600
2023-01-13,133.2111358642578,133.369300530634,130.14677464113623,130.51251723414498,57809700
2023-01-17,134.37757873535156,135.7120534872366,132.58838434758803,133.28033589487055,63646600
2023-01-18,133.656005859375,137.016922815115,133.47806679892827,135.2475023487297,69672800
2023-01-19,133.71530151367188,134.68403382720132,132.23254150823482,132.53897616267878,58280400
2023-01-20,136.285400390625,136.4336854309728,132.67735732670167,133.72517191147224,80223600
2023-01-23,139.48822021484375,141.67282727208143,136.31510617998924,136.5325789217385,81760300
2023-01-24,140.891845703125,141.51460969317372,138.68748018952127,138.6973598255773,66435100
2023-01-25,140.2295684814453,140.79300948686725,137.21461987031523,139.2707157250627,65799300
2023-01-26,142.305419921875,142.59208020551668,140.26908361074402,141.52449124388164,54105100
2023-01-27,144.2527618408203,145.5378234459024,141.43552706245464,141.51460940098116,70555800
2023-01-30,141.3564453125,143.87714018615392,141.208175354279,143.29392490593287,64015300
2023-01-31,142.63160705566406,142.68103540109175,140.64471427014323,141.05988522159177,65874500
2023-02-01,143.75852966308594,144.9249754734958,139.69578139358237,142.31531825228282,77663600
2023-02-02,149.0865936279297,149.44244157391893,146.46704171932092,147.18864741549214,118339000
2023-02-03,152.7242889404297,155.57119313377925,146.13095089780094,146.32864922602454,154357300
2023-02-06,149.98611450195312,151.3403789118004,149.04703617157855,150.81647157748358,69858300
2023-02-07,152.87255859375,153.4458943027817,148.9086520667493,148.9086520667493,83322600
2023-02-08,150.17393493652344,152.80336635897712,149.43255491704016,152.11141469080906,64120100
2023-02-09,149.13600158691406,152.55624141902396,148.6911765868534,152.0125597152097,56007100
2023-02-10,149.50230407714844,149.8290111554016,147.73018216274517,147.9677914305051,57450700
2023-02-13,152.31393432617188,152.71982931648995,149.4131802253171,149.4428794903052,62199000
2023-02-14,151.67042541503906,152.2347417014366,149.35379194828116,150.60120648274088,61707600
2023-02-15,153.7791748046875,153.94747569846558,151.3536388197947,151.58133825179516,65573800
2023-02-16,152.1753387451172,154.76917536637725,151.81893244470842,151.97732349543472,68167900
2023-02-17,151.0269317626953,151.47243590583543,149.34390771836374,150.8289315997935,59144100
2023-02-21,146.99755859375,149.7894107206676,146.92826533516197,148.70038717333577,58867200
2023-02-22,147.42327880859375,148.4528887502369,145.69075089528818,147.3836697109664,51011300
2023-02-23,147.90838623046875,148.83900369928494,145.76996312428713,148.59149969615066,48394200
2023-02-24,145.2452392578125,145.720442659753,144.26511807901926,145.64123957502227,55469600
2023-02-27,146.4431610107422,147.6806809778149,145.97785229460726,146.23526611588312,44998500
2023-02-28,145.93824768066406,147.59157242356576,145.36403664496177,145.58184135182967,50547000
2023-03-01,143.85922241210938,145.76005131760687,143.56221459109048,145.3640509605452,55479000
2023-03-02,144.4532470703125,145.24526294031543,142.4633051197938,142.9385237056633,52238100
2023-03-03,149.5220947265625,149.60129780845313,145.85903905116976,146.56194185497878,70732300
2023-03-06,152.29417419433594,154.73951510110595,151.92787308169673,152.25456509183923,87558000
2023-03-07,150.08639526367188,152.49212630946155,149.62108664794076,152.16541929587746,56182000
2023-03-08,151.34371948242188,151.93773504020743,150.31410963622918,151.28432094793195,47204800
2023-03-09,149.0865020751953,152.99706215582498,148.73009571987657,152.02685072996366,53833600
2023-03-10,147.01734924316406,149.43299026055394,146.1362357677826,148.71028294188977,68572400
2023-03-13,148.9676971435547,151.6110378452132,146.2253488070177,146.33425116280637,84457100
2023-03-14,151.06654357910156,151.86845415267095,148.60141331315802,149.76962498664284,73695900
2023-03-15,151.46255493164062,151.71995365613,148.42319852737018,149.68052309089944,77167900
2023-03-16,154.29397583007812,154.89788610113325,150.1260024664939,150.64081493684654,76161100
2023-03-17,153.4524688720703,155.17510202547024,152.7396561952458,154.52168788730708,98944600
2023-03-20,155.8284912109375,156.24431116818113,152.61093964757077,153.52176753764005,73641400
2023-03-21,157.6897430419922,157.80854012474336,154.97709383642948,155.7493201936468,73938300
2023-03-22,156.2542266845703,160.5211932163919,156.23442213481738,157.70955140928402,75701800
2023-03-23,157.3432159423828,159.93706781022715,156.10569609721924,157.24422341863578,67622100
2023-03-24,158.6500701904297,158.73916800835937,156.27403774029648,157.27394850099208,59196500
2023-03-27,156.6997528076172,159.1648984247364,156.2938425662838,158.34318321903,52390300
2023-03-28,156.07598876953125,156.90761354343223,154.4226641545453,156.39280108462546,45992200
2023-03-29,159.16485595703125,159.44205919265104,157.75903523168998,157.778824672489,51305700
2023-03-30,160.73899841308594,160.84790077737682,159.659884598305,159.9172833200629,49501700
2023-03-31,163.25360107421875,163.3526086978247,160.29346346957524,160.81817064051347,68749800
2023-04-03,164.51095581054688,164.62975289569243,162.58042764470542,162.62993146566447,56976200
2023-04-04,163.97634887695312,165.17425973324032,163.46153634610226,164.9366655701128,46278300
2023-04-05,162.125,163.40212898364032,160.1845772758085,163.0952264685397,51511700
2023-04-06,163.01602172851562,163.31302951982073,160.3825758088242,160.80827539475462,45390100
2023-04-10,160.41229248046875,160.41229248046875,158.48176428720794,159.80838211165943,47716900
2023-04-11,159.19456481933594,160.7389872555695,158.90745173956898,160.72909253457362,47644200
2023-04-12,158.50155639648438,160.441979159197,158.18474404786926,159.61036940374873,50133100
2023-04-13,163.9070281982422,164.1446374499689,159.8083630212289,160.01627300479524,68445600
2023-04-14,163.56053161621094,164.6594498569072,162.18441013519882,162.9467114928456,49386500
2023-04-17,163.580322265625,163.73872843453088,162.39230621171848,163.4417206444433,41516200
2023-04-18,164.80795288085938,165.73857027099072,163.99613256812546,164.4416518212544,49923000
2023-04-19,165.9563751220703,166.48108235627174,163.8872303481945,164.14464415802902,47720200
2023-04-20,164.9861602783203,166.19398100625685,163.90704646438456,164.43175373561738,52456400
2023-04-21,163.3724365234375,164.78815208279067,162.8477292777316,163.40213579346278,58337300
2023-04-24,163.67933654785156,163.94664508043508,162.25371118266517,163.35262947612597,41949600
2023-04-25,162.13490295410156,164.64953661232676,162.09529385976796,163.54072367407858,48714100
2023-04-26,162.125,163.6298284131595,161.1745931859106,161.43199188421733,45498800
2023-04-27,166.72857666015625,166.8770729984066,163.54072434320634,163.54072434320634,64902300
2023-04-28,167.9858856201172,168.15420161173702,166.20386913874557,166.80777942388167,55209200
2023-05-01,167.89678955078125,168.74820381228082,166.9562774855819,167.58988704485296,52472900
2023-05-02,166.8572998046875,168.6492415594711,165.86728374647268,168.3918277162097,48425700
2023-05-03,165.77816772460938,169.21352427793394,165.4910697460863,167.8077034423993,65136000
2023-05-04,164.13475036621094,165.3722703991822,162.66953087697775,163.2437419850499,81235400
2023-05-05,171.8370819091797,172.55978934902075,169.0551242996228,169.27292902501793,113316400
2023-05-08,171.76776123046875,172.1142728432519,170.39163971305302,170.75794076749395,55962800
2023-05-09,170.0550537109375,171.80737116626167,169.88675280256177,171.3222729910744,45326900
2023-05-10,171.82716369628906,172.29247239543182,170.18373361448457,171.29256173687202,53724500
2023-05-11,172.0152587890625,172.8468685009711,170.45103188917147,172.11426641943214,49514700
2023-05-12,171.08335876464844,172.5605130962495,169.52687667093326,172.12430116865193,45497800
2023-05-15,170.58766174316406,171.71784028672823,169.99282456135643,171.6682680003546,37266700
2023-05-16,170.58766174316406,171.6484360603376,170.31998349861684,170.50834911043384,42110300
2023-05-17,171.20233154296875,171.4402543357864,168.9518826544196,170.23077817517168,57951600
2023-05-18,173.54202270507812,173.73038835732433,171.09329948055986,171.50967954625827,65496700
2023-05-19,173.6510772705078,174.8704771258384,173.43297126355876,174.8704771258384,55772400
2023-05-22,172.69932556152344,173.20494177332736,171.95578654636702,172.481219573557,43570900
2023-05-23,170.08206176757812,171.88639029719062,169.80447509030535,171.6385439691014,50747300
2023-05-24,170.35968017578125,170.9346855793286,169.05105918594487,169.6161410530231,45143500
2023-05-25,171.499755859375,172.4019050243478,170.21095188854838,170.92475054539574,56058300
2023-05-26,173.91871643066406,174.2557989304357,171.61871039409903,171.82690796374212,54835000
2023-05-30,175.7726287841797,177.44807247659148,175.04892170114425,175.43556138959772,55964400
2023-05-31,175.72303771972656,177.80495282122013,175.2372534954211,175.80235035598085,99625300
2023-06-01,178.53857421875,178.56831456742498,175.4057930547119,176.16916396782793,68901800
2023-06-02,179.39117431640625,180.21402596420296,177.71573067078862,179.4704869589175,61945900
2023-06-05,178.03298950195312,183.35672418608127,176.50624753561252,181.05671795588958,121946500
2023-06-06,177.66616821289062,178.56831734898336,175.90148844243106,178.41961560329207,64848400
2023-06-07,176.28814697265625,179.64894264257165,175.79245430672572,176.90280103766142,61944600
2023-06-08,179.0144500732422,179.28211321134853,175.93124119908015,176.36743802214428,50214900
2023-06-09,179.40109252929688,180.6601409825454,179.0739335613958,179.93643394119178,48870700
2023-06-12,182.20668029785156,182.30582486935572,179.4109818840196,179.70840047119435,54274900
2023-06-13,181.73085021972656,182.56361030209754,180.86834978636662,181.22524912557424,54929100
2023-06-14,182.36534118652344,182.8015531826157,180.45197462688512,181.79033583961464,57462900
2023-06-15,184.40757751464844,184.91319370821412,182.19679249165128,182.37524971506843,65433200
2023-06-16,183.3269805908203,185.37915556544473,182.68258615200966,185.12138568804832,101235600
2023-06-20,183.4162139892578,184.4968356108102,182.8213918043196,182.8213918043196,49799100
2023-06-21,182.37525939941406,183.8127651610623,181.01705115534045,183.30714894064778,49515700
2023-06-22,185.3890380859375,185.4386103729254,182.08772345340466,182.15712768065538,51245300
2023-06-23,185.07180786132812,185.94423180057566,183.41619616013958,183.95155271461957,53079300
2023-06-26,183.67398071289062,186.4300309660094,183.63431682484148,185.22053954530654,48088700
2023-06-27,186.43994140625,186.7671004131867,184.0705308354124,184.28863684003687,50730800
2023-06-28,187.61968994140625,188.2640844107442,185.9839100562617,186.31105393141783,51216800
2023-06-29,187.95677185058594,188.43264777856612,187.31237733154154,187.4511706953669,46347300
2023-06-30,192.2990264892578,192.80462759541973,189.6123654098311,189.97918829297507,85069600
2023-07-03,190.80201721191406,192.20978249103928,190.10803541561756,192.11063791232868,31458200
2023-07-05,189.6817626953125,191.31754248795588,188.97787243386384,189.91970062749374,46920300
2023-07-06,190.15762329101562,190.365820872437,187.57010689891024,188.204592923582,45094300
2023-07-07,189.03733825683594,191.01020041329645,188.60114143984475,189.76106040417397,46778000
2023-07-10,186.98519897460938,188.35331565327752,185.42871665150543,187.62959342704087,59922200
2023-07-11,186.4597625732422,187.66925393721883,184.99251645839882,187.53046059023825,46638100
2023-07-12,188.1352081298828,190.04857465553215,186.84640410814296,188.04597194874682,60750200
2023-07-13,188.89854431152344,189.54295381895912,188.1450969456968,188.85889555641208,41342300
2023-07-14,189.0472869873047,189.53305615859267,187.99642086899894,188.59124304090398,41573900
2023-07-17,192.31881713867188,192.64597606441495,190.15758957303703,190.24681060896586,50520200
2023-07-18,192.06106567382812,192.65590289157154,190.76235338000512,191.68434955477355,48353800
2023-07-19,193.41928100585938,196.52230675519328,190.99037488225764,191.4365103758755,80507300
2023-07-20,191.46624755859375,194.777470825343,190.84166997972974,193.40935427253197,59581200
2023-07-21,190.2864990234375,193.29039530573385,189.58260879656223,192.42789492586837,71917800
2023-07-24,191.08953857421875,193.2309346993088,190.59384586715203,191.74385657810865,45377800
2023-07-25,191.9520263671875,192.7649696142135,191.25805964859208,191.66453127210508,37283200
2023-07-26,192.824462890625,193.9546416567155,191.65463536403175,192.001611182289,47471900
2023-07-27,191.5554656982422,195.50117489112708,190.89123937354253,194.33134751765755,47460200
2023-07-28,194.1429901123047,194.9361013981904,192.46754649179775,192.99297950413737,48291400
2023-07-31,194.7576446533203,194.7973085377491,193.57789369266726,194.37100498050742,38824100
2023-08-01,193.9248809814453,195.0352276872512,193.59772201405482,194.54945856713078,35175100
2023-08-02,190.92100524902344,193.49859825449514,190.19729813092133,193.3598049013339,50389300
2023-08-03,189.52313232421875,190.71279169853844,189.04727159995883,189.91969553388512,61235200
2023-08-04,180.42221069335938,185.7657766923876,180.3528064633521,183.92179948550063,115799700
2023-08-07,177.30926513671875,181.55239296699656,175.8221872019764,180.5610076771683,97576100
2023-08-08,178.25108337402344,178.71703568412062,176.05020675575068,178.14203038384454,67823000
2023-08-09,176.6549530029297,179.3713391045639,175.48511045638642,179.31185840559957,60378500
2023-08-10,176.43682861328125,179.19287831156532,176.07002092304583,177.93381484794008,54686900
2023-08-11,176.4964141845703,177.32037701982404,175.26544597344693,176.02984778529373,51988100
2023-08-14,178.1542510986328,178.38257337135477,176.01988546515963,176.67508692368253,43675600
2023-08-15,176.15887451171875,178.174103062697,175.76179096239193,177.57847773870674,43622600
2023-08-16,175.28529357910156,177.24094603057796,175.2157956243564,175.84121662599503,46964900
2023-08-17,172.73397827148438,176.2184341041098,172.21775754332145,175.85113106656488,66062900
2023-08-18,173.22042846679688,173.82599075554495,170.70883778094841,171.04636032936088,61114200
2023-08-21,174.5605926513672,174.84849110751958,172.47588124297116,173.79620604217206,46311900
2023-08-22,175.9404754638672,176.38719824747957,174.96761015656983,175.77171419662545,42084200
2023-08-23,179.80218505859375,180.2290643006026,177.032491470534,177.2211114741355,52722800
2023-08-24,175.09666442871094,179.78232293288016,174.72934624726201,179.35544373491686,54945800
2023-08-25,177.31044006347656,177.84650437604776,174.54074667761984,176.08939374478845,51449600
2023-08-28,178.8789825439453,179.27606617931616,177.25091540249335,178.77970406121776,43820700
2023-08-29,182.78036499023438,183.55468861261488,178.19398428109324,178.3925260808221,53003900
2023-08-30,186.28465270996094,186.48320962835405,183.39583737964136,183.59437915026834,60813900
2023-08-31,186.50308227539062,187.74398746995786,186.11592046059639,186.4733017625425,60794500
2023-09-01,188.0814971923828,188.538141753245,186.91007498628073,188.11127770079705,45732600
2023-09-05,188.31973266601562,188.59769416370813,186.2449432197517,186.91006645692772,45280000
2023-09-06,181.57916259765625,187.47594597496703,180.14963751857883,187.02920802693,81755800
2023-09-07,176.26809692382812,176.9133767073295,172.27734161590178,173.90540860928058,112488800
2023-09-08,176.88356018066406,178.92858440411607,176.4963984153427,177.05233659559462,65551300
2023-09-11,178.05499267578125,178.98815574028976,176.04968578063105,178.75983344187836,58953100
2023-09-12,175.01727294921875,178.81940831086655,173.54804542949864,178.18406545251986,90370200
2023-09-13,172.94247436523438,176.00998823848755,172.7141369128852,175.22572770658326,84267900
2023-09-14,174.46133422851562,174.81871550108795,172.3170465930817,172.73398888645488,60895800
2023-09-15,173.73663330078125,175.2157976120051,172.55530438661506,175.1959388893145,109205100
2023-09-18,176.67510986328125,178.07485448429676,174.8882034479176,175.19594549627539,67257600
2023-09-19,177.76710510253906,178.32302815377042,175.84121799808253,176.22837977645918,51826900
2023-09-20,174.21315002441406,178.3925098170354,174.1237933470795,177.95570880879336,58436200
2023-09-21,172.66448974609375,175.01725608596104,172.59500693822505,173.27998896827123,63047900
2023-09-22,173.5182342529297,175.79158086544706,172.7836281326413,173.39911221131908,56725400
2023-09-25,174.79885864257812,175.6823824720043,172.88289328236814,172.93253251615403,46172700
2023-09-26,170.70884704589844,173.92526351342306,170.4110267791137,173.54803864674588,64588900
2023-09-27,169.18995666503906,171.78096710415326,167.8200077433672,171.36402481079512,66921800
2023-09-28,169.4480743408203,170.77832096236608,166.40040416763804,168.1078907839796,56294400
2023-09-29,169.96429443359375,171.81076180692196,169.10061419351356,170.76839850543928,51814200
2023-10-02,172.48582458496094,173.03182590816493,169.68633515386165,169.97423364599135,52164500
2023-10-03,171.1456298828125,172.366691440067,169.57713912474932,171.0066491138284,49594600
2023-10-04,172.39646911621094,172.94247039530038,169.7260388902924,169.8451609338146,53020300
2023-10-05,173.63739013671875,174.1734545294483,171.42360430666272,172.52552875349963,48527900
2023-10-06,176.1986083984375,176.69497045530053,171.91995474415313,172.53545399514545,57224100
2023-10-09,177.6876983642578,177.7472593887107,174.52090595018925,175.52355187327169,42390800
2023-10-10,177.09205627441406,178.4123811800482,176.65525523522464,176.8041729428218,43698000
2023-10-11,178.49180603027344,178.54144526755815,176.3078159196626,176.90344132377368,47551100
2023-10-12,179.3951873779297,181.01331743803624,177.73732472140046,178.759844529376,56743100
2023-10-13,177.5487060546875,180.60628286156256,176.84386529966793,180.09999903884182,51427100
2023-10-16,177.4196319580078,177.77701319881453,175.22570528432323,175.46396449411634,52517000
2023-10-17,175.86105346679688,177.12181720914745,173.52816111664285,175.3646914585386,57549400
2023-10-18,174.5605926513672,176.28793794498117,173.83590833900334,174.30248985254676,54764400
2023-10-19,174.18336486816406,176.5460377577175,173.9153251388443,174.75913147519677,59302900
2023-10-20,171.62213134765625,174.14364366291989,171.3838721325441,174.03444341613093,64189300
2023-10-23,171.74127197265625,172.7439178760632,168.69360166729962,169.66648220683237,55980100
2023-10-24,172.1780548095703,172.40637709061713,170.2025285754243,171.79089305137515,43816600
2023-10-25,169.8551025390625,171.80083332633419,169.4083645680371,170.62942613878033,57157000
2023-10-26,165.6757354736328,170.1330724325947,164.46461077917579,169.13041133026712,70625300
2023-10-27,166.9960479736328,167.73066925493364,165.6161620916175,165.69558183671225,58499100
2023-10-30,169.05096435546875,169.92456632823416,167.6412980843576,167.79021577395145,51131000
2023-10-31,169.5275115966797,169.65655543893973,166.67838291410567,168.1178450859905,44846000
2023-11-01,172.70420837402344,172.9623111800798,168.88221462983017,169.75581666227828,56934900
2023-11-02,176.27801513671875,176.48647870246754,174.18336680542194,174.2429278242073,77334800
2023-11-03,175.3647003173828,175.53347673875106,172.08872301559984,172.97224682902157,79763700
2023-11-06,177.9259490966797,178.12449090151532,174.92793300379333,175.09669429529205,63841300
2023-11-07,180.49710083007812,181.1125849169399,177.66783112206795,177.87629469765844,70530000
2023-11-08,181.55931091308594,182.11523398810698,180.26876654734838,181.023246561535,49340300
2023-11-09,181.0828094482422,182.78035920210118,180.4871689201494,181.62881074103257,53763500
2023-11-10,185.2875518798828,185.4565506612299,182.43468499907056,182.87206148972973,66133400
2023-11-13,183.6970977783203,184.9197527658604,183.1106225987718,184.71101456121173,43627500
2023-11-14,186.32135009765625,186.987349680322,185.18815428767326,186.579792942837,60108400
2023-11-15,186.88795471191406,188.3690678828249,186.65933159416437,186.72892111610665,53790500
2023-11-16,188.5778045654297,189.82034448090351,187.52411797622008,188.43864070160558,54412900
2023-11-17,188.55792236328125,189.24380683321974,187.44461143684416,189.11457782649978,50922700
2023-11-20,190.3074188232422,190.7646802061248,188.74679650771577,188.75673136709773,46505100
2023-11-21,189.5022430419922,190.37699597796984,188.60762038854105,190.26765186097265,38134500
2023-11-22,190.16824340820312,191.77857025832532,189.6911123355231,190.34717704028523,39617700
2023-11-24,188.8362579345703,189.76070040271065,188.12055368994098,189.7308806564948,24048300
2023-11-27,188.65731811523438,189.53207108953595,187.77263028176083,188.78654712309,40552600
2023-11-28,189.263671875,189.9396214691522,188.26963995303524,188.64737693705334,38415400
2023-11-29,188.2398223876953,190.9435904601538,187.84221568139642,189.76069003248776,43014200
2023-11-30,188.81634521484375,189.18414731016307,187.06685463459638,188.70700110559565,48794400
2023-12-01,190.0986785888672,190.41676093068807,188.1006646303825,189.19410585978827,45679300
2023-12-04,188.29946899414062,188.91577913023963,186.33128993843854,188.84618961175903,43389500
2023-12-05,192.26565551757812,193.23980256929687,189.0449865799245,189.07482149235318,66628400
2023-12-06,191.17222595214844,193.5976510937421,190.9634725753497,193.28950362567244,41089700
2023-12-07,193.11056518554688,193.83620416443108,192.4346156632966,192.47438542986993,47477700
2023-12-08,194.54197692871094,194.82030462884575,192.5141434931892,193.0409791518531,53377300
2023-12-11,192.027099609375,192.33526227849603,190.2776087030193,191.95752525473316,60943700
2023-12-12,193.5479736328125,193.5579084922386,190.5758125501861,191.92769665062553,52696900
2023-12-13,196.778564453125,196.8183190559037,193.68712459255818,193.925682544677,70404200
2023-12-14,196.92767333984375,198.4286561477334,194.9893140401918,196.83821410318075,66831600
2023-12-15,196.39089965820312,197.2159328291742,195.82429416614897,196.3511298862745,128256700
2023-12-18,194.72091674804688,195.45650584640038,193.22986883323685,194.91972010314345,55751900
2023-12-19,195.7646484375,195.77458329630363,194.72091188963017,194.98930475456203,40714100
2023-12-20,193.66725158691406,196.50023361616374,193.66725158691406,195.72488988877126,52242800
2023-12-21,193.51812744140625,195.90381315665195,192.34517705306277,194.92966611931476,46482500
2023-12-22,192.444580078125,194.24377537319003,191.81833513340536,194.01513711760236,37122800
2023-12-26,191.8978729248047,192.73285613100865,191.67918468017166,192.45452839560733,28919300
2023-12-27,191.9972686767578,192.34518593287333,189.94956524818429,191.34121910492223,48087700
2023-12-28,192.42471313476562,193.4982694967864,192.01715638138543,192.98136861854135,34049900
2023-12-29,191.38095092773438,193.23978563415233,190.58572241393787,192.7427697089948,42628800
2024-01-02,184.53208923339844,187.31538170646215,182.79253333369908,186.03307200647276,82488700
2024-01-03,183.15037536621094,184.77065219734183,182.3352619375341,183.1205556229884,58414500
2024-01-04,180.82435607910156,181.99730650228184,179.80050438167336,181.06291404030495,71983600
2024-01-05,180.09869384765625,181.6692660827433,179.09472708075188,180.90387243418792,62303300
2024-01-08,184.4525604248047,184.49233019548157,180.41679326133186,181.0032684531674,59144500
2024-01-09,184.03506469726562,184.04499955584959,181.63944418662982,182.82234457021028,42841800
2024-01-10,185.0788116455078,185.2875498615879,182.82235486658107,183.24979649333252,46792900
2024-01-11,184.4823760986328,185.93366934185158,182.524132048394,185.42670336710847,49128400
2024-01-12,184.81040954589844,185.6255229866903,184.08477050382692,184.9495734055796,40444700
2024-01-16,182.5341033935547,183.16033324766676,179.8502048243823,181.07287512108522,65603000
2024-01-17,181.58973693847656,181.83824490899738,179.22395137316974,180.18816351220838,47317400
2024-01-18,187.50424194335938,188.01119275141858,184.72094959289208,184.979392426226,78005800
2024-01-19,190.41676330566406,190.8044351704297,187.693125392904,188.20007624137466,68741000
2024-01-22,192.73284912109375,194.16425751836653,191.11257223144145,191.15234200232317,60133900
2024-01-23,194.01515197753906,194.58175747905844,192.67321792314553,193.8561183903394,42355600
2024-01-24,193.33921813964844,195.20800309667513,193.1801693842155,194.25372573180164,53631300
2024-01-25,193.0111846923828,195.0986578845498,191.95751323703675,194.0549212884663,54822100
2024-01-26,191.2716064453125,193.5976373302703,190.79447540505197,193.11057143190595,44594000
2024-01-29,190.58575439453125,191.05295065599338,188.44859162482356,190.8640821459055,47145600
2024-01-30,186.91775512695312,190.65532484477694,186.35116482109103,189.80045678886228,55859400
2024-01-31,183.29949951171875,185.98339811587047,183.24981004460298,185.92374345342654,55467800
2024-02-01,185.7447967529297,185.8342559814184,182.72294652699253,182.891930125601,64885400
2024-02-02,184.7408447265625,186.21200777158808,178.18022776276848,178.78658786144558,102518000
2024-02-05,186.5598907470703,188.12052803558694,184.73087577921018,187.02708693103884,69668800
2024-02-06,188.17025756835938,188.18019242781668,185.6553578627436,185.74481710103248,43490800
2024-02-07,188.2795867919922,189.9097985097057,187.48435823433906,189.5022417883465,53439000
2024-02-08,187.1960906982422,188.40879563608698,186.23187856237746,188.2596969213544,40962000
2024-02-09,187.9624786376953,189.0971204380579,187.11646725876852,187.76340641648085,45155200
2024-02-12,186.27044677734375,187.78330749959082,185.91213805857674,187.53448242231033,41781900
2024-02-13,184.1703643798828,185.33487911795885,182.64755610649428,184.89694454758455,56529500
2024-02-14,183.28456115722656,184.65808055839094,181.5826059912504,184.44907598078342,54630500
2024-02-15,182.9959259033203,183.62296999377594,180.4977274519665,182.68738521978767,65434500
2024-02-16,181.45321655273438,183.98128811611298,180.81622489348007,182.55800062284032,49701400
2024-02-20,180.70672607421875,181.5726325042779,179.15405998428736,180.93564089848354,53665600
2024-02-21,181.46316528320312,182.03047857973698,179.8109630738625,181.08494629412857,41529700
2024-02-22,183.50352478027344,184.09076354210745,181.60251261136847,182.6177080564135,52292200
2024-02-23,181.6622314453125,184.1703774935557,181.37358582743232,184.14051969682032,45119700
2024-02-26,180.30862426757812,181.90109579673225,179.80101134340092,181.38355052297356,40867400
2024-02-27,181.77169799804688,183.05562869813585,178.71611879819,180.24888975946536,54318900
2024-02-28,180.5673828125,182.25939032452453,179.28345207788615,181.6522565198894,48953900
2024-02-29,179.90054321289062,181.71199718953457,178.6862755375109,180.41810366151438,136682600
2024-03-01,178.81565856933594,179.68156498512658,176.54637506189474,178.70617492699984,73488000
2024-03-04,174.277099609375,176.0686281128373,172.9732433768994,175.3221528407019,81510100
2024-03-05,169.3204803466797,171.23145507958293,168.82283020205665,169.9574719243141,95132400
2024-03-06,168.3251953125,170.43524244414468,167.88726071561,170.25608047856306,68587700
2024-03-07,168.20574951171875,169.92761476617306,167.6981518296525,168.35503848083317,71765100
2024-03-08,169.9276123046875,172.88365534695112,168.1460314883945,168.20574707517525,76114600
2024-03-11,171.93812561035156,173.56046994775534,171.24141844268888,172.12723509594798,60139500
2024-03-12,172.41587829589844,173.21212162678884,170.20631026653984,172.33625244410158,59825400
2024-03-13,170.3257598876953,172.37607625258147,169.95748841772314,171.9580519129805,52488700
2024-03-14,172.18695068359375,173.49079163745046,171.24141844268888,172.0973773021251,72913500
2024-03-15,171.80873107910156,171.80873107910156,169.4896795825833,170.36554869703198,121664700
2024-03-18,172.90357971191406,176.87483361469177,172.70452267737835,174.7448914522954,75604200
2024-03-19,175.2524871826172,175.77999515234478,172.2168180823409,173.52065910891577,55215200
2024-03-20,177.830322265625,177.830322265625,174.26714497871419,174.89418909629194,53423100
2024-03-21,170.5646209716797,176.65586961417029,170.03711298613993,176.2179350177799,106181300
2024-03-22,171.47035217285156,172.23673773536032,169.26078406375387,170.95279171103329,71106600
2024-03-25,170.04708862304688,171.1319624728949,168.65365887534398,169.76840571092222,54288300
2024-03-26,168.91241455078125,170.61436949811346,168.78302065654685,169.20104494513856,57388400
2024-03-27,172.49551391601562,172.78415954350993,169.31055559917013,169.60914876354798,60273300
2024-03-28,170.67408752441406,171.42056273337485,169.70864503919194,170.94282285202152,65672700
2024-04-01,169.2309112548828,170.4451788535061,168.68349304450714,170.38546326457012,46240500
2024-04-02,168.04649353027344,168.54414366405445,167.43935975957754,168.28537106183597,49329500
2024-04-03,168.8527069091797,169.87786510696628,167.78774337767854,167.9967479570679,47691700
2024-04-04,168.026611328125,171.11203328162168,168.026611328125,169.48968886138192,53704400
2024-04-05,168.7830352783203,169.5892261323792,168.15599119757314,168.79298281447828,42055200
2024-04-08,167.65835571289062,168.40483104125352,167.4493511257135,168.23563178927415,37425500
2024-04-09,168.8726043701172,169.2806811483862,167.55881583801002,167.90716183961618,42451200
2024-04-10,166.99148559570312,168.29532657810816,166.3246362072623,168.0066961691415,49709300
2024-04-11,174.2173614501953,174.63540094951088,167.36970557110288,167.54885233902874,91070300
2024-04-12,175.7202911376953,177.52178245719062,173.39129181372058,173.44104468475973,101593300
2024-04-15,171.87841796875,175.7999037342719,171.68930847441092,174.53586805138283,73531800
2024-04-16,168.583984375,172.94338974194338,167.47920033817573,170.94284143183614,73711200
2024-04-17,167.21046447753906,169.84800441976404,167.21046447753906,168.81289870293196,50901200
2024-04-18,166.2549591064453,167.8474456964944,165.7672716683895,167.24031189258443,43122900
2024-04-19,164.2245635986328,165.6179780634261,163.3088890664717,165.42888374733738,67772100
2024-04-22,165.06060791015625,166.47393259764522,163.9956444231876,164.74211969252124,48116400
2024-04-23,166.11561584472656,166.26492000363532,164.14492548116624,164.57291251221173,49537800
2024-04-24,168.2256622314453,168.50434510258808,165.42887079721268,165.75730653407012,48251800
2024-04-25,169.09158325195312,169.80820075027214,167.3597550998357,168.73327450279362,50558300
2024-04-26,168.5043487548828,170.53475474394267,168.38490238817732,169.081624768213,44838400
2024-04-29,172.68460083007812,175.20270935632288,172.28648678772151,172.55520693212748,68169400
2024-04-30,169.52951049804688,174.1676137755898,169.20105955998108,172.51541154910535,65934800
2024-05-01,168.5043487548828,171.89832652202932,168.31523926242042,168.78303163206596,50383100
2024-05-02,172.21682739257812,172.6049939419865,170.08688513916925,171.69926693100732,94214900
2024-05-03,182.5181884765625,186.12117099096088,181.80157098826203,185.77280978325868,163224100
2024-05-06,180.8560333251953,183.3343214775735,179.5720873686165,181.4930249418685,78569700
2024-05-07,181.54278564453125,184.0310366275269,180.46787458450643,182.58785409480518,77305800
2024-05-08,181.88119506835938,182.20964601288568,180.59724908638574,181.9906787165348,45057100
2024-05-09,183.70260620117188,183.792179594264,181.2541604804327,181.70204263297254,48983000
2024-05-10,182.43685913085938,184.47001925959685,181.51994258592455,184.280653249985,50759500
2024-05-13,185.65602111816406,186.47328168344126,184.00157793065927,184.81883849593646,72044800
2024-05-14,186.80215454101562,187.66925062518712,185.66597383097238,186.88188838827716,52393600
2024-05-15,189.0845184326172,190.01139602124525,186.7423838683229,187.28058361009533,70400000
2024-05-16,189.2041015625,190.45989075478766,189.02471179656044,189.83199615864385,52845200
2024-05-17,189.23399353027344,190.17084727488813,188.54630236847427,188.87519880271202,41282900
2024-05-20,190.40008544921875,191.27714266640717,188.37688635675946,188.69582178398366,44361300
2024-05-21,191.70570373535156,192.08442053272114,190.28048580582154,190.44991454290118,42309400
2024-05-22,190.2605438232422,192.17412585880137,189.63266445026173,191.625965130265,34648500
2024-05-23,186.2540283203125,190.3602230291439,186.00486572472462,190.34028576334703,51005900
2024-05-24,189.3436279296875,189.94162421863646,187.41012383078694,188.1875250894915,36294600
2024-05-28,189.3535919189453,192.35350378297326,188.46657377923762,190.86848939299406,52280100
2024-05-29,189.65260314941406,191.60604467860838,188.87521703261189,188.97488815842905,53068000
2024-05-30,190.6492462158203,191.53626445370173,189.99146851693155,190.12102272627732,49947900
2024-05-31,191.6060333251953,191.92496874276912,189.27387511297837,190.79874896001851,75158300
2024-06-03,193.38006591796875,194.33685694398167,191.8751293663799,192.25384615761888,50080500
2024-06-04,193.69898986816406,194.66574186569684,192.38340418619828,193.98801176077237,47471400
2024-06-05,195.21389770507812,196.24044634116564,194.2172473626493,194.74547082752238,54156800
2024-06-06,193.82855224609375,195.84179017422778,193.5195930765027,195.03450583879902,41181800
2024-06-07,196.23048400878906,196.28031956711487,193.48969558531903,193.99798178181695,53103900
2024-06-10,192.4730987548828,196.63910486677477,191.50634675889475,196.2404356269631,97262100
2024-06-11,206.45611572265625,206.46609195915696,192.9814138224934,193.00133588013964,172373300
2024-06-12,212.35630798339844,219.46241499269527,206.20696163392407,206.67538853844061,198134300
2024-06-13,213.52236938476562,216.02395620562416,210.89121315624297,214.02069454325613,97862700
2024-06-14,211.77822875976562,214.44924427717243,210.59221246372425,213.13367378271622,70122700
2024-06-17,215.94422912597656,218.21659070332575,212.0074632920053,212.65527993528355,93728300
2024-06-18,213.5721893310547,217.89766325641614,212.28651711595563,216.86113841241473,79943300
2024-06-20,208.97763061523438,213.5223688231627,208.1504242370716,213.21339445126264,86172500
2024-06-21,206.7949981689453,211.18025387128242,206.4162661482939,209.68527826262047,246421400
2024-06-24,207.44281005859375,211.9875333707341,205.89799892378585,207.02421872275744,80727000
2024-06-25,208.36968994140625,210.67194975002218,207.91122410230182,208.44940858434205,56713900
2024-06-26,212.5356903076172,214.1402980033581,209.9344322470105,210.79155216910215,66213200
2024-06-27,213.3828582763672,215.01736433595826,211.63872006367095,213.97087836680484,49772700
2024-06-28,209.91448974609375,215.34624626528088,209.5955695452833,215.04724812174294,82542700
2024-07-01,216.02395629882812,216.78140506529675,211.2101334408119,211.37956216985054,60402900
2024-07-02,219.5321807861328,219.64181293490427,214.3795002092306,215.42597092933886,58046200
2024-07-03,220.80789184570312,220.80789184570312,218.29632866276663,219.26308073535034,37369800
2024-07-05,225.5818328857422,225.69146503075916,220.90754038733803,220.90754038733803,60412400
2024-07-08,227.056884765625,227.08678305881674,222.50218547217585,226.32931907748747,59085900
2024-07-09,227.9139862060547,228.631575647805,225.6117264169712,227.1664984715379,48076100
2024-07-10,232.19960021972656,232.29927134034506,228.48209857735924,228.5319341376685,62627700
2024-07-11,226.80772399902344,231.61157070495582,225.01375035477759,230.61492037011672,64710600
2024-07-12,229.76776123046875,231.86073301422448,227.91399100155513,228.1531925563972,53046500
2024-07-15,233.61483764648438,236.43535998230433,232.3092281117703,235.68787221439834,62631300
2024-07-16,234.03343200683594,235.47857190808813,231.55176727169922,234.2128217621178,43234300
2024-07-17,228.1133270263672,230.68468664215072,225.88082486496336,228.68140979310064,57345900
2024-07-18,223.42906188964844,229.66810263837593,221.52547133243425,229.50863493701104,66034600
2024-07-19,223.5586395263672,226.04030439428965,222.53209087352224,224.06694094221692,49151500
2024-07-22,223.20980834960938,227.01700459563804,222.34271224556252,226.24957960487185,48201800
2024-07-23,224.2563018798828,226.17984506717187,221.9341046141529,223.61844622977043,39960300
2024-07-24,217.80795288085938,224.04699357799979,216.40268749627205,223.24967028544495,61777600
2024-07-25,216.76148986816406,220.11023564894725,213.9010930254534,218.19665359620475,51391200
2024-07-26,217.2299041748047,218.75477790382115,215.2864239407029,217.96741565742542,41601300
2024-07-29,217.50897216796875,218.5654190781,215.0273073866339,216.23326096996,36311800
2024-07-30,218.06710815429688,219.5919820328496,215.39607720378967,218.45580119769897,41643800
2024-07-31,221.3361053466797,223.07028238181744,219.89096542123676,220.6982497488722,50036300
2024-08-01,217.62855529785156,223.72805013234773,216.29304757526307,223.618417993468,62501000
2024-08-02,219.12355041503906,224.84432899946665,216.98075820790513,218.41592196270943,105568600
2024-08-05,208.5690155029297,212.7848420736874,195.34346157584417,198.42310739676375,119548600
2024-08-06,206.5358428955078,209.28660752946874,200.39648844230862,204.61231506511243,69660500
2024-08-07,209.11717224121094,212.92436846093156,205.69865382063958,206.20693999643444,63516400
2024-08-08,212.59547424316406,213.4824924067945,208.13048513245963,212.39614722358988,47161100
2024-08-09,215.51568603515625,216.05387055494424,211.259984607228,211.38955402452135,42201600
2024-08-12,217.0522918701172,219.02793942662467,215.12653755613,215.59550663031672,38028100
2024-08-13,220.78408813476562,221.4027217224782,218.52904142421028,218.52904142421028,44155300
2024-08-14,221.23309326171875,222.54021400164925,219.21752501736546,220.08562480803565,41960600
2024-08-15,224.22650146484375,224.8551228159093,222.27079905335071,224.10676986474735,46414000
2024-08-16,225.5535888671875,226.33187474025672,223.15885022096822,223.42826155403992,44340200
2024-08-19,225.3939208984375,225.49370737790127,222.55017371179113,225.22429606357244,40687800
2024-08-20,226.0125732421875,226.6711275207631,224.95490346311303,225.27420804373648,30299000
2024-08-21,225.90281677246094,227.47934890039068,224.55579052395228,226.0225636042008,34765500
2024-08-22,224.0369110107422,227.8385414771675,223.4082896744648,227.28974628083643,43695300
2024-08-23,226.3418426513672,227.7188169640382,223.83736023691762,225.16444130741013,38677300
2024-08-26,226.68109130859375,226.7808777924977,223.39832305195915,226.2620154817008,30602200
2024-08-27,227.52923583984375,228.34744239539063,224.39613201364162,225.50369501854036,35934600
2024-08-28,225.99261474609375,229.35520907583674,225.18438078371824,227.4194670399241,38052200
2024-08-29,229.28536987304688,232.4085012026452,228.37737982242845,229.59470189609323,51906300
2024-08-30,228.49710083007812,229.89402024722435,226.98043458769098,229.6844899472923,52990800
2024-09-03,222.28079223632812,228.4971066385697,220.68429981162342,228.04809790202157,50190600
2024-09-04,220.36500549316406,221.29295584608857,217.0023958735564,221.17322424578342,43840200
2024-09-05,221.8916473388672,224.98483044961614,221.03353533260162,221.14329437614535,36615400
2024-09-06,220.33506774902344,224.74535922490057,219.2873705935476,223.45818364879955,48423000
2024-09-09,220.4248809814453,220.7840910234286,216.23410730849415,220.3350822772696,67180000
2024-09-10,219.62661743164062,220.9936039050013,216.25403537150672,218.43922835246784,51591000
2024-09-11,222.17103576660156,222.6000841658612,217.41150656335964,220.97367404683663,44587100
2024-09-12,222.28079223632812,223.0590781064196,219.33727360197898,222.01138090428717,37498200
2024-09-13,222.01136779785156,223.54797910505988,221.42266715079168,223.08899783711732,36766600
2024-09-16,215.84495544433594,216.74297289953918,213.4502168549942,216.0644583037111,59357400
2024-09-17,216.31390380859375,216.42366284814068,214.02893954474482,215.27619443719672,45519300
2024-09-18,220.20535278320312,222.22092099435915,217.06226125375574,217.07224903728172,59894900
2024-09-19,228.3673858642578,229.31531179988679,224.1367068474718,224.49591687958383,66781300
2024-09-20,227.6988525390625,232.57811312113958,227.12012443578536,229.46496974860833,318679900
2024-09-23,225.97265625,228.94610768522742,225.31410200503296,226.8407407931877,54146000
2024-09-24,226.8706817626953,228.8463445678705,225.2342838755063,228.14786961487798,43556100
2024-09-25,225.8728790283203,226.79085685048213,223.52804884217394,224.43603888049125,42308700
2024-09-26,227.02035522460938,227.99819881641105,224.9149883158055,226.80083714120576,36636700
2024-09-27,227.2897491455078,229.01596089620384,226.80083496693393,227.9582911728241,34026000
2024-09-30,232.48831176757812,232.48831176757812,229.1456625683617,229.5348054854851,54541900
2024-10-01,225.71322631835938,229.14565893600417,223.24864947388588,229.0159547825387,63285000
2024-10-02,226.28196716308594,226.8706678098605,222.53022998119604,225.3939223013361,32880600
2024-10-03,225.17440795898438,226.3119038145279,222.82957789090332,224.64557310138042,34044200
2024-10-04,226.30194091796875,227.49930262356304,223.63780617480538,227.39951613756347,37245100
2024-10-07,221.2031707763672,225.19438676879486,220.84396072803747,224.0069975750027,39505400
2024-10-08,225.27420043945312,225.4837307412941,222.75973024040246,223.80742742544692,31855700
2024-10-09,229.03591918945312,229.24546472466872,224.33627096325682,224.73538646570117,33591100
2024-10-10,228.53700256347656,228.99599906464633,226.67111410985407,227.279775108536,28183500
2024-10-11,227.05029296875,228.9062089337624,226.84074743911052,228.79644988971887,31759200
2024-10-14,230.79205322265625,231.22110160659443,228.09798564307096,228.19775690140833,39882100
2024-10-15,233.33645629882812,236.9684620133565,231.85969551276995,233.0969778733182,64751400
2024-10-16,231.27099609375,231.61024577942743,229.33525401328018,231.09139869260778,34082200
2024-10-17,231.6401824951172,233.3364614020046,230.0137723986246,232.9173703418766,32993800
2024-10-18,234.4839324951172,235.66133386929857,233.4961010856326,235.66133386929857,46431500
2024-10-21,235.96067810058594,236.32987592195377,233.9351372634737,233.9351372634737,36254500
2024-10-22,235.342041015625,235.70125104779564,232.08920560922664,233.376366009758,38846600
2024-10-23,230.25323486328125,234.62362105235994,227.25982300232985,233.56595129753524,52287000
2024-10-24,230.06365966796875,230.31311065070702,227.90839952304313,229.4749437774939,31109500
2024-10-25,230.9018096923828,232.7078323586645,229.0658541264054,229.23547896644118,38802300
2024-10-28,232.88743591308594,234.21451699403664,232.03931169048735,232.80762499530724,36087100
2024-10-29,233.15684509277344,233.815399347975,231.8098189074392,232.58810476348472,35417200
2024-10-30,229.59469604492188,232.95729049985403,229.04590082483264,232.09917848988178,47070900
2024-10-31,225.4138946533203,229.325284321648,224.8750719925984,228.83635490362704,64370100
2024-11-01,222.4204864501953,224.8551305713263,219.78628458026085,220.48474431371312,65276700
2024-11-04,221.52244567871094,222.3007315284092,219.2275088130919,220.5046966292777,44944500
2024-11-05,222.95928955078125,223.45819152571042,220.65436486265338,221.31291912362707,28111300
2024-11-06,222.23089599609375,225.5735453041769,220.7042571772517,222.12113695305962,54561100
2024-11-07,226.98043823242188,227.37956894750107,224.0768403097807,224.13670611072257,42137700
2024-11-08,226.7107391357422,228.4088689967903,226.16134014604208,226.92049995960826,38328800
2024-11-11,223.98373413085938,225.45212091614073,221.25673663335022,224.7528927426808,42005600
2024-11-12,223.98373413085938,225.34224111445195,223.11469448970428,224.30339000560164,40398300
2024-11-13,224.8727569580078,226.4010754152989,222.5153482196322,223.76397540644066,48566200
2024-11-14,227.9693603515625,228.61864039722624,224.7528954725484,224.77287777547028,44923900
2024-11-15,224.7528839111328,226.67077335813082,224.023689933323,226.15134020310103,47923700
2024-11-18,227.7695770263672,229.4876892234719,224.92270099550518,225.00261496304853,44686000
2024-11-19,228.02928161621094,229.90722171238716,226.41106572007726,226.73070634208972,36211800
2024-11-20,228.7484893798828,229.67746064503265,225.64190448211673,227.80951934283004,35169600
2024-11-21,228.26902770996094,229.90722593821596,225.46211628612434,228.6286329426038,42108300
2024-11-22,229.61753845214844,230.46661102927646,227.80952873867182,227.80952873867182,38168300
2024-11-25,232.61424255371094,232.99383009111634,229.48769048234254,231.2058026888721,90152800
2024-11-26,234.8018341064453,235.31128373473052,233.07373841155265,233.07373841155265,45986200
2024-11-27,234.67198181152344,235.43115689965902,233.55321672420507,234.21249554010248,33498400
2024-11-29,237.06935119628906,237.5488197625333,233.71304074851764,234.55211454995276,28481400
2024-12-02,239.3268585205078,240.52553753151284,236.89953466637493,237.00941446483552,48137100
2024-12-03,242.3834991455078,242.49337894569658,238.6376176509325,239.54662188503684,38861000
2024-12-04,242.74310302734375,243.84190102311462,240.9850414761411,242.60325739533934,44383900
2024-12-05,242.7730712890625,244.2714238935446,241.86408229295347,243.72204013219255,40033900
2024-12-06,242.5732879638672,244.3613305629988,241.8141281502541,242.6432183998472,36870600
2024-12-09,246.47900390625,246.96847124510987,241.48449521514058,241.56440918324205,44649200
2024-12-10,247.4978790283203,247.93739821602466,245.0705399660552,246.61884065291167,36914800
2024-12-11,246.2192840576172,250.52454792031958,245.98952569372008,247.68767076725757,45205800
2024-12-12,247.68768310546875,248.46682524629017,245.41017310687806,246.61885092340057,32777500
2024-12-13,247.85748291015625,249.01619729452798,245.96955931284188,247.54782582286595,33155300
2024-12-16,250.7642822265625,251.10392039685559,247.3780059899919,247.71764416028498,51694800
2024-12-17,253.20159912109375,253.5512208135588,249.50566587259755,249.80533943156328,51356400
2024-12-18,247.77757263183594,254.0007260278641,247.46791553993853,251.88305927654196,56774100
2024-12-19,249.51565551757812,251.72323503929724,246.81862390484895,247.22817727073837,60882300
2024-12-20,254.21051025390625,254.71994465608725,245.42017186050566,247.76758181309805,147495300
2024-12-23,254.98965454101562,255.36922684225433,253.17164603591402,254.49020366493687,40858800
2024-12-24,257.91644287109375,257.92641115938613,255.0096198916901,255.2094124344067,23234700
2024-12-26,258.7355041503906,259.81433504408284,257.34704665632455,257.90642916266114,27237100
2024-12-27,255.30929565429688,258.41589596104086,252.78207543596488,257.54682582842287,42355300
2024-12-30,251.9230194091797,253.22159473829512,250.47461491371794,251.95298524244893,35557500
2024-12-31,250.1449737548828,253.00183336212825,249.15605553782555,252.16275955239965,39480700
2025-01-02,243.5821990966797,248.826433311358,241.55442975303322,248.65660659999048,55740700
2025-01-03,243.0927276611328,243.91181916074598,241.624340886356,243.0927276611328,40244100
2025-01-06,244.73092651367188,247.05836939894766,242.93290033169586,244.04168187374515,45045600
2025-01-07,241.94400024414062,245.28032844029428,241.08494412707995,242.71314361950866,40856000
2025-01-08,242.43344116210938,243.44234164075266,239.78635773622742,241.65429905026372,37628900
2025-01-10,236.58987426757812,239.8962364632009,232.74409661721964,239.7463920626497,61710900
2025-01-13,234.14256286621094,234.41227060505477,229.46771001708314,233.27352322575203,49630700
2025-01-14,233.02378845214844,235.8606656353981,232.21468051006943,234.49217517741417,39435300
2025-01-15,237.60874938964844,238.6975638581554,234.17252500331003,234.38230107288462,39832000
2025-01-16,228.00930786132812,237.74859991927732,227.7795647267042,237.089336348529,71759100
2025-01-17,229.7274169921875,232.03487756376998,228.22906438809179,231.86506609768284,68488300
2025-01-21,222.39547729492188,224.17352112887505,219.13906319002535,223.75398423747347,98070400
2025-01-22,223.58416748046875,223.87384226456615,219.54859611049605,219.54859611049605,64126500
2025-01-23,223.41436767578125,226.78066167492807,222.05586069453574,224.493183388126,60234800
2025-01-24,222.5353240966797,225.38220009721186,221.16683361690275,224.53312753788666,54697900
2025-01-27,229.6075439453125,231.89502211760887,223.73399710835045,223.77396171163917,94863400
2025-01-28,237.99832153320312,239.9262098046868,230.55650666713984,230.59647127201654,75707600
2025-01-29,239.0971221923828,239.5965730646729,233.75299176206667,233.86287156365174,45486100
2025-01-30,237.3290557861328,240.52553823889048,236.94948349745044,238.40787147181928,55658300
2025-01-31,235.74081420898438,246.91852728753366,233.18362815459494,246.91852728753366,101075100
2025-02-03,227.75958251953125,231.5753945205246,225.45212191586603,229.73741895869952,73063300
2025-02-04,232.54432678222656,232.87396618357337,226.40107197135944,227.00041910872287,45067300
2025-02-05,232.21469116210938,232.4144684638066,228.0193068583431,228.27901582634638,39620300
2025-02-06,232.9638671875,233.54323203112875,230.17692277145878,231.0359788855247,29925300
2025-02-07,227.3800048828125,233.74300400322835,227.0104008794231,232.3445476829273,39707200
2025-02-10,227.64999389648438,230.58999633789062,227.1999969482422,229.57000732421875,33115600
2025-02-11,232.6199951171875,235.22999572753906,228.1300048828125,228.1999969482422,53718400
2025-02-12,236.8699951171875,236.9600067138672,230.67999267578125,231.1999969482422,45243300
2025-02-13,241.52999877929688,242.33999633789062,235.57000732421875,236.91000366210938,53614100
2025-02-14,244.60000610351562,245.5500030517578,240.99000549316406,241.25,40896200
2025-02-18,244.47000122070312,245.17999267578125,241.83999633789062,244.14999389648438,48822500
2025-02-19,244.8699951171875,246.00999450683594,243.16000366210938,244.66000366210938,32204200
2025-02-20,245.8300018310547,246.77999877929688,244.2899932861328,244.94000244140625,32316900
2025-02-21,245.5500030517578,248.69000244140625,245.22000122070312,245.9499969482422,53197400
2025-02-24,247.10000610351562,248.86000061035156,244.4199981689453,244.92999267578125,51326400
2025-02-25,247.0399932861328,250.0,244.91000366210938,248.0,48013300
2025-02-26,240.36000061035156,244.97999572753906,239.1300048828125,244.3300018310547,44433600
2025-02-27,237.3000030517578,242.4600067138672,237.05999755859375,239.41000366210938,41153600
2025-02-28,241.83999633789062,242.08999633789062,230.1999969482422,236.9499969482422,56833400
2025-03-03,238.02999877929688,244.02999877929688,236.11000061035156,241.7899932861328,47184000
2025-03-04,235.92999267578125,240.07000732421875,234.67999267578125,237.7100067138672,53798100
2025-03-05,235.74000549316406,236.5500030517578,229.22999572753906,235.4199981689453,47227600
2025-03-06,235.3300018310547,237.86000061035156,233.16000366210938,234.44000244140625,45170400
2025-03-07,239.07000732421875,241.3699951171875,234.75999450683594,235.11000061035156,46273600
2025-03-10,227.47999572753906,236.16000366210938,224.22000122070312,235.5399932861328,72071200
2025-03-11,220.83999633789062,225.83999633789062,217.4499969482422,223.80999755859375,76137400
2025-03-12,216.97999572753906,221.75,214.91000366210938,220.13999938964844,62547500
2025-03-13,209.67999267578125,216.83999633789062,208.4199981689453,215.9499969482422,61368300
2025-03-14,213.49000549316406,213.9499969482422,209.5800018310547,211.25,60107600
2025-03-17,214.0,215.22000122070312,209.97000122070312,213.30999755859375,48073400
2025-03-18,212.69000244140625,215.14999389648438,211.49000549316406,214.16000366210938,42432400
2025-03-19,215.24000549316406,218.75999450683594,213.75,214.22000122070312,54385400
2025-03-20,214.10000610351562,217.49000549316406,212.22000122070312,213.99000549316406,48862900
2025-03-21,218.27000427246094,218.83999633789062,211.27999877929688,211.55999755859375,93954500
