Date,Synthetic_Prediction,Actual_Movement
2010-01-04,0.5745071229516849,0
2010-01-05,0.4792603548243223,1
2010-01-06,0.5971532807151039,0
2010-01-07,0.7284544784612038,0
2010-01-08,0.4648769937914996,1
2010-01-11,0.4648794564576229,0
2010-01-12,0.7368819223261087,0
2010-01-13,0.6151152093729363,1
2010-01-14,0.42957884210975716,0
2010-01-15,0.5813840065378947,0
2010-01-19,0.43048734607813066,1
2010-01-20,0.4301405369644615,0
2010-01-21,0.5362943407349051,0
2010-01-22,0.21300796330133032,0
2010-01-25,0.24126232512304507,1
2010-01-26,0.4156568706138541,1
2010-01-27,0.3480753319498364,1
2010-01-28,0.547137099889291,0
2010-01-29,0.3637963886718184,0
2010-02-01,0.2881544447997063,1
2010-02-02,0.7198473153382331,1
2010-02-03,0.46613355492701963,1
2010-02-04,0.5101292307031886,0
2010-02-05,0.2862877720679815,1
2010-02-08,0.4183425913212226,0
2010-02-09,0.5166383884564799,1
2010-02-10,0.3273509633866546,0
2010-02-11,0.5563547027518508,1
2010-02-12,0.40990419651217924,1
2010-02-16,0.4562459375310085,1
2010-02-17,0.4097440081655905,0
2010-02-18,0.7778417276763406,1
2010-02-19,0.4979754162893099,0
2010-02-22,0.34134336065661497,0
2010-02-23,0.6233817368154784,0
2010-02-24,0.3168734525043467,1
2010-02-25,0.5313295392507134,1
2010-02-26,0.2060494814180337,1
2010-03-01,0.3007720926652354,1
2010-03-02,0.5295291853803685,0
2010-03-03,0.6107699869993115,1
2010-03-04,0.5257052421784956,1
2010-03-05,0.4826527576417639,1
2010-03-08,0.4548344456616067,1
2010-03-09,0.2782217014448859,1
2010-03-10,0.3920233687407937,1
2010-03-11,0.4309041843560319,1
2010-03-12,0.6585683339328373,1
2010-03-15,0.5515427434352692,0
2010-03-16,0.2355439766955899,1
2010-03-17,0.5486125954092193,0
2010-03-18,0.44223765793755254,1
2010-03-19,0.3984616999541062,0
2010-03-22,0.5917514433261302,1
2010-03-23,0.6546499283743926,1
2010-03-24,0.6396920178674298,1
2010-03-25,0.37411737151660424,0
2010-03-26,0.45361814362231784,1
2010-03-29,0.5496895147105346,1
2010-03-30,0.6463317690683539,1
2010-03-31,0.4281238643232065,0
2010-04-01,0.4721511535004274,1
2010-04-05,0.33404975389909575,1
2010-04-06,0.3205690063878994,1
2010-04-07,0.6218788733591297,1
2010-04-08,0.7034360042856235,0
2010-04-09,0.48919848176294994,1
2010-04-12,0.6505299346838036,1
2010-04-13,0.5542454037571451,1
2010-04-14,0.40323203680923136,1
2010-04-15,0.554209340826262,1
2010-04-16,0.7307054849698954,0
2010-04-19,0.4946260941335073,0
2010-04-20,0.7346965483721009,0
2010-04-21,0.10703823438653837,1
2010-04-22,0.6232853756562836,1
2010-04-23,0.5130570602357257,1
2010-04-26,0.4551488974301199,0
2010-04-27,0.5137641164803254,0
2010-04-28,0.2018646628098661,0
2010-04-29,0.4670492168243732,1
2010-04-30,0.5535668857267619,0
2010-05-03,0.7216841067112274,1
2010-05-04,0.4222594672589529,0
2010-05-05,0.37872595956602184,0
2010-05-06,0.42473644346231954,0
2010-05-07,0.6373103176553111,0
2010-05-10,0.5493126664489527,1
2010-05-11,0.4205359694349442,1
2010-05-12,0.5769901149670034,1
2010-05-13,0.5145616324022061,0
2010-05-14,0.6452967485799334,0
2010-05-17,0.39469203591839713,1
2010-05-18,0.4508506780103348,0
2010-05-19,0.44118377703017636,0
2010-05-20,0.2804727577801822,0
2010-05-21,0.5444180415596864,1
2010-05-24,0.5391582908269834,1
2010-05-25,0.5007670184963692,0
2010-05-26,0.46481192999372795,0
2010-05-27,0.2876943886924379,1
2010-05-28,0.43690320158519613,1
2010-06-01,0.4485928225209846,1
2010-06-02,0.3796584096167572,1
2010-06-03,0.47580714325009865,0
2010-06-04,0.5606076285221807,0
2010-06-07,0.7829278851815795,0
2010-06-08,0.5261866719247759,0
2010-06-09,0.5386325586084146,0
2010-06-10,0.4888331126350749,1
2010-06-11,0.2121843177051438,1
2010-06-14,0.49602291868261744,1
2010-06-15,0.509034531491154,1
2010-06-16,0.8694863168727929,1
2010-06-17,0.4711458552828316,1
2010-06-18,0.5452321013500419,1
2010-06-21,0.4947932345442135,0
2010-06-22,0.3246982943570702,1
2010-06-23,0.671423422177253,0
2010-06-24,0.6127899549030161,0
2010-06-25,0.618654792056457,0
2010-06-28,0.36359188178078916,1
2010-06-29,0.7104191466404148,0
2010-06-30,0.28972234058115787,0
2010-07-01,0.5880285640700406,0
2010-07-02,0.8285683438714968,0
2010-07-06,0.35141955123039675,1
2010-07-07,0.4150553405595842,1
2010-07-08,0.5149477047631462,0
2010-07-09,0.4244786518825701,1
2010-07-12,0.2674004853400801,0
2010-07-13,0.5102844462209041,0
2010-07-14,0.34065444294108427,1
2010-07-15,0.5710388645952772,0
2010-07-16,0.3620863648649295,0
2010-07-19,0.7324901607526308,0
2010-07-20,0.38251200614956443,1
2010-07-21,0.4516907725691487,1
2010-07-22,0.6220275826054504,1
2010-07-23,0.31537035253490675,1
2010-07-26,0.5341189901906194,0
2010-07-27,0.6960714131423642,1
2010-07-28,0.2588775148158159,0
2010-07-29,0.5276950787798457,0
2010-07-30,0.5389824191372635,0
2010-08-02,0.6172734307665966,1
2010-08-03,0.3144573933682877,1
2010-08-04,0.3019315080373586,1
2010-08-05,0.5782912348425346,0
2010-08-06,0.544547700984978,0
2010-08-09,0.5375739275518815,1
2010-08-10,0.5519672314245464,0
2010-08-11,0.3979962917632264,0
2010-08-12,0.5348380545741506,1
2010-08-13,0.5439608709948022,0
2010-08-16,0.39284728729604484,0
2010-08-17,0.7798661766717134,1
2010-08-18,0.5710749381367681,1
2010-08-19,0.3213044754196027,0
2010-08-20,0.5984830412950745,0
2010-08-23,0.3537977494659018,0
2010-08-24,0.6180626905613678,0
2010-08-25,0.6737893368511106,1
2010-08-26,0.3768976522472434,0
2010-08-27,0.6445064193866483,1
2010-08-30,0.5619171390404747,1
2010-08-31,0.6233090239991735,1
2010-09-01,0.784518947398092,1
2010-09-02,0.46319178259956945,1
2010-09-03,0.3869395753463766,1
2010-09-07,0.3665728355561715,0
2010-09-08,0.37762845725518424,1
2010-09-09,0.48843474358788436,1
2010-09-10,0.5511727962224966,1
2010-09-13,0.5415036198995029,1
2010-09-14,0.6240774873554036,1
2010-09-15,0.501950283781686,1
2010-09-16,0.7180301115735975,1
2010-09-17,0.46030147501430657,0
2010-09-20,0.9080253749884428,1
2010-09-21,0.5938501021647509,1
2010-09-22,0.3714263665375576,1
2010-09-23,0.33936612529083315,1
2010-09-24,0.5723708622864778,1
2010-09-27,0.4664805822011224,0
2010-09-28,0.6071000741138138,0
2010-09-29,0.5709856436860317,1
2010-09-30,0.4890756631014691,0
2010-10-01,0.37298094228973927,0
2010-10-04,0.2727729162971203,0
2010-10-05,0.43302275718994687,1
2010-10-06,0.6284598191485209,1
2010-10-07,0.5321140616195306,1
2010-10-08,0.3131391831932018,1
2010-10-11,0.5259771388776773,1
2010-10-12,0.5577976069593256,1
2010-10-13,0.3674213845698301,1
2010-10-14,0.5230587658918292,1
2010-10-15,0.5087313077669,1
2010-10-18,0.3285544553254065,1
2010-10-19,0.5536681040522425,0
2010-10-20,0.5841176789552351,1
2010-10-21,0.6624576864762916,0
2010-10-22,0.6580703078052355,0
2010-10-25,0.29334959480643635,1
2010-10-26,0.3593262440127316,0
2010-10-27,0.5772552900812989,0
2010-10-28,0.5770678926368313,0
2010-10-29,0.5772571529459072,0
2010-11-01,1.0,1
2010-11-02,0.5856335766039751,1
2010-11-03,0.6703348460270898,1
2010-11-04,0.6431002645239803,1
2010-11-05,0.5977086876958697,0
2010-11-08,0.45270961330394816,1
2010-11-09,0.6138453830739901,0
2010-11-10,0.38407621781936424,1
2010-11-11,0.4644772089889987,0
2010-11-12,0.4271954678256345,0
2010-11-15,0.5122811209079484,0
2010-11-16,0.8471987850010263,0
2010-11-17,0.2199102211112378,0
2010-11-18,0.602939028556177,1
2010-11-19,0.25809261932155225,0
2010-11-22,0.429210220131585,1
2010-11-23,0.6633425895451049,0
2010-11-24,0.5096420028643194,1
2010-11-26,0.3383382833106041,1
2010-11-29,0.39270444361100476,1
2010-11-30,0.6019396623402014,0
2010-12-01,0.39044500524242953,1
2010-12-02,0.5324687884372963,1
2010-12-03,0.5068357759855721,0
2010-12-06,0.40225994785912744,1
2010-12-07,0.8215916133987988,0
2010-12-08,0.5950878533477016,1
2010-12-09,0.19622861200135894,0
2010-12-10,0.5279681472154142,1
2010-12-13,0.4007320302847418,1
2010-12-14,0.6278650002194336,0
2010-12-15,0.38112188923509493,1
2010-12-16,0.48278953377996514,1
2010-12-17,0.5757480918470685,0
2010-12-20,0.6298632791255182,1
2010-12-21,0.31995553894163353,1
2010-12-22,0.44982481462385776,1
2010-12-23,0.42875820332585657,0
2010-12-27,0.40200061511394325,1
2010-12-28,0.7648181360421645,1
2010-12-29,0.5607472566441434,0
2010-12-30,0.31086740684974323,0
2010-12-31,0.6376792920582164,0
2011-01-03,0.818323429551895,1
2011-01-04,0.654869789082672,1
2011-01-05,0.27209450510689803,1
2011-01-06,0.4273648890700623,0
2011-01-07,0.6900366723779934,1
2011-01-10,0.3938495801571829,1
2011-01-11,0.5665729142219342,0
2011-01-12,0.6161951080144005,1
2011-01-13,0.36096042926328753,1
2011-01-14,0.49107119659073,1
2011-01-18,0.013809898989639136,0
2011-01-19,0.3463418537998565,0
2011-01-20,0.46211477729102596,0
2011-01-21,0.3128325227052726,0
2011-01-24,0.7448616955897452,1
2011-01-25,0.2854787933059051,1
2011-01-26,0.43399332699545246,1
2011-01-27,0.5196110865929137,0
2011-01-28,0.7161909933599173,0
2011-01-31,0.2846206773230841,1
2011-02-01,0.6744745628232439,1
2011-02-02,0.5015349591529381,0
2011-02-03,0.35277370234280736,0
2011-02-04,0.5693155211394906,1
2011-02-07,0.5298589543360205,1
2011-02-08,0.4099674684261808,1
2011-02-09,0.5104703127485029,1
2011-02-10,0.442202960470736,0
2011-02-11,0.5170276017876873,1
2011-02-14,0.599319601178157,1
2011-02-15,0.7379025224218028,1
2011-02-16,0.31432767517597265,1
2011-02-17,0.81995500619844,0
2011-02-18,0.20718683007162475,0
2011-02-22,0.4772322357446625,0
2011-02-23,0.5882475809726865,1
2011-02-24,0.5421487801602549,1
2011-02-25,0.4065950720269109,1
2011-02-28,0.46878166244640873,1
2011-03-01,0.42604985980117505,0
2011-03-02,0.4115952864583683,1
2011-03-03,0.6274403145531537,1
2011-03-04,0.5535523228947571,1
2011-03-07,0.3960635607109019,0
2011-03-08,0.6349399813149876,1
2011-03-09,0.5460949281314914,0
2011-03-10,0.621929317825844,0
2011-03-11,0.5944443262885418,1
2011-03-14,0.37565074836168916,1
2011-03-15,0.4159728439704546,0
2011-03-16,0.6120940407684893,0
2011-03-17,0.5915555398150197,1
2011-03-18,0.4968647609053778,0
2011-03-21,0.5175991074963173,1
2011-03-22,0.6916497343682637,1
2011-03-23,0.4112642916746255,0
2011-03-24,0.5820646071755057,1
2011-03-25,0.4696711021349159,1
2011-03-28,0.467347819515917,0
2011-03-29,0.6648165277980785,1
2011-03-30,0.6238124523482045,0
2011-03-31,0.6220264454000958,0
2011-04-01,0.6958218210731494,0
2011-04-04,0.5031505762449139,0
2011-04-05,0.6022929456942446,0
2011-04-06,0.45345998651098157,0
2011-04-07,0.5486249528732663,1
2011-04-08,0.4804785418448473,0
2011-04-11,0.5145493947489077,0
2011-04-12,0.589273553815537,1
2011-04-13,0.3772668975149791,1
2011-04-14,0.8138580913528191,0
2011-04-15,0.3490973927750447,0
2011-04-18,0.3178717080818402,1
2011-04-19,0.6737166310250102,1
2011-04-20,0.6187494040944403,1
2011-04-21,0.5936179725578232,1
2011-04-25,0.594251826389642,1
2011-04-26,0.49816298407296283,0
2011-04-27,0.36541184427712525,0
2011-04-28,0.5113706837290589,0
2011-04-29,0.39842574327318325,1
2011-05-02,0.6462679600126626,0
2011-05-03,0.4779413927746792,1
2011-05-04,0.3761754204811233,1
2011-05-05,0.45179212375205097,0
2011-05-06,0.5619397181413437,0
2011-05-09,0.4154413170794038,1
2011-05-10,0.37666694066503525,1
2011-05-11,0.5365530817237868,0
2011-05-12,0.5367449856663085,0
2011-05-13,0.4239585236943305,0
2011-05-16,0.4293442541572516,0
2011-05-17,0.5348074906036454,1
2011-05-18,0.28278734877540135,1
2011-05-19,0.2888804338435167,1
2011-05-20,0.3922333668121346,0
2011-05-23,0.46798292724322293,0
2011-05-24,0.5466361348397006,0
2011-05-25,0.7213034325424328,1
2011-05-26,0.6286489434803029,0
2011-05-27,0.47600922050548594,1
2011-05-31,0.49714756881459665,1
2011-06-01,0.34962059530432865,0
2011-06-02,0.4972230296011415,1
2011-06-03,0.45670120416197924,0
2011-06-06,0.5484077840507134,0
2011-06-07,0.3759153584671516,0
2011-06-08,0.5779019771361759,1
2011-06-09,0.7299108369503866,0
2011-06-10,0.4836859777314714,0
2011-06-13,0.5602567583148412,1
2011-06-14,0.6035215987566669,1
2011-06-15,0.43981692921712456,0
2011-06-16,0.5336138722715625,0
2011-06-17,0.5018888601172692,0
2011-06-20,0.5146514147823248,0
2011-06-21,0.38404853242168,1
2011-06-22,0.5036765261388414,0
2011-06-23,0.5746997436868174,1
2011-06-24,0.7176715411692562,0
2011-06-27,0.6438906239127811,1
2011-06-28,0.8229773686267334,1
2011-06-29,0.38489786556679256,0
2011-06-30,0.6308480955081017,1
2011-07-01,0.5275013008607528,1
2011-07-05,0.8284704399826508,1
2011-07-06,0.3787552571967273,1
2011-07-07,0.3740417236728836,1
2011-07-08,0.4100911031833967,1
2011-07-11,0.181415641353529,0
2011-07-12,0.4211367467478858,0
2011-07-13,0.3861301007669453,1
2011-07-14,0.5225590679714311,0
2011-07-15,0.551263396366574,1
2011-07-18,0.7814256258823828,1
2011-07-19,0.6425635757279076,1
2011-07-20,0.41346445165063955,1
2011-07-21,0.3652377992977463,1
2011-07-22,0.5737878757259759,1
2011-07-25,0.30196501894690364,1
2011-07-26,0.774718814878153,1
2011-07-27,0.676916018108193,0
2011-07-28,0.42962365218429427,0
2011-07-29,0.2430298206363684,0
2011-08-01,0.7030808561248119,1
2011-08-02,0.48281902321210735,0
2011-08-03,0.6856724467960192,1
2011-08-04,0.26083585118084496,0
2011-08-05,0.4100937465569341,0
2011-08-08,0.5007865549577275,0
2011-08-09,0.5070470890647113,1
2011-08-10,0.43249017927811345,0
2011-08-11,0.5934274898521248,1
2011-08-12,0.3398569355926109,1
2011-08-15,0.478643077246806,1
2011-08-16,0.5180443447567848,0
2011-08-17,0.5771658251088123,0
2011-08-18,0.6067422317133335,0
2011-08-19,0.3313036862243196,0
2011-08-22,0.26988287438965664,1
2011-08-23,0.6916515232847764,1
2011-08-24,0.5498471017969387,1
2011-08-25,0.38772701951651695,0
2011-08-26,0.7326727963283785,1
2011-08-29,0.5173511951439288,1
2011-08-30,0.6768945776095739,1
2011-08-31,0.5101277722115164,0
2011-09-01,0.8091121887322981,0
2011-09-02,0.7633011263664806,0
2011-09-06,0.462655377728139,1
2011-09-07,0.6457356426431533,1
2011-09-08,0.5968063924377721,1
2011-09-09,0.7052947336298523,0
2011-09-12,0.3552614809129844,1
2011-09-13,0.6029077189997659,1
2011-09-14,0.6587636730274382,1
2011-09-15,0.23618907703653286,1
2011-09-16,0.32251122310013375,1
2011-09-19,0.19411517333598494,1
2011-09-20,0.45958897483331634,1
2011-09-21,0.6076313383693943,0
2011-09-22,0.7253535578144041,0
2011-09-23,0.5111142170629662,1
2011-09-26,0.7442923318356938,0
2011-09-27,0.2929847812677663,0
2011-09-28,0.24449263409672684,0
2011-09-29,0.4916678451655072,0
2011-09-30,0.5576098173408961,0
2011-10-03,0.49509578778588603,0
2011-10-04,0.18988368499401853,0
2011-10-05,0.4866319940730817,1
2011-10-06,0.30432957492427204,0
2011-10-07,0.6004508823245057,0
2011-10-10,0.5549897369145272,1
2011-10-11,0.3590180320508967,1
2011-10-12,0.422919962399496,1
2011-10-13,0.34111797171665725,1
2011-10-14,0.4905981354090242,1
2011-10-17,0.6432713480751857,0
2011-10-18,0.35214109304966845,1
2011-10-19,0.5756069773276766,0
2011-10-20,0.4204613572441339,0
2011-10-21,0.38106907516064836,0
2011-10-24,0.4839454460068163,1
2011-10-25,0.3447136516370939,0
2011-10-26,0.4169526041979227,1
2011-10-27,0.3203183161116727,1
2011-10-28,0.7947087699374584,1
2011-10-31,0.5052895327957593,0
2011-11-01,0.39504117380111214,0
2011-11-02,0.5320969866101333,1
2011-11-03,0.48315079254637555,1
2011-11-04,0.4668545600700166,0
2011-11-07,0.5921250050065138,0
2011-11-08,0.6136261565070957,1
2011-11-09,0.4204248278584209,0
2011-11-10,0.413627263903298,0
2011-11-11,0.4587422454272534,0
2011-11-14,0.15471182528966226,0
2011-11-15,0.27272134067021714,1
2011-11-16,0.7050311401166787,0
2011-11-17,0.7467451570251925,0
2011-11-18,0.46264459406654324,0
2011-11-21,0.5864835444583649,0
2011-11-22,0.5466875231815305,1
2011-11-23,0.9618321212682857,0
2011-11-25,0.6679362367151865,0
2011-11-28,0.480812361277885,1
2011-11-29,0.35666893390993615,0
2011-11-30,0.25903305196136417,1
2011-12-01,0.5305195453800835,1
2011-12-02,0.3865473882073545,1
2011-12-05,0.2866619435603489,1
2011-12-06,0.403014067363621,0
2011-12-07,0.33776779945784074,0
2011-12-08,0.7530712452608848,1
2011-12-09,0.6322459635424176,1
2011-12-12,0.4988041038025074,0
2011-12-13,0.7219916208335039,0
2011-12-14,0.5116052461471428,0
2011-12-15,0.37080736980076046,0
2011-12-16,0.7284686115904486,1
2011-12-19,0.5808365065526988,1
2011-12-20,0.3444130768510315,1
2011-12-21,0.4714491982874588,1
2011-12-22,0.36865726199228643,1
2011-12-23,0.29258004035534957,1
2011-12-27,0.6389266321297462,1
2011-12-28,0.7864124960705196,0
2011-12-29,0.2902148639271288,1
2011-12-30,0.5844453855035856,0
2012-01-03,0.40240361463172597,1
2012-01-04,0.4269311924352956,1
2012-01-05,0.41114091136416964,1
2012-01-06,0.3704013845480276,1
2012-01-09,0.5072782441917241,0
2012-01-10,0.37535748253834433,1
2012-01-11,0.5405685238669758,0
2012-01-12,0.49246428358262945,0
2012-01-13,0.46415779297003856,0
2012-01-17,0.3638654506937603,1
2012-01-18,0.4134843004147501,1
2012-01-19,0.6133086838738634,0
2012-01-20,0.5751375781436571,0
2012-01-23,0.35336671328021735,1
2012-01-24,0.5148998458143839,0
2012-01-25,0.6127080685057683,1
2012-01-26,0.24958920783179422,0
2012-01-27,0.5815040288569903,1
2012-01-30,0.40060643615812297,1
2012-01-31,0.5855898002889739,1
2012-02-01,0.38551112651862246,0
2012-02-02,0.22926768490032218,0
2012-02-03,0.2558686343175256,1
2012-02-06,0.5072127419992073,1
2012-02-07,0.5389583752582223,1
2012-02-08,0.3643525062343387,1
2012-02-09,0.5957888688166061,1
2012-02-10,0.25077199065965605,1
2012-02-13,0.49008803020290254,1
2012-02-14,0.3183475700356315,1
2012-02-15,0.40222458382967613,0
2012-02-16,0.5071098006974621,1
2012-02-17,0.3709379952074071,0
2012-02-21,0.4423166683655262,1
2012-02-22,0.6509439213821661,0
2012-02-23,0.4134662195715277,1
2012-02-24,0.6253538168097712,1
2012-02-27,0.3305439718013573,1
2012-02-28,0.5794706266872924,1
2012-02-29,0.716235293098685,1
2012-03-01,0.12925332498090664,1
2012-03-02,0.3804657116794285,1
2012-03-05,0.586560819077081,0
2012-03-06,0.4695431920935511,0
2012-03-07,0.5556718810056963,1
2012-03-08,0.40940222199262694,1
2012-03-09,0.512988468120935,1
2012-03-12,0.47664841469118807,1
2012-03-13,0.6751673092489711,1
2012-03-14,0.5381631264951819,1
2012-03-15,0.5506403993112803,0
2012-03-16,0.4382184550816299,1
2012-03-19,0.42685906638912596,1
2012-03-20,0.43511627182705687,1
2012-03-21,0.5591678213567445,0
2012-03-22,0.43685232787696054,0
2012-03-23,0.5434662285344619,0
2012-03-26,0.8113101197968158,1
2012-03-27,0.6306687055147538,1
2012-03-28,0.45109647017482385,1
2012-03-29,0.6801820883245917,0
2012-03-30,0.4387886940467673,0
2012-04-02,0.1942813197233219,1
2012-04-03,0.34878705336238935,1
2012-04-04,0.21938121184612164,0
2012-04-05,0.4472729773938037,1
2012-04-09,0.5027627568784327,1
2012-04-10,0.7514655968412924,0
2012-04-11,0.5490391060646244,0
2012-04-12,0.46713492067867035,0
2012-04-13,0.6244108371775233,0
2012-04-16,0.16832970364881722,0
2012-04-17,0.5353421837162848,1
2012-04-18,0.6156297790830451,0
2012-04-19,0.27821206313302377,0
2012-04-20,0.6715631064810393,0
2012-04-23,0.5507744611241621,0
2012-04-24,0.4377068129148798,0
2012-04-25,0.5949172799159427,1
2012-04-26,0.8406039286706594,0
2012-04-27,0.5272799382587743,0
2012-04-30,0.5372330879450504,0
2012-05-01,0.43109586506896336,0
2012-05-02,0.37252334458028125,1
2012-05-03,0.6245503724816368,0
2012-05-04,0.3715874261136699,0
2012-05-07,0.5107349355829088,1
2012-05-08,0.4283513829852325,0
2012-05-09,0.5718469738619588,1
2012-05-10,0.5500493157930423,1
2012-05-11,0.6556309916386849,0
2012-05-14,0.423497540171788,0
2012-05-15,0.4595187597059943,0
2012-05-16,0.3531854426326539,0
2012-05-17,0.4333560109885833,0
2012-05-18,0.5565950739567278,1
2012-05-21,0.6135482924968028,1
2012-05-22,0.3616752013733562,0
2012-05-23,0.630440888015849,1
2012-05-24,0.7033456788207426,0
2012-05-25,0.5620152354835551,0
2012-05-29,0.7815193718837099,1
2012-05-30,0.383931620134464,1
2012-05-31,0.31330179450328743,0
2012-06-01,0.2331919626643582,0
2012-06-04,0.7244066467233774,1
2012-06-05,0.5981548484531086,0
2012-06-06,0.49166229936343175,1
2012-06-07,0.5419952939479731,1
2012-06-08,0.3311766429052435,1
2012-06-11,0.866862796942524,0
2012-06-12,0.5193831772962841,1
2012-06-13,0.5164092191907339,0
2012-06-14,0.6088649935848038,0
2012-06-15,0.572151384760507,1
2012-06-18,0.5335826036418697,1
2012-06-19,0.3814288316832032,1
2012-06-20,0.5707202535703993,0
2012-06-21,0.782303674471255,0
2012-06-22,0.7018130069232467,1
2012-06-25,0.7389779939959096,0
2012-06-26,0.4233176485353222,1
2012-06-27,0.35155927696121286,1
2012-06-28,0.48113196198505276,0
2012-06-29,0.5083587368433042,1
2012-07-02,0.6641287277706422,1
2012-07-03,0.2461303055427771,1
2012-07-05,0.7294325479190921,1
2012-07-06,0.4762988152131516,0
2012-07-09,0.435967839507887,1
2012-07-10,0.34818434371097484,0
2012-07-11,0.25177149922013464,0
2012-07-12,0.6234755875942872,0
2012-07-13,0.5109976950782605,1
2012-07-16,0.3065058650388419,1
2012-07-17,0.3057381841904576,1
2012-07-18,0.4496322951064808,0
2012-07-19,0.7503532287934089,1
2012-07-20,0.4610612972954593,0
2012-07-23,0.27452855703228407,0
2012-07-24,0.46313854038710833,0
2012-07-25,0.45909146453784944,0
2012-07-26,0.09546700355876425,0
2012-07-27,0.49185577002232816,1
2012-07-30,0.4653598204686983,1
2012-07-31,0.6044309547220128,1
2012-08-01,0.7773434142418018,0
2012-08-02,0.6689847544321637,1
2012-08-03,0.45966669641677543,1
2012-08-06,0.3340211136887494,1
2012-08-07,0.886003970487479,0
2012-08-08,0.5088827651021732,0
2012-08-09,0.502089393786942,1
2012-08-10,0.4963812369334995,1
2012-08-13,0.5297127141151783,1
2012-08-14,0.47834593821140864,1
2012-08-15,0.41395069896796455,0
2012-08-16,0.4179711588139412,1
2012-08-17,0.49508700946760026,1
2012-08-20,0.4184862843299353,1
2012-08-21,0.39307313259842536,0
2012-08-22,0.5159645341537845,1
2012-08-23,0.4617534173868717,0
2012-08-24,0.7255989482874032,1
2012-08-27,0.10235452874104822,1
2012-08-28,0.6637260277883692,0
2012-08-29,0.6869127788746443,0
2012-08-30,0.18899146513877757,0
2012-08-31,0.4485968608879477,1
2012-09-04,0.4442838701006313,1
2012-09-05,0.2888732457923268,0
2012-09-06,0.3833274968613687,1
2012-09-07,0.3334136231801257,1
2012-09-10,0.7628405665135434,0
2012-09-11,0.6403517589721192,0
2012-09-12,0.6907332642491238,1
2012-09-13,0.6082508096064853,1
2012-09-14,0.33064223431741563,1
2012-09-17,0.42132196005803396,1
2012-09-18,0.5734061841841878,1
2012-09-19,0.31668082866620817,1
2012-09-20,0.6069497645258582,0
2012-09-21,0.46395119027627973,1
2012-09-24,0.4437768788675604,0
2012-09-25,0.6066439952305237,0
2012-09-26,0.5666394967229059,0
2012-09-27,0.445855075127138,1
2012-09-28,0.6738994705046372,0
2012-10-01,0.3378405008600154,0
2012-10-02,0.5923903410416396,1
2012-10-03,0.5889651886952576,1
2012-10-04,0.4535680341029015,0
2012-10-05,0.5489199533363177,0
2012-10-08,0.3123329635422045,0
2012-10-09,0.6386040528810352,0
2012-10-10,0.47226467953355167,1
2012-10-11,0.42159154692214407,0
2012-10-12,0.6573513838755334,1
2012-10-15,0.39434844641858613,1
2012-10-16,0.28873080554546604,1
2012-10-17,0.2665056239714144,0
2012-10-18,0.5909014927018459,0
2012-10-19,0.3079355971255575,0
2012-10-22,0.7632191272976547,1
2012-10-23,0.18771058881744168,0
2012-10-24,0.7544684552435057,1
2012-10-25,0.5316526200803927,0
2012-10-26,0.48549303321944115,0
2012-10-31,0.41826213697865755,0
2012-11-01,0.5598704171528106,1
2012-11-02,0.49435479463627274,0
2012-11-05,0.6654952823024782,1
2012-11-06,0.517134147299306,0
2012-11-07,0.5225452642192816,0
2012-11-08,0.4454581681679216,0
2012-11-09,0.4914581564418399,1
2012-11-12,0.5461702653338089,0
2012-11-13,0.2434747411015062,1
2012-11-14,0.29777218668414307,0
2012-11-15,0.6114896141034072,0
2012-11-16,0.5256298157191913,1
2012-11-19,0.4724024995470981,1
2012-11-20,0.502765089959809,0
2012-11-21,0.5521372558042507,1
2012-11-23,0.4190360479535958,1
2012-11-26,0.3832542911896531,1
2012-11-27,0.5293767882646523,0
2012-11-28,0.3532440833577452,0
2012-11-29,0.5612379133571708,1
2012-11-30,0.24461245936432396,0
2012-12-03,0.6543733455988465,1
2012-12-04,0.5708896223619564,0
2012-12-05,0.5384044601470813,0
2012-12-06,0.6474036475918271,1
2012-12-07,0.7498211666693865,0
2012-12-10,0.6521555097527195,0
2012-12-11,0.22386886530025324,1
2012-12-12,0.30806345498964477,0
2012-12-13,0.40627721334564815,0
2012-12-14,0.5039136575316251,0
2012-12-17,0.5776488530703685,1
2012-12-18,0.3911384280269802,1
2012-12-19,0.5280150146715618,0
2012-12-20,0.3866925601470016,0
2012-12-21,0.40827232955120774,0
2012-12-24,0.28900083547276667,1
2012-12-26,0.36151501308336437,0
2012-12-27,0.29724730915754993,1
2012-12-28,0.3536190120534001,0
2012-12-31,0.658046269491176,1
2013-01-02,0.35759016667520854,1
2013-01-03,0.8948573097256086,0
2013-01-04,0.5739976851321333,0
2013-01-07,0.527725418554231,0
2013-01-08,0.37124633297281795,1
2013-01-09,0.6050464819113487,0
2013-01-10,0.41365432606433394,1
2013-01-11,0.5183014721968042,0
2013-01-14,0.8840126807403192,0
2013-01-15,0.48559101504130253,0
2013-01-16,0.6723909989428514,1
2013-01-17,0.3945235362311169,0
2013-01-18,0.49475172642545573,0
2013-01-22,0.7656200953453265,1
2013-01-23,0.4059549413318349,1
2013-01-24,0.7718672836995393,0
2013-01-25,0.6061627903183213,0
2013-01-28,0.41562998361585984,1
2013-01-29,0.5948611608583282,1
2013-01-30,0.6458831674440095,0
2013-01-31,0.5932714943325794,0
2013-02-01,0.26446629201643157,0
2013-02-04,0.3909294236262697,0
2013-02-05,0.4628722046672743,1
2013-02-06,0.48883498563499306,0
2013-02-07,0.5931008146326017,1
2013-02-08,0.5266551501399881,1
2013-02-11,0.2996983461934848,1
2013-02-12,0.5570296776508945,0
2013-02-13,0.5915878617925735,0
2013-02-14,0.583968567189656,0
2013-02-15,0.6621171088331933,0
2013-02-19,0.6250883231823356,0
2013-02-20,0.5688770118842655,0
2013-02-21,0.48947514328120295,0
2013-02-22,0.2508558599726013,1
2013-02-25,0.5644427328698879,0
2013-02-26,0.5311531530744666,1
2013-02-27,0.540736825579306,0
2013-02-28,0.3084877136269536,0
2013-03-01,0.3378415189387607,0
2013-03-04,0.6579729279999356,0
2013-03-05,0.4940667269215017,1
2013-03-06,0.6022251046058936,0
2013-03-07,0.5042477564195692,1
2013-03-08,0.5044634209243618,1
2013-03-11,0.6407425708963996,1
2013-03-12,0.42259329076739394,0
2013-03-13,0.5144181165411476,0
2013-03-14,0.43065870669424366,1
2013-03-15,0.43482556588515264,1
2013-03-18,0.45362418147970407,1
2013-03-19,0.533320065745057,0
2013-03-20,0.4281877067504784,0
2013-03-21,0.6883634188360281,1
2013-03-22,0.3658089046670744,1
2013-03-25,0.47196925337579615,1
2013-03-26,0.43404034125887375,0
2013-03-27,0.7170466826530599,0
2013-03-28,0.5294832164767362,0
2013-04-01,0.6547766809202953,0
2013-04-02,0.2771659440444542,1
2013-04-03,0.5400575398803888,1
2013-04-04,0.6334446193435156,0
2013-04-05,0.5123425983913136,0
2013-04-08,0.6598220562598027,1
2013-04-09,0.4224067324849442,1
2013-04-10,0.711402116027837,1
2013-04-11,0.8448347185428875,0
2013-04-12,0.44557421593405117,0
2013-04-15,0.43317462178988425,0
2013-04-16,0.7180076715676551,1
2013-04-17,0.7369358218596068,0
2013-04-18,0.42157099592700975,0
2013-04-19,0.43697197743562144,0
2013-04-22,0.4577323086709239,1
2013-04-23,0.29833242334485843,1
2013-04-24,0.36220220802737024,0
2013-04-25,0.34937888498718983,1
2013-04-26,0.38483036523438074,1
2013-04-29,0.49479726689198283,1
2013-04-30,0.5351322098804782,1
2013-05-01,0.7325750739221115,0
2013-05-02,0.3502468938891814,1
2013-05-03,0.6476483597714875,1
2013-05-06,0.46790167336617366,1
2013-05-07,0.49258044355213504,0
2013-05-08,0.6012229238249905,1
2013-05-09,0.33159169676565525,0
2013-05-10,0.5573614619276076,0
2013-05-13,0.5249678312319584,1
2013-05-14,0.5738676896012224,0
2013-05-15,0.5433752965861727,0
2013-05-16,0.8682950209866341,1
2013-05-17,0.4043390023623026,0
2013-05-20,0.4203504567497274,1
2013-05-21,0.40652892103628535,0
2013-05-22,0.4166784321259618,1
2013-05-23,0.40439193090402237,1
2013-05-24,0.6783524796661328,1
2013-05-28,0.7130756371984782,0
2013-05-29,0.41438805593757855,1
2013-05-30,0.3751466640343657,1
2013-05-31,0.5707123334579606,0
2013-06-03,0.4171665433578543,1
2013-06-04,0.5949397726633266,0
2013-06-05,0.530438453127695,0
2013-06-06,0.2726383827504152,0
2013-06-07,0.7321257801995092,1
2013-06-10,0.7693816509643283,0
2013-06-11,0.40808169642734204,0
2013-06-12,0.4418447660096024,0
2013-06-13,0.5428798086087357,1
2013-06-14,0.5501685184980537,0
2013-06-17,0.5987816409009246,1
2013-06-18,0.8015306808149525,0
2013-06-19,0.4734579158758926,0
2013-06-20,0.38025541331923196,0
2013-06-21,0.2931021157978209,0
2013-06-24,0.39036049400871214,0
2013-06-25,0.49503095406893044,1
2013-06-26,0.7691836795276681,0
2013-06-27,0.4223583051445743,0
2013-06-28,0.5335681927458348,1
2013-07-01,0.4975365655890872,1
2013-07-02,0.6782589910172125,1
2013-07-03,0.8790398638810433,1
2013-07-05,0.4203696840619519,0
2013-07-08,0.4265840836222667,0
2013-07-09,0.6566241315603608,1
2013-07-10,0.6022837234439467,0
2013-07-11,0.7770060988604051,1
2013-07-12,0.5875892277988946,0
2013-07-15,0.44610618638194105,1
2013-07-16,0.5885982246038464,1
2013-07-17,0.6663055370874361,1
2013-07-18,0.6230723271796046,1
2013-07-19,0.5760911046660947,0
2013-07-22,0.6600012034383731,1
2013-07-23,0.6753943385668509,0
2013-07-24,0.707323848655629,1
2013-07-25,0.5973064831384464,0
2013-07-26,0.47493228795247183,1
2013-07-29,0.5220070529649984,1
2013-07-30,0.6809763449762535,1
2013-07-31,0.37745964935191456,0
2013-08-01,0.5553009963309352,1
2013-08-02,0.4409991781508959,1
2013-08-05,0.5043117234402226,1
2013-08-06,0.6917677793910948,0
2013-08-07,0.5286648602029855,0
2013-08-08,0.5069654822234223,0
2013-08-09,0.2960215788530121,0
2013-08-12,0.611938034904083,1
2013-08-13,0.5968226271711613,1
2013-08-14,0.8244882084958189,1
2013-08-15,0.4538332647570499,0
2013-08-16,0.5328725491495908,1
2013-08-19,0.5374075525566133,1
2013-08-20,0.7366179919645212,0
2013-08-21,0.4857056701419572,1
2013-08-22,0.5418532288655509,1
2013-08-23,0.5911844764574808,0
2013-08-26,0.5279913684734537,1
2013-08-27,0.43303495781742074,0
2013-08-28,0.5291134989347461,1
2013-08-29,0.6610447624789658,1
2013-08-30,0.346022705088341,0
2013-09-03,0.5199454511220314,1
2013-09-04,0.394981877759124,1
2013-09-05,0.6792569943387263,0
2013-09-06,0.2715219642824338,1
2013-09-09,0.41616172290926173,1
2013-09-10,0.5565817812596782,0
2013-09-11,0.7348286043851511,0
2013-09-12,0.49013746083905185,1
2013-09-13,0.41672007099602026,0
2013-09-16,0.7821735604160884,0
2013-09-17,0.2827979149375634,1
2013-09-18,0.1701791065069877,1
2013-09-19,0.5660021675079998,1
2013-09-20,0.4246918663471083,0
2013-09-23,0.346815077430393,1
2013-09-24,0.606253467094903,0
2013-09-25,0.5365701070656799,0
2013-09-26,0.41538820538949073,1
2013-09-27,0.30795434019936585,0
2013-09-30,0.6308685992420217,0
2013-10-01,0.5975301766937992,1
2013-10-02,0.48512362043309254,1
2013-10-03,0.7769955494071499,0
2013-10-04,0.3394872850510771,0
2013-10-07,0.27117122436128915,1
2013-10-08,0.39621378951781333,0
2013-10-09,0.49316209754667534,1
2013-10-10,0.5365009173984038,1
2013-10-11,0.4638145913215505,1
2013-10-14,0.5528083094771445,1
2013-10-15,0.31226908637143336,1
2013-10-16,0.7165646906109889,1
2013-10-17,0.4876773232411147,1
2013-10-18,0.6675943747382191,1
2013-10-21,0.5514088019566556,1
2013-10-22,0.5685129828730676,0
2013-10-23,0.5854650920348305,1
2013-10-24,0.5671562840025972,1
2013-10-25,0.5964084139801316,0
2013-10-28,0.6993728795198647,1
2013-10-29,0.5294781754552205,0
2013-10-30,0.6063505636382769,1
2013-10-31,0.486539645856916,0
2013-11-01,0.7160175823174209,0
2013-11-04,0.39854115469110957,1
2013-11-05,0.7701410649366223,0
2013-11-06,0.49397630740334847,0
2013-11-07,0.2853837346822928,0
2013-11-08,0.5192156622366184,1
2013-11-11,0.3978422513787679,0
2013-11-12,0.6260965323483086,1
2013-11-13,0.40210640310464135,1
2013-11-14,0.43307248501778306,1
2013-11-15,0.21656889035817034,0
2013-11-18,0.43215405211263846,0
2013-11-19,0.1364181010056565,1
2013-11-20,0.2624145764771415,0
2013-11-21,0.6140621984216446,1
2013-11-22,0.6178700237976248,0
2013-11-25,0.5638186342677447,1
2013-11-26,0.35495357853061804,1
2013-11-27,0.492843296578703,1
2013-11-29,0.49945961913641473,1
2013-12-02,0.32624529662111856,0
2013-12-03,0.7255097452650726,1
2013-12-04,0.6316043435863508,0
2013-12-05,0.46685537392555043,1
2013-12-06,0.5040328758491797,0
2013-12-09,0.5312574211921328,1
2013-12-10,0.19373976973635643,0
2013-12-11,0.46292339262191046,0
2013-12-12,0.3977023628003302,0
2013-12-13,0.3497569985157627,0
2013-12-16,0.4578349560671068,1
2013-12-17,0.7696529790274284,0
2013-12-18,0.5961264291900514,0
2013-12-19,0.4143231515325805,0
2013-12-20,0.5858874172034237,1
2013-12-23,0.7099033154879003,1
2013-12-24,0.6386950524369153,0
2013-12-26,0.5089445554880261,0
2013-12-27,0.4029594833441639,0
2013-12-30,0.6047334970420385,0
2013-12-31,0.5590228078132624,1
2014-01-02,0.6342789830041599,0
2014-01-03,0.5952757702522954,0
2014-01-06,0.6574329072979003,1
2014-01-07,0.4197147182659148,0
2014-01-08,0.6976091098451489,1
2014-01-09,0.5296399407038599,0
2014-01-10,0.8112891308937897,0
2014-01-13,0.3966218272865648,1
2014-01-14,0.7603945704747874,1
2014-01-15,0.5296866175193972,1
2014-01-16,0.40228729945783276,0
2014-01-17,0.4274171248918518,0
2014-01-21,0.451947903770852,1
2014-01-22,0.5636248919602874,1
2014-01-23,0.5784253232053249,1
2014-01-24,0.41394499940921314,0
2014-01-27,0.49634681116085255,1
2014-01-28,0.8213405537917795,0
2014-01-29,0.7591314755151066,0
2014-01-30,0.5654485504511049,0
2014-01-31,0.5057005217252301,1
2014-02-03,0.5180046990077392,1
2014-02-04,0.5920276959095625,1
2014-02-05,0.34658111522023916,1
2014-02-06,0.46139351938649825,1
2014-02-07,0.24971238891836162,1
2014-02-10,0.5598834683907918,1
2014-02-11,0.5970793909554112,1
2014-02-12,0.4275220306550939,0
2014-02-13,0.736098014493505,1
2014-02-14,0.3161351505496488,0
2014-02-18,0.280343767968527,1
2014-02-19,0.5336677727839958,0
2014-02-20,0.6570647453918231,0
2014-02-21,0.7525891537186803,0
2014-02-24,0.431167360569659,1
2014-02-25,0.6618021250146944,0
2014-02-26,0.4942237295748939,0
2014-02-27,0.47410590500887706,1
2014-02-28,0.6325489906230009,0
2014-03-03,0.597848431762013,1
2014-03-04,0.26354117645236264,1
2014-03-05,0.7214810524588844,1
2014-03-06,0.7070137031221178,0
2014-03-07,0.4061655947735706,0
2014-03-10,0.5593705300156113,1
2014-03-11,0.5741045279424108,1
2014-03-12,0.5391010648735861,1
2014-03-13,0.417454226923187,0
2014-03-14,0.39925649480929226,0
2014-03-17,0.4961668893512832,1
2014-03-18,0.6759093528889046,1
2014-03-19,0.5815400231891649,0
2014-03-20,0.4444078501870841,0
2014-03-21,0.6157548065972517,1
2014-03-24,0.0727186069054887,1
2014-03-25,0.6723148550558156,1
2014-03-26,0.23904293318328507,0
2014-03-27,0.44563385878953016,0
2014-03-28,0.33204951580607844,0
2014-03-31,0.30579777864186414,0
2014-04-01,0.6741240181067779,1
2014-04-02,0.4298448198032163,1
2014-04-03,0.5519755822596074,0
2014-04-04,0.4929619131681224,0
2014-04-07,0.5715561240834682,0
2014-04-08,0.5115232836590383,0
2014-04-09,0.30755116637171453,1
2014-04-10,0.649440022917071,0
2014-04-11,0.4259365125258031,0
2014-04-14,0.26651271520103736,1
2014-04-15,0.43578272585511313,0
2014-04-16,0.7251139685951467,1
2014-04-17,0.6275332613170239,1
2014-04-21,0.4477021798388211,1
2014-04-22,0.4476113443522357,1
2014-04-23,0.4517547423173926,0
2014-04-24,0.8115121975341262,1
2014-04-25,0.557290317834733,1
2014-04-28,0.5645062470786605,1
2014-04-29,0.6545425181047764,0
2014-04-30,0.535818373853977,0
2014-05-01,0.46114367812689455,1
2014-05-02,0.47054752263725325,1
2014-05-05,0.4892598110878904,1
2014-05-06,0.4944166645235238,0
2014-05-07,0.609144431545547,0
2014-05-08,0.5077918828710949,0
2014-05-09,0.6098960115823369,0
2014-05-12,0.48789251298371267,1
2014-05-13,0.5117952785474136,1
2014-05-14,0.20026989732018385,1
2014-05-15,0.6374491512053722,0
2014-05-16,0.5519732713846989,1
2014-05-19,0.6497015164789478,1
2014-05-20,0.06556169327094663,1
2014-05-21,0.8132562057171091,1
2014-05-22,0.47906155577672394,1
2014-05-23,0.6662274225106275,1
2014-05-27,0.3440141109311704,1
2014-05-28,0.5919160857593855,0
2014-05-29,0.34198766552395155,1
2014-05-30,0.4064346558956292,0
2014-06-02,0.7871047030800179,0
2014-06-03,0.471397639885498,1
2014-06-04,0.5326149309769584,1
2014-06-05,0.6305101596033131,1
2014-06-06,0.5743522831958907,0
2014-06-09,0.5225628357715365,1
2014-06-10,0.5547441503699339,1
2014-06-11,0.8605123377857413,0
2014-06-12,0.4913571804449622,0
2014-06-13,0.5301648570072451,0
2014-06-16,0.6575981594011417,1
2014-06-17,0.6658288899436976,0
2014-06-18,0.678054545834057,1
2014-06-19,0.5958095333043777,0
2014-06-20,0.3285492630904275,0
2014-06-23,0.7450147298451644,0
2014-06-24,0.32804819104719685,0
2014-06-25,0.545395319785855,1
2014-06-26,0.38685862249709635,1
2014-06-27,0.4903792480110511,1
2014-06-30,0.549314361545522,1
2014-07-01,0.548203582317541,1
2014-07-02,0.5632881131352927,0
2014-07-03,0.7420566903587971,1
2014-07-07,0.5680301452270969,1
2014-07-08,0.4633765047064027,0
2014-07-09,0.6446130752432536,1
2014-07-10,0.6784205733386961,0
2014-07-11,0.3158588277294512,1
2014-07-14,0.5896100104774787,1
2014-07-15,0.6051759113466347,0
2014-07-16,0.45536547449600123,0
2014-07-17,0.7063560219967429,0
2014-07-18,0.477491661945121,1
2014-07-21,0.5188364680207314,0
2014-07-22,0.4740392263574196,1
2014-07-23,0.5023368571372201,1
2014-07-24,0.3355587369657197,0
2014-07-25,0.2839923676108559,1
2014-07-28,0.7391757594837458,1
2014-07-29,0.37295579775225085,0
2014-07-30,0.35129114758155394,0
2014-07-31,0.17699148295944278,0
2014-08-01,0.40415573784657466,1
2014-08-04,0.30153653098887523,0
2014-08-05,0.7463022740204553,0
2014-08-06,0.6514725634013951,0
2014-08-07,0.39677744822334143,0
2014-08-08,0.8378653708016464,1
2014-08-11,0.6472648230487391,1
2014-08-12,0.4512752924737066,0
2014-08-13,0.12508914276896405,1
2014-08-14,0.8436413858886113,1
2014-08-15,0.2915641299854606,1
2014-08-18,0.25319018795646625,1
2014-08-19,0.653385564801446,1
2014-08-20,0.8659628609508909,1
2014-08-21,0.7076409227765778,1
2014-08-22,0.5845863680078539,1
2014-08-25,0.5892131512497929,1
2014-08-26,0.6280123338170461,0
2014-08-27,0.6138392884680147,1
2014-08-28,0.5421787135954064,1
2014-08-29,0.5156301655927814,1
2014-09-02,0.4906110308150716,1
2014-09-03,0.38690531166999853,0
2014-09-04,0.4578987384699839,0
2014-09-05,0.24605647787069218,1
2014-09-08,0.4852490559807875,0
2014-09-09,0.3517113339273624,0
2014-09-10,0.33446160241763434,1
2014-09-11,0.5269841226730217,1
2014-09-12,0.7088003429516899,1
2014-09-15,0.6377474909003469,0
2014-09-16,0.26442490945652347,0
2014-09-17,0.3515557795144494,1
2014-09-18,0.6411156781982323,1
2014-09-19,0.3526268909692536,0
2014-09-22,0.46630502750044633,1
2014-09-23,0.5825078148536827,1
2014-09-24,0.35474833177045473,0
2014-09-25,0.515806325921894,0
2014-09-26,0.29989617576226935,1
2014-09-29,0.40979485340731797,0
2014-09-30,0.5479672901213806,1
2014-10-01,0.26105093997024964,0
2014-10-02,0.5660712106940599,1
2014-10-03,0.4970543301609978,0
2014-10-06,0.5828734931625722,0
2014-10-07,0.5335871201096992,0
2014-10-08,0.7046210644960766,1
2014-10-09,0.5187836753971861,1
2014-10-10,0.43558916883121207,0
2014-10-13,0.5183446254548426,0
2014-10-14,0.5814947043554581,0
2014-10-15,0.5073290105488556,0
2014-10-16,0.5060887536805824,0
2014-10-17,0.3947012468289867,1
2014-10-20,0.4005648623673578,1
2014-10-21,0.28960920923004596,1
2014-10-22,0.7624365114780409,1
2014-10-23,0.3134205146913073,1
2014-10-24,0.3960642203306139,1
2014-10-27,0.39223891016462037,0
2014-10-28,0.6342386565416662,1
2014-10-29,0.45575754825619585,1
2014-10-30,0.68716131090106,0
2014-10-31,0.39897640636341974,1
2014-11-03,0.5418491243335702,1
2014-11-04,0.3746979420110364,0
2014-11-05,0.8217723691660082,1
2014-11-06,0.3218602371455731,1
2014-11-07,0.5464731065340541,1
2014-11-10,0.5950665321398148,0
2014-11-11,0.5620698646177247,1
2014-11-12,0.47220685116834377,1
2014-11-13,0.4805268950399861,1
2014-11-14,0.5065717207968664,1
2014-11-17,0.4779496997557267,0
2014-11-18,0.6445818675192364,1
2014-11-19,0.8315784502387027,0
2014-11-20,0.416376232248825,1
2014-11-21,0.2945295530631383,1
2014-11-24,0.4867576927473118,1
2014-11-25,0.8869564006481478,0
2014-11-26,0.3794488148045404,1
2014-11-28,0.7458675208166101,0
2014-12-01,0.751655122111466,0
2014-12-02,0.4169617637438008,0
2014-12-03,0.5853474618777913,1
2014-12-04,0.7442594934692807,0
2014-12-05,0.44313083885187693,0
2014-12-08,0.4694629459846457,0
2014-12-09,0.41274786290770343,1
2014-12-10,0.34778649039607,0
2014-12-11,0.40260836824009893,0
2014-12-12,0.31640895998566154,0
2014-12-15,0.5051125202388839,0
2014-12-16,0.3845040153412037,0
2014-12-17,0.5350678867686122,1
2014-12-18,0.2666156530694559,1
2014-12-19,0.5496320348321686,0
2014-12-22,0.6250293442413387,1
2014-12-23,0.20093965361428168,0
2014-12-24,0.5561084854771359,0
2014-12-26,0.6841503488709938,1
2014-12-29,0.3185538471963192,0
2014-12-30,0.7508858580256554,0
2014-12-31,0.5628528514049068,0
2015-01-02,0.3942482216362387,0
2015-01-05,0.4916346383513441,0
2015-01-06,0.5837490368782583,1
2015-01-07,0.5114008087118618,1
2015-01-08,0.5808133988669554,1
2015-01-09,0.36189896103809505,1
2015-01-12,0.5254041236054117,0
2015-01-13,0.287942825464253,1
2015-01-14,0.48331609079769494,0
2015-01-15,0.36441385378028157,0
2015-01-16,0.389670508611535,0
2015-01-20,0.6854139762815656,1
2015-01-21,0.6636965180891403,1
2015-01-22,0.5913707181360766,1
2015-01-23,0.33615308529911314,1
2015-01-26,0.4525387325457797,1
2015-01-27,0.6819646549968775,0
2015-01-28,0.5212575370459858,1
2015-01-29,0.8478994309972541,1
2015-01-30,0.5589976759091557,0
2015-02-02,0.5288073674735048,1
2015-02-03,0.4536325303696248,1
2015-02-04,0.5200311357173424,1
2015-02-05,0.4771295245429184,1
2015-02-06,0.6062163015032885,0
2015-02-09,0.6435053475191876,1
2015-02-10,0.3821015809238076,1
2015-02-11,0.3003150569663333,1
2015-02-12,0.22456919403450554,1
2015-02-13,0.5761986990368816,1
2015-02-17,0.33449500907391894,1
2015-02-18,0.17706641105712756,1
2015-02-19,0.5582867906796446,0
2015-02-20,0.8739499276149185,1
2015-02-23,0.499089363269016,1
2015-02-24,0.6257736161677463,0
2015-02-25,0.5122744037821347,0
2015-02-26,0.4851665520213286,1
2015-02-27,0.6378614724481653,0
2015-03-02,0.4564588183717023,1
2015-03-03,0.5401088471107854,1
2015-03-04,0.548254670929402,0
2015-03-05,0.3997864319535427,0
2015-03-06,0.6488063524304784,1
2015-03-09,0.4737560364956887,1
2015-03-10,0.3866382260760733,0
2015-03-11,0.5804764765355606,0
2015-03-12,0.3652298027313444,1
2015-03-13,0.5042271736053693,0
2015-03-16,0.49863215050336945,1
2015-03-17,0.6628843348747367,1
2015-03-18,0.5712047349319929,1
2015-03-19,0.4962459561882284,0
2015-03-20,0.6226649448800431,0
2015-03-23,0.708531132352597,1
2015-03-24,0.5836715459527794,0
2015-03-25,0.5015528929765071,0
2015-03-26,0.3032245651474761,1
2015-03-27,0.3402329505386941,0
2015-03-30,0.45421629434679983,1
2015-03-31,0.4085731696761075,0
2015-04-01,0.4719543045521831,0
2015-04-02,0.5084974887345661,1
2015-04-06,0.5794539131535096,1
2015-04-07,0.4894251832911363,0
2015-04-08,0.5729752465739303,0
2015-04-09,0.509671162221518,1
2015-04-10,0.2036800150469193,1
2015-04-13,0.35909969092718685,0
2015-04-14,0.47838686664175767,0
2015-04-15,0.31854578857383387,1
2015-04-16,0.5899893094994306,0
2015-04-17,0.7296126248515546,0
2015-04-20,0.6828142777545975,1
2015-04-21,0.4679835693604688,0
2015-04-22,0.7236089205274928,1
2015-04-23,0.5223001185803168,1
2015-04-24,0.4494371043322941,1
2015-04-27,0.407989600468859,1
2015-04-28,0.45462954702678077,0
2015-04-29,0.44177347721881566,0
2015-04-30,0.5255624333563231,0
2015-05-01,0.5240860971574797,1
2015-05-04,0.5004569030230122,0
2015-05-05,0.5655407254619524,0
2015-05-06,0.6785969412179512,0
2015-05-07,0.6424331203161986,1
2015-05-08,0.2772653047325145,1
2015-05-11,0.11691182976470677,0
2015-05-12,0.640147986685891,0
2015-05-13,0.2949681952376868,1
2015-05-14,0.46628518971609745,1
2015-05-15,0.3244830460910961,0
2015-05-18,0.22970293436299705,1
2015-05-19,0.5812194092307182,0
2015-05-20,0.613873274045397,0
2015-05-21,0.4135234398909921,1
2015-05-22,0.11134365617826353,1
2015-05-26,0.4180633327621276,0
2015-05-27,0.558770600810382,1
2015-05-28,0.2781632646838807,0
2015-05-29,0.5275039879668734,0
2015-06-01,0.49770352262405065,1
2015-06-02,0.5868937249401632,0
2015-06-03,0.517937055262123,1
2015-06-04,0.35403965886776667,0
2015-06-05,0.6794857252496737,0
2015-06-08,0.4762205640459545,0
2015-06-09,0.49590431907351024,0
2015-06-10,0.36000980613902056,1
2015-06-11,0.43350766232127347,0
2015-06-12,0.3672795928959649,0
2015-06-15,0.47405809101148655,0
2015-06-16,0.7567562720213514,1
2015-06-17,0.29421482856029657,0
2015-06-18,0.2579657903184889,1
2015-06-19,0.7206755491240413,0
2015-06-22,0.46860144842722007,1
2015-06-23,0.39963908920101254,0
2015-06-24,0.6559857031094114,1
2015-06-25,0.4091576690394704,0
2015-06-26,0.7739014570320404,0
2015-06-29,0.6016888807008903,0
2015-06-30,0.4268132887781446,1
2015-07-01,0.8235962319898256,1
2015-07-02,0.40914276154949925,0
2015-07-06,0.611314305801396,0
2015-07-07,0.5448938870609737,0
2015-07-08,0.6952611934098197,0
2015-07-09,0.7342266795090279,0
2015-07-10,0.504800622359865,1
2015-07-13,0.3869873194480725,1
2015-07-14,0.5689958214408675,0
2015-07-15,0.39834269453718407,1
2015-07-16,0.8020080871289934,1
2015-07-17,0.5204802996624106,1
2015-07-20,0.4452017673031837,1
2015-07-21,0.5277020458797362,0
2015-07-22,0.2979310565705455,0
2015-07-23,0.35425789422340226,0
2015-07-24,0.6800620861916638,0
2015-07-27,0.40146585815429064,0
2015-07-28,0.34296335259770905,1
2015-07-29,0.5804979128790929,0
2015-07-30,0.6778556231994495,0
2015-07-31,0.60784299659976,0
2015-08-03,0.6494071528708725,0
2015-08-04,0.3864807367145809,0
2015-08-05,0.28672839998872346,1
2015-08-06,0.725200047793323,1
2015-08-07,0.45159802417367967,1
2015-08-10,0.4623750475317429,1
2015-08-11,0.6992291212773587,0
2015-08-12,0.583434501410099,1
2015-08-13,0.5683831658122411,0
2015-08-14,0.8247503517351626,1
2015-08-17,0.40347226544297854,1
2015-08-18,0.6391760192121856,0
2015-08-19,0.5085519687345627,0
2015-08-20,0.5402888418294886,0
2015-08-21,0.7292702639618798,0
2015-08-24,0.5761753634434436,0
2015-08-25,0.580744411857445,1
2015-08-26,0.6608761005964703,1
2015-08-27,0.4452570905685672,1
2015-08-28,0.37411854989914906,1
2015-08-31,0.34327862089684497,0
2015-09-01,0.20504651159359977,0
2015-09-02,0.8084310694910484,1
2015-09-03,0.3345187451417475,0
2015-09-04,0.4668119564621342,0
2015-09-08,0.4584780050166619,1
2015-09-09,0.5461110046713651,0
2015-09-10,0.6223605818808945,1
2015-09-11,0.6290710232539618,1
2015-09-14,0.4125383842146592,1
2015-09-15,0.47493174293203827,1
2015-09-16,0.542386992573245,1
2015-09-17,0.46269633107246794,0
2015-09-18,0.7411018364029989,0
2015-09-21,0.5736462427457377,1
2015-09-22,0.6102316679074726,0
2015-09-23,0.5994321903001119,1
2015-09-24,0.6760210786227987,1
2015-09-25,0.527153233805556,0
2015-09-28,0.305475207806623,0
2015-09-29,0.5599531927628962,0
2015-09-30,0.40229646593122564,1
2015-10-01,0.42070749773753646,0
2015-10-02,0.587954602813264,1
2015-10-05,0.6857424607150453,1
2015-10-06,0.5031907365104092,1
2015-10-07,0.5463249518898445,0
2015-10-08,0.7553322416952857,0
2015-10-09,0.5361129769232852,1
2015-10-12,0.8902524671270593,0
2015-10-13,0.5848264468447316,1
2015-10-14,0.23588558612662736,0
2015-10-15,0.6130012431656798,1
2015-10-16,0.5571737577324166,0
2015-10-19,0.6934629131124118,1
2015-10-20,0.6009772026904937,1
2015-10-21,0.47923160240243395,0
2015-10-22,0.31635526455659513,1
2015-10-23,0.46864651140709623,1
2015-10-26,0.37242193186860495,0
2015-10-27,0.4129214825292916,0
2015-10-28,0.5882867606630915,1
2015-10-29,0.750485675652711,1
2015-10-30,0.5592007294734471,0
2015-11-02,0.32061754069472237,1
2015-11-03,0.5666904002330211,1
2015-11-04,0.6794947229968477,0
2015-11-05,0.4085325643520927,0
2015-11-06,0.47989742499906235,1
2015-11-09,0.5022032292093795,0
2015-11-10,0.382265253037664,0
2015-11-11,0.5972420650765788,0
2015-11-12,0.48185777770883276,0
2015-11-13,0.5629298665860542,0
2015-11-16,0.36687617332968503,1
2015-11-17,0.43438125495148844,0
2015-11-18,0.6083572036741657,1
2015-11-19,0.4440750271862349,1
2015-11-20,0.7590445776850108,1
2015-11-23,0.44005457215780963,0
2015-11-24,0.5337027088627829,1
2015-11-25,0.6398886247809634,0
2015-11-27,0.28724514006004526,0
2015-11-30,0.2358786782028836,1
2015-12-01,0.2711515528144858,0
2015-12-02,0.6893876155140773,0
2015-12-03,0.41722127811613297,0
2015-12-04,0.8837298928502378,1
2015-12-07,0.4153628602013917,0
2015-12-08,0.5276826954795556,0
2015-12-09,0.7313164928851813,0
2015-12-10,0.8009139332238684,1
2015-12-11,0.8092255364954597,0
2015-12-14,0.6812549345889714,0
2015-12-15,0.6536093788717193,0
2015-12-16,0.5888790423801775,1
2015-12-17,0.6167541614249956,0
2015-12-18,0.41732214255072,0
2015-12-21,0.37727016748665393,1
2015-12-22,0.4994938313883572,0
2015-12-23,0.4744723066212607,1
2015-12-24,0.4320157926009087,0
2015-12-28,0.6044581171185073,0
2015-12-29,0.6432957812855766,1
2015-12-30,0.5132610329437771,0
2015-12-31,0.7216295121582893,0
2016-01-04,0.32874663287997424,1
2016-01-05,0.4709510811080423,0
2016-01-06,0.39247665190957925,0
2016-01-07,0.22001950743904103,0
2016-01-08,0.48759789712359514,1
2016-01-11,0.4817378737425075,1
2016-01-12,0.7270174614863196,1
2016-01-13,0.5946217526832166,0
2016-01-14,0.3463719763506192,1
2016-01-15,0.7781138849501282,0
2016-01-19,0.683155054328803,0
2016-01-20,0.5873146555202924,1
2016-01-21,0.46602738517252523,0
2016-01-22,0.35608411449147803,1
2016-01-25,0.44416898358934204,0
2016-01-26,0.6633122929556279,1
2016-01-27,0.7826879458901914,0
2016-01-28,0.7314865292408284,1
2016-01-29,0.4266725867320589,1
2016-02-01,0.33205738500664833,0
2016-02-02,0.5211329370366806,0
2016-02-03,0.23473409516557225,1
2016-02-04,0.5484751571277172,1
2016-02-05,0.4778596120551997,0
2016-02-08,0.43009452471976367,1
2016-02-09,0.2607945399099807,0
2016-02-10,0.5770400159854575,0
2016-02-11,0.4200948740507133,0
2016-02-12,0.3245124746434568,1
2016-02-16,0.06916066800775261,1
2016-02-17,0.49587276424240456,1
2016-02-18,0.7658377395004616,0
2016-02-19,0.7491888821821805,0
2016-02-22,0.4314355615120592,1
2016-02-23,0.4096681909457329,0
2016-02-24,0.5703161384112536,1
2016-02-25,0.3502421841217563,1
2016-02-26,0.5452687849729199,1
2016-02-29,0.6149120417577035,0
2016-03-01,0.6840399835826462,1
2016-03-02,0.4849768885280071,1
2016-03-03,0.4694489374734551,1
2016-03-04,0.3683026119865158,1
2016-03-07,0.375967946894021,0
2016-03-08,0.466028166214771,0
2016-03-09,0.5551048260224267,1
2016-03-10,0.6370376939349874,1
2016-03-11,0.3795231573979483,1
2016-03-14,0.7239032853439282,1
2016-03-15,0.4593314598436147,1
2016-03-16,0.49679490584773456,1
2016-03-17,0.3879182481278265,0
2016-03-18,0.13636396095905878,1
2016-03-21,0.6326068094541575,0
2016-03-22,0.610526584563865,1
2016-03-23,0.45780086643226797,0
2016-03-24,0.5100486075837308,0
2016-03-28,0.5773908826556149,0
2016-03-29,0.2656181214670186,1
2016-03-30,0.4206420983980558,1
2016-03-31,0.6191397019432741,0
2016-04-01,0.31185658652461257,1
2016-04-04,0.5440336898249944,1
2016-04-05,0.29651272930648925,0
2016-04-06,0.569964497365029,1
2016-04-07,0.4946537776553775,0
2016-04-08,0.2577302276141736,1
2016-04-11,0.6747109031685757,1
2016-04-12,0.3898112634802926,1
2016-04-13,0.3784621344478428,1
2016-04-14,0.5300853795846414,1
2016-04-15,0.6722956024143073,0
2016-04-18,0.3476267271532405,0
2016-04-19,0.5092519774771957,0
2016-04-20,0.5643224750495859,1
2016-04-21,0.6039658410894716,0
2016-04-22,0.5264662332915838,0
2016-04-25,0.44494582413750167,0
2016-04-26,0.37586146690269207,0
2016-04-27,0.5129215824569562,0
2016-04-28,0.339179148202159,0
2016-04-29,0.06179742747580891,0
2016-05-02,0.5654839706236502,0
2016-05-03,0.6355902261629293,1
2016-05-04,0.14556013466872425,0
2016-05-05,0.34854039429350936,0
2016-05-06,0.5928731391507797,0
2016-05-09,0.8086243204567548,1
2016-05-10,0.5031190561513111,1
2016-05-11,0.39079955881562983,0
2016-05-12,0.47256553383427397,0
2016-05-13,0.7062314628722277,1
2016-05-16,0.4031053731313197,1
2016-05-17,0.380121199002462,0
2016-05-18,0.42758847167269515,1
2016-05-19,0.35700070876119316,0
2016-05-20,0.5184005473992194,1
2016-05-23,0.7437017687704341,1
2016-05-24,0.5484618909674044,1
2016-05-25,0.46214697468105687,1
2016-05-26,0.45622830966266836,1
2016-05-27,0.26552137869550146,0
2016-05-31,0.6324664665720738,0
2016-06-01,0.4883244204480797,0
2016-06-02,0.47292801296140613,0
2016-06-03,0.9789661351767291,1
2016-06-06,0.5448129362548529,1
2016-06-07,0.38723134248572233,1
2016-06-08,0.4360463605691685,0
2016-06-09,0.6722668563795132,1
2016-06-10,0.5169905615806647,0
2016-06-13,0.284258303252395,0
2016-06-14,0.6378843401862805,1
2016-06-15,0.39977838716915093,0
2016-06-16,0.7809946664326318,1
2016-06-17,0.6620072098571973,0
2016-06-20,0.4329017156511873,0
2016-06-21,0.692152454260267,1
2016-06-22,0.5101783265791104,0
2016-06-23,0.6279160512683329,1
2016-06-24,0.5727099225941712,0
2016-06-27,0.373046501751369,0
2016-06-28,0.4034675251523807,1
2016-06-29,0.6544941226371742,1
2016-06-30,0.44978370018401886,1
2016-07-01,0.4394527305137005,1
2016-07-05,0.35673161309759704,0
2016-07-06,0.5635398598390191,1
2016-07-07,0.8093787378864717,1
2016-07-08,0.33987006286185906,1
2016-07-11,0.5036329185009137,1
2016-07-12,0.7118330833123143,1
2016-07-13,0.48805379131314275,0
2016-07-14,0.5678557694374601,1
2016-07-15,0.34064097077796807,0
2016-07-18,0.5642460645811473,1
2016-07-19,0.47192836024931767,1
2016-07-20,0.6478594993519795,1
2016-07-21,0.6781079077347126,0
2016-07-22,0.8884345463027921,0
2016-07-25,0.5869449759820363,0
2016-07-26,0.548869447487325,0
2016-07-27,0.5291576452366004,1
2016-07-28,0.44702505607839677,1
2016-07-29,0.5507725765192537,0
2016-08-01,0.4556897884791456,1
2016-08-02,0.5252691464404421,0
2016-08-03,0.6976396303411939,1
2016-08-04,0.34901861520805383,1
2016-08-05,0.6709817841693568,1
2016-08-08,0.6975672601009798,1
2016-08-09,0.4822897209513382,1
2016-08-10,0.1817217651487108,0
2016-08-11,0.40882670193583515,0
2016-08-12,0.6945491819841664,1
2016-08-15,0.4965697906551677,1
2016-08-16,0.3501046651557634,0
2016-08-17,0.4242837618157674,0
2016-08-18,0.6260930039756829,0
2016-08-19,0.5820100352302069,1
2016-08-22,0.4641601851245459,0
2016-08-23,0.44497633822779686,1
2016-08-24,0.4412362776434267,0
2016-08-25,0.3616384723252246,0
2016-08-26,0.7423063534204163,0
2016-08-29,0.45165192961829903,0
2016-08-30,0.6825737781238245,0
2016-08-31,0.7281974077883677,1
2016-09-01,0.6497466347221941,1
2016-09-02,0.43525695309229273,1
2016-09-06,0.5605595135504914,0
2016-09-07,0.49637065904136257,1
2016-09-08,0.36444472089048074,0
2016-09-09,0.5486538922582405,0
2016-09-12,0.32314403132602965,1
2016-09-13,0.6781519082692345,1
2016-09-14,0.43030740540524104,1
2016-09-15,0.5301739483809259,1
2016-09-16,0.5424931807319213,0
2016-09-19,0.4611642539443884,0
2016-09-20,0.5880040702212912,0
2016-09-21,0.42876445150662135,0
2016-09-22,0.6306945946185867,1
2016-09-23,0.2981030479629877,0
2016-09-26,0.5189569369319618,1
2016-09-27,0.7908393498587427,1
2016-09-28,0.3499503013091638,1
2016-09-29,0.3983382544212723,0
2016-09-30,0.5770861774488373,1
2016-10-03,0.5269372672909397,0
2016-10-04,0.5525945148910338,1
2016-10-05,0.5733780695221495,1
2016-10-06,0.5952082202842655,1
2016-10-07,0.6664549762934335,1
2016-10-10,0.5614727985392769,1
2016-10-11,0.46381135180721866,1
2016-10-12,0.6008860551804097,1
2016-10-13,0.7849822902342823,0
2016-10-14,0.48010493804261395,1
2016-10-17,0.35382060429940376,0
2016-10-18,0.6660621003930459,0
2016-10-19,0.48194282540696026,0
2016-10-20,0.17409956809789456,0
2016-10-21,0.6271132515725633,0
2016-10-24,0.4197007721069116,1
2016-10-25,0.4864200076543759,1
2016-10-26,0.5497970495853521,0
2016-10-27,0.52857495196686,0
2016-10-28,0.6064177725708559,0
2016-10-31,0.4346770444145235,0
2016-11-01,0.5769658697264124,0
2016-11-02,0.4610679983624124,1
2016-11-03,0.6108215721331255,0
2016-11-04,0.592305122601958,0
2016-11-07,0.3596841946933107,1
2016-11-08,0.6628973174262548,1
2016-11-09,0.4196054832328928,0
2016-11-10,0.6212086697421717,0
2016-11-11,0.555093097010201,1
2016-11-14,0.7757275515192683,0
2016-11-15,0.4664801026442222,1
2016-11-16,0.44760248058227037,1
2016-11-17,0.4970870591168401,0
2016-11-18,0.4545230325748587,1
2016-11-21,0.6199912852913075,1
2016-11-22,0.2575534087345118,1
2016-11-23,0.3419476371280469,0
2016-11-25,0.33982956176312107,1
2016-11-28,0.6425461387960364,0
2016-11-29,0.7565920058872888,0
2016-11-30,0.48433261721937926,0
2016-12-01,0.4746767415214984,0
2016-12-02,0.5105078244669772,1
2016-12-05,0.6742817453912285,0
2016-12-06,0.3608970298714139,1
2016-12-07,0.5357553474102178,1
2016-12-08,0.6462796444673644,1
2016-12-09,0.5751641254909767,1
2016-12-12,0.5284372424898115,0
2016-12-13,0.6501569138850711,1
2016-12-14,0.09451515605011446,0
2016-12-15,0.6016812979296361,1
2016-12-16,0.40188864753088643,1
2016-12-19,0.2254050654715315,1
2016-12-20,0.5766803899287472,1
2016-12-21,0.7060487817744436,1
2016-12-22,0.4793827228058462,0
2016-12-23,0.6429311820804409,1
2016-12-27,0.7418417386982968,1
2016-12-28,0.697237168037607,0
2016-12-29,0.745994679405709,0
2016-12-30,0.6113191236607838,0
2017-01-03,0.5113150458352389,1
2017-01-04,0.25970512821542474,0
2017-01-05,0.4630906267805077,1
2017-01-06,0.37351301070257126,1
2017-01-09,0.8256414076246721,1
2017-01-10,0.4736171281351495,1
2017-01-11,0.5184807210176728,1
2017-01-12,0.5827228064060701,0
2017-01-13,0.506540366955868,0
2017-01-17,0.7542576560646129,1
2017-01-18,0.4066025957398322,0
2017-01-19,0.5291911182855864,0
2017-01-20,0.3886294121452928,1
2017-01-23,0.30199662331689414,1
2017-01-24,0.4082346363642072,0
2017-01-25,0.4944444804427382,1
2017-01-26,0.435604666322411,1
2017-01-27,0.3961368530189216,1
2017-01-30,0.28905238044922493,0
2017-01-31,0.4875341641056958,0
2017-02-01,0.27429194389534967,1
2017-02-02,0.6140083945534404,0
2017-02-03,0.5123659629401754,1
2017-02-06,0.2813672750802604,1
2017-02-07,0.4536186384425205,1
2017-02-08,0.38717653916141254,1
2017-02-09,0.547876176562877,1
2017-02-10,0.7010675669034717,0
2017-02-13,0.2187241295531383,1
2017-02-14,0.5172539118721126,1
2017-02-15,0.47598008066500397,1
2017-02-16,0.6007010114675698,0
2017-02-17,0.5319794942356534,1
2017-02-21,0.38720460023917713,1
2017-02-22,0.4521419096500073,1
2017-02-23,0.38059612147947663,0
2017-02-24,0.6614010707897897,1
2017-02-27,0.5031967473007913,1
2017-02-28,0.785178602862951,1
2017-03-01,0.4909008779278069,1
2017-03-02,0.39373898496343057,0
2017-03-03,0.27294284110807593,1
2017-03-06,0.22952904856160827,0
2017-03-07,0.2623796085491765,1
2017-03-08,0.5400689976517226,0
2017-03-09,0.5763087534844901,0
2017-03-10,0.26282139469518,1
2017-03-13,0.6342557471114173,1
2017-03-14,0.42754084224748407,0
2017-03-15,0.5220189517978324,1
2017-03-16,0.7418330942383137,1
2017-03-17,0.6345258973798298,0
2017-03-20,0.4597204028141252,1
2017-03-21,0.3663211661877069,0
2017-03-22,0.17722768980060427,1
2017-03-23,0.392127002113637,0
2017-03-24,0.46833046417584584,0
2017-03-27,0.35192307092732245,1
2017-03-28,0.4803114549361543,1
2017-03-29,0.5115277824438152,1
2017-03-30,0.4662716027287882,0
2017-03-31,0.40249961287648106,0
2017-04-03,0.5252982007950091,1
2017-04-04,0.5662910974354114,1
2017-04-05,0.3364401383835731,0
2017-04-06,0.7116398569619405,0
2017-04-07,0.4852117801573607,0
2017-04-10,0.5028274434417271,0
2017-04-11,0.6062321634884835,0
2017-04-12,0.5349824196895252,1
2017-04-13,0.6429704950869868,0
2017-04-17,0.5430686247802736,1
2017-04-18,0.40813439380393435,0
2017-04-19,0.5542255287809152,0
2017-04-20,0.3284410689019007,1
2017-04-21,0.5162839558664785,0
2017-04-24,0.4950155014033309,1
2017-04-25,0.46878247140911905,1
2017-04-26,0.48071937328416037,0
2017-04-27,0.21772264317535417,1
2017-04-28,0.4176912638388558,0
2017-05-01,0.5139267351711672,1
2017-05-02,0.52397845879961,1
2017-05-03,0.3458487288611063,0
2017-05-04,0.6898561761297051,0
2017-05-05,0.3700737727678249,1
2017-05-08,0.6454185800790105,1
2017-05-09,0.5640791542807527,1
2017-05-10,0.4030659035234295,0
2017-05-11,0.7662966338914268,1
2017-05-12,0.320954475236528,1
2017-05-15,0.6378731260415003,0
2017-05-16,0.6500873477064467,0
2017-05-17,0.3994069686385033,0
2017-05-18,0.7088697950096493,1
2017-05-19,0.4624930228101571,1
2017-05-22,0.5433040443919785,1
2017-05-23,0.5390482758156832,0
2017-05-24,0.4798536887794178,0
2017-05-25,0.6216212409739673,1
2017-05-26,0.6190233080828319,0
2017-05-30,0.2377202040142729,1
2017-05-31,0.6956510364317229,0
2017-06-01,0.2506262017946489,1
2017-06-02,0.6548819306512486,1
2017-06-05,0.6690057705241375,0
2017-06-06,0.3363550354677203,1
2017-06-07,0.4383778568068123,1
2017-06-08,0.3341442997271097,0
2017-06-09,0.4677618454566897,0
2017-06-12,0.4537948573721388,0
2017-06-13,0.6169490798404009,1
2017-06-14,0.6965463119179413,0
2017-06-15,0.7093525716184934,0
2017-06-16,0.4156747960132547,0
2017-06-19,0.46861671893832085,1
2017-06-20,0.24748427116685745,0
2017-06-21,0.37911949002557166,1
2017-06-22,0.6447277449646186,0
2017-06-23,0.7423374235322348,1
2017-06-26,0.31484766921801166,0
2017-06-27,0.41113036112706586,0
2017-06-28,0.49603913645616093,1
2017-06-29,0.542024173822941,0
2017-06-30,0.3785594720117531,1
2017-07-03,0.5636091566696134,0
2017-07-05,0.4289240979393626,1
2017-07-06,0.49783215936825814,0
2017-07-07,0.581942637200555,1
2017-07-10,0.5009633404716407,1
2017-07-11,0.4345421164210147,1
2017-07-12,0.48355852941112537,1
2017-07-13,0.4867455561191997,1
2017-07-14,0.44449834551768086,1
2017-07-17,0.46118059059993466,1
2017-07-18,0.7397970755757075,1
2017-07-19,0.5841379171911858,1
2017-07-20,0.45567795229562597,0
2017-07-21,0.6045431606766103,0
2017-07-24,0.4499270765365985,1
2017-07-25,0.6759686956379962,1
2017-07-26,0.5554463288297141,1
2017-07-27,0.4839046783993657,0
2017-07-28,0.5671575388715416,0
2017-07-31,0.2643685771897251,0
2017-08-01,0.3309848796635292,1
2017-08-02,0.3209112490401417,1
2017-08-03,0.5214414642145561,0
2017-08-04,0.7598772499227637,1
2017-08-07,0.8346950219288949,1
2017-08-08,0.5957076652161135,1
2017-08-09,0.5751266712416685,1
2017-08-10,0.22984133987708916,0
2017-08-11,0.41859893003989673,1
2017-08-14,0.38183243721376414,1
2017-08-15,0.4068728602623326,1
2017-08-16,0.4747784272122816,0
2017-08-17,0.4291864133454309,0
2017-08-18,0.20310502844363187,0
2017-08-21,0.61218653841763,0
2017-08-22,0.33908854613902906,1
2017-08-23,0.5358870296166725,1
2017-08-24,0.811112400462496,0
2017-08-25,0.3620923112620365,1
2017-08-28,0.12045687158805057,1
2017-08-29,0.4570993667179834,1
2017-08-30,0.6651439452497856,1
2017-08-31,0.7937521181330891,1
2017-09-01,0.31556756083213744,1
2017-09-05,0.5745048834854782,0
2017-09-06,0.430203431482992,0
2017-09-07,0.48410774685437963,0
2017-09-08,0.8966515020525552,0
2017-09-11,0.27455445074072704,1
2017-09-12,0.538060949224186,0
2017-09-13,0.570153975764815,0
2017-09-14,0.662867948740902,0
2017-09-15,0.5146974730206343,1
2017-09-18,0.5462075809256154,0
2017-09-19,0.44125271488673135,1
2017-09-20,0.5403690411867661,0
2017-09-21,0.44852115867538844,0
2017-09-22,0.5932357834784077,0
2017-09-25,0.4445584495934549,0
2017-09-26,0.5565650590853279,1
2017-09-27,0.4956105779472533,1
2017-09-28,0.6689075376158252,0
2017-09-29,0.4922909414617271,1
2017-10-02,0.2340451297689678,0
2017-10-03,0.6892882251070988,1
2017-10-04,0.36414015487060714,0
2017-10-05,0.40193504920267703,1
2017-10-06,0.4106508058934762,0
2017-10-09,0.7061657139756226,1
2017-10-10,0.17964886790319567,1
2017-10-11,0.970662280048999,1
2017-10-12,0.6584085213599078,0
2017-10-13,0.5334858371193739,1
2017-10-16,0.49176589990755704,1
2017-10-17,0.5428331112286485,1
2017-10-18,0.5781683642569008,0
2017-10-19,0.5967823378925086,0
2017-10-20,0.5833406699005173,1
2017-10-23,0.5134371021882873,0
2017-10-24,0.47039923695390107,1
2017-10-25,0.47730900745197324,0
2017-10-26,0.47076375794709785,1
2017-10-27,0.6700655145300597,1
2017-10-30,0.5890335083421293,1
2017-10-31,0.058941704800357986,1
2017-11-01,0.5983851164794641,0
2017-11-02,0.5292104292078162,1
2017-11-03,0.4971936865331154,1
2017-11-06,0.4417222320366671,1
2017-11-07,0.6686169079979021,1
2017-11-08,0.6421289693184287,1
2017-11-09,0.38406834982645865,0
2017-11-10,0.5610578430686802,0
2017-11-13,0.3542514898188071,0
2017-11-14,0.2930572752816604,0
2017-11-15,0.40599241631150523,0
2017-11-16,0.6293590208574138,1
2017-11-17,0.642968756806413,0
2017-11-20,0.576962813014594,0
2017-11-21,0.6087643680271996,1
2017-11-22,0.5774267430672437,1
2017-11-24,0.4037777607165572,1
2017-11-27,0.5647883817010911,0
2017-11-28,0.6200614287841524,0
2017-11-29,0.6131436994720362,0
2017-11-30,0.6783370057211964,1
2017-12-01,0.6062455770801596,0
2017-12-04,0.5527172311312374,0
2017-12-05,0.6605225357474641,0
2017-12-06,0.496021811112641,0
2017-12-07,0.3677188023158423,1
2017-12-08,0.4755399554084354,1
2017-12-11,0.38826460327903267,1
2017-12-12,0.3987232587538428,0
2017-12-13,0.47832219939267234,1
2017-12-14,0.3811370118500058,0
2017-12-15,0.45380577055414395,1
2017-12-18,0.21595779995693215,1
2017-12-19,0.5319940561059407,0
2017-12-20,0.5001808213043336,0
2017-12-21,0.3774367053397714,1
2017-12-22,0.5988868502648608,0
2017-12-26,0.6406355206439838,0
2017-12-27,0.2588660203446539,1
2017-12-28,0.38559128321506786,1
2017-12-29,0.3846286475319053,0
2018-01-02,0.3590145348336703,1
2018-01-03,0.6244212262897623,0
2018-01-04,0.47092607918407947,1
2018-01-05,0.46032277380340836,1
2018-01-08,0.199420645338987,0
2018-01-09,0.595312704531384,0
2018-01-10,0.31411124077197916,0
2018-01-11,0.5089898945399493,1
2018-01-12,0.5416065406937287,1
2018-01-16,0.7040987893757976,0
2018-01-17,0.3036769401321332,1
2018-01-18,0.04707317662687621,1
2018-01-19,0.5275774317130543,0
2018-01-22,0.7700766772266281,0
2018-01-23,0.6858419529409157,1
2018-01-24,0.5314489122911938,0
2018-01-25,0.4262545721551929,0
2018-01-26,0.6210683894955965,1
2018-01-29,0.35396807004432973,0
2018-01-30,0.5714536654034329,0
2018-01-31,0.575820523874994,1
2018-02-01,0.659031486124832,1
2018-02-02,0.9139490058366617,0
2018-02-05,0.558862395076815,0
2018-02-06,0.4236554561438752,1
2018-02-07,0.4961638531712008,0
2018-02-08,0.2346386142666323,0
2018-02-09,0.39579303033664126,1
2018-02-12,0.4386076342830344,1
2018-02-13,0.42138674030981116,1
2018-02-14,0.5228532308050583,1
2018-02-15,0.3766370101426699,1
2018-02-16,0.6681546000986707,0
2018-02-20,0.5000310597377295,0
2018-02-21,0.49860495182920783,0
2018-02-22,0.4508157925230623,1
2018-02-23,0.5232786025788468,1
2018-02-26,0.6237647397001452,1
2018-02-27,0.36993046764336496,0
2018-02-28,0.4012825266387115,0
2018-03-01,0.45444109568350033,0
2018-03-02,0.29811936147901774,1
2018-03-05,0.37711132104177536,1
2018-03-06,0.42856686896830115,0
2018-03-07,0.6311583771069091,0
2018-03-08,0.5393841993502887,1
2018-03-09,0.5290384867051316,1
2018-03-12,0.6276346943251958,1
2018-03-13,0.4793942317400905,0
2018-03-14,0.5585697274893334,0
2018-03-15,0.48451673706012555,1
2018-03-16,0.5398043524099443,0
2018-03-19,0.4125862013582627,0
2018-03-20,0.13417742625853563,0
2018-03-21,0.4798581256720544,0
2018-03-22,0.713412220414991,0
2018-03-23,0.6389323103362389,0
2018-03-26,0.6448096226886756,1
2018-03-27,0.6854196082709327,0
2018-03-28,0.5132986386442157,0
2018-03-29,0.5295973561108394,1
2018-04-02,0.4073522156848475,0
2018-04-03,0.4525890715959425,1
2018-04-04,0.5923656724656712,1
2018-04-05,0.6805826655753224,1
2018-04-06,0.47908305864785006,0
2018-04-09,0.43247161027228825,1
2018-04-10,0.5000791938284896,1
2018-04-11,0.5901810123393673,0
2018-04-12,0.2834217775799687,1
2018-04-13,0.1555728570294143,1
2018-04-16,0.41741947257626244,1
2018-04-17,0.3168931361128762,1
2018-04-18,0.42377897035290335,0
2018-04-19,0.47783295217737926,0
2018-04-20,0.432012738646548,0
2018-04-23,0.7178701301706119,0
2018-04-24,0.549011714690348,0
2018-04-25,0.5450711539416242,1
2018-04-26,0.5933310716065103,1
2018-04-27,0.32917503233288464,0
2018-04-30,0.6558667681130403,1
2018-05-01,0.488635357019681,1
2018-05-02,0.6005720925861819,1
2018-05-03,0.3392214150439767,1
2018-05-04,0.2669361850975904,1
2018-05-07,0.6226834487037542,1
2018-05-08,0.5564614289146275,1
2018-05-09,0.36469226684637346,1
2018-05-10,0.3695505378087959,1
2018-05-11,0.6688152176622154,0
2018-05-14,0.32158821606990085,0
2018-05-15,0.7464009429883944,0
2018-05-16,0.3649068898028197,1
2018-05-17,0.5957587888412574,0
2018-05-18,0.45070722863765234,0
2018-05-21,0.5904781146623514,1
2018-05-22,0.4183828996828711,0
2018-05-23,0.47558106408915585,1
2018-05-24,0.5061378763093581,0
2018-05-25,0.34967188163277907,1
2018-05-29,0.6111236518130189,0
2018-05-30,0.4230179650292622,0
2018-05-31,0.4657100126989972,0
2018-06-01,0.35084759380872316,1
2018-06-04,0.11564995118070343,1
2018-06-05,0.4713458356099747,1
2018-06-06,0.8618923132419374,1
2018-06-07,0.6176906431847036,0
2018-06-08,0.4971109430398408,0
2018-06-11,0.46056637561875985,0
2018-06-12,0.5033698839218069,1
2018-06-13,0.5820678672762815,0
2018-06-14,0.32287807770367327,1
2018-06-15,0.6671482542003309,0
2018-06-18,0.6073071973161867,0
2018-06-19,0.6077278588561902,0
2018-06-20,0.5657713608214591,1
2018-06-21,0.5029424986540985,0
2018-06-22,0.6009291853950229,0
2018-06-25,0.5887721200612067,0
2018-06-26,0.44689389335884644,1
2018-06-27,0.4139597340654649,0
2018-06-28,0.515278444289298,1
2018-06-29,0.732353022724278,0
2018-07-02,0.31413393865191486,1
2018-07-03,0.279871210137134,0
2018-07-05,0.5247141261854775,1
2018-07-06,0.5076331552784027,1
2018-07-09,0.5260012496555613,1
2018-07-10,0.5365929796862751,0
2018-07-11,0.4665196618047792,0
2018-07-12,0.7234795157903123,1
2018-07-13,0.25986440322852267,1
2018-07-16,0.3757254462829631,0
2018-07-17,0.4845117859776429,1
2018-07-18,0.2535216783268749,0
2018-07-19,0.4736218393351893,1
2018-07-20,0.7492205248592028,0
2018-07-23,0.5031329732443943,1
2018-07-24,0.5346051358578026,1
2018-07-25,0.310975285224113,1
2018-07-26,0.4075457887940784,0
2018-07-27,0.44372054295140945,0
2018-07-30,0.4523427354865649,0
2018-07-31,0.6922465692505653,1
2018-08-01,0.5836536591087687,1
2018-08-02,0.3332813064594452,1
2018-08-03,0.5369757167648007,1
2018-08-06,0.5747332622745178,1
2018-08-07,0.67102235577819,0
2018-08-08,0.737081102985256,1
2018-08-09,0.3477358712258197,1
2018-08-10,0.3783713733184493,0
2018-08-13,0.31136332116280757,1
2018-08-14,0.4648970211339528,1
2018-08-15,0.5699537561669502,1
2018-08-16,0.6481001774883652,1
2018-08-17,0.4886073464536216,1
2018-08-20,0.4520228715117734,0
2018-08-21,0.5227636988373111,0
2018-08-22,0.37472856475549654,1
2018-08-23,0.813430808254216,1
2018-08-24,0.25885084593229124,1
2018-08-27,0.5277110868343586,1
2018-08-28,0.8035409328844458,1
2018-08-29,0.5010199766839997,1
2018-08-30,0.47149414474977586,1
2018-08-31,0.4463831865784359,1
2018-09-04,0.47294124773563884,1
2018-09-05,0.7059272712014795,0
2018-09-06,0.16822071330057398,0
2018-09-07,0.7300150551944489,0
2018-09-10,0.2864064271324782,0
2018-09-11,0.4600021506148378,1
2018-09-12,0.4356133369552007,0
2018-09-13,0.588282990465608,1
2018-09-14,0.2602813472174379,0
2018-09-17,0.5693258999122914,0
2018-09-18,0.8036464434930279,1
2018-09-19,0.2955238993110785,1
2018-09-20,0.5284559251415594,1
2018-09-21,0.40070267333050863,0
2018-09-24,0.5638830809289553,1
2018-09-25,0.5028721666123628,1
2018-09-26,0.4037769636433536,0
2018-09-27,0.573180842730661,1
2018-09-28,0.7706522164680114,1
2018-10-01,0.4713644312409052,1
2018-10-02,0.6079636913222273,1
2018-10-03,0.30600905631932546,1
2018-10-04,0.3565345434772987,0
2018-10-05,0.5708609416820566,0
2018-10-08,0.7226174042803948,0
2018-10-09,0.553342002317849,1
2018-10-10,0.4530412954215268,0
2018-10-11,0.4998937108135031,0
2018-10-12,0.31243883990454235,1
2018-10-15,0.590677298953305,0
2018-10-16,0.6323499593485113,1
2018-10-17,0.432186450075038,0
2018-10-18,0.4294936778360748,0
2018-10-19,0.5398817344478073,1
2018-10-22,0.4344920395939107,1
2018-10-23,0.49008010780612665,1
2018-10-24,0.8149582683749773,0
2018-10-25,0.4629461448881005,1
2018-10-26,0.44624897719681667,0
2018-10-29,0.40286872915472616,0
2018-10-30,0.6116287957249905,1
2018-10-31,0.47281637401728455,1
2018-11-01,0.40259404425178613,1
2018-11-02,0.6981956048409518,0
2018-11-05,0.7129404506770456,0
2018-11-06,0.40993646513919424,1
2018-11-07,0.22001900729590756,1
2018-11-08,0.6511270534755383,0
2018-11-09,0.3973055261359994,0
2018-11-12,0.6185938398744153,0
2018-11-13,0.2044844273432247,0
2018-11-14,0.6338896007448964,0
2018-11-15,0.31832421060788285,1
2018-11-16,0.6096146178599786,1
2018-11-19,0.5021409601754652,0
2018-11-20,0.3569090870905033,0
2018-11-21,0.4389445530609829,0
2018-11-23,0.6029477685435051,0
2018-11-26,0.5158841679672851,1
2018-11-27,0.5876619470708726,0
2018-11-28,0.7964660876773229,1
2018-11-29,0.2653637582433423,0
2018-11-30,0.7425818862452935,0
2018-12-03,0.5156533906284819,1
2018-12-04,0.36518239275153075,0
2018-12-06,0.3004529561391516,0
2018-12-07,0.471631941383445,0
2018-12-10,0.6382475167886689,1
2018-12-11,0.48086763194336984,0
2018-12-12,0.7266732395371021,1
2018-12-13,0.28232364649226616,1
2018-12-14,0.4981866578230918,0
2018-12-17,0.31214098333803214,0
2018-12-18,0.5545447823937452,1
2018-12-19,0.633033108514595,0
2018-12-20,0.436885730947842,0
2018-12-21,0.10936792150592989,0
2018-12-24,0.5298422220194742,0
2018-12-26,0.5655107827600264,1
2018-12-27,0.5606442132442546,0
2018-12-28,0.6853673287733231,1
2018-12-31,0.3393419480526427,1
2019-01-02,0.6020324158175674,1
2019-01-03,0.6788761268716963,0
2019-01-04,0.23321186239902247,1
2019-01-07,0.5479477738878465,0
2019-01-08,0.4243730253488493,1
2019-01-09,0.4877715990347531,1
2019-01-10,0.5521514725307505,1
2019-01-11,0.42691571538296713,0
2019-01-14,0.39864378812575824,0
2019-01-15,0.5051228626232037,1
2019-01-16,0.3369131091705796,1
2019-01-17,0.3371262306672222,1
2019-01-18,0.6019059924434755,1
2019-01-22,0.3276808947262016,0
2019-01-23,0.5999468751363818,1
2019-01-24,0.5693886939280927,0
2019-01-25,0.24112899068141053,1
2019-01-28,0.3983653021496517,0
2019-01-29,0.6791164104571059,0
2019-01-30,0.35282517032904775,1
2019-01-31,0.43033936065359185,1
2019-02-01,0.5693091339877845,1
2019-02-04,0.6175085763923893,1
2019-02-05,0.46226916709332566,1
2019-02-06,0.41037347079625375,1
2019-02-07,0.7133554792547762,0
2019-02-08,0.7608349495696368,1
2019-02-11,0.6468287076172693,0
2019-02-12,0.5127977213847537,1
2019-02-13,0.3787601417538611,0
2019-02-14,0.3754333390165152,1
2019-02-15,0.5783771157898636,0
2019-02-19,0.5627597331333025,1
2019-02-20,0.7102397889419644,1
2019-02-21,0.5975675138804208,0
2019-02-22,0.2745379547360273,1
2019-02-25,0.6577921426584378,1
2019-02-26,0.35029090590283807,1
2019-02-27,0.44240430920714724,1
2019-02-28,0.5375300309377542,0
2019-03-01,0.7993501234675946,1
2019-03-04,0.9664877834008041,1
2019-03-05,0.5910084588704274,0
2019-03-06,0.47252050719194183,0
2019-03-07,0.5801758472720825,0
2019-03-08,0.6331483138810754,1
2019-03-11,0.45189985616642125,1
2019-03-12,0.7692817033868483,1
2019-03-13,0.5345106138787104,1
2019-03-14,0.5746614633637092,1
2019-03-15,0.5998886378081691,1
2019-03-18,0.5632379915921684,1
2019-03-19,0.6258410750704418,0
2019-03-20,0.4074120220179615,1
2019-03-21,0.41625473690809545,1
2019-03-22,0.33497686505424573,0
2019-03-25,0.565925184593034,0
2019-03-26,0.6168404755268171,0
2019-03-27,0.5686659299227829,1
2019-03-28,0.7511738650021306,1
2019-03-29,0.49916059717564304,1
2019-04-01,0.6003112483388768,1
2019-04-02,0.33624486857910285,1
2019-04-03,0.44193504462883987,1
2019-04-04,0.6043306636348666,1
2019-04-05,0.6273653166114717,1
2019-04-08,0.45590495785037266,1
2019-04-09,0.48926011222128996,0
2019-04-10,0.2723189379978786,1
2019-04-11,0.4464456198790086,0
2019-04-12,0.633557474527968,0
2019-04-15,0.586280752415985,1
2019-04-16,0.5750998582071815,1
2019-04-17,0.507466053077144,1
2019-04-18,0.5010594737942264,1
2019-04-22,0.40095182907898297,1
2019-04-23,0.6048242630303802,1
2019-04-24,0.5631459416584085,0
2019-04-25,0.5738028271989198,0
2019-04-26,0.4210947735998629,0
2019-04-29,0.17699856201931335,1
2019-04-30,0.6645729067630544,0
2019-05-01,0.4281743815987394,1
2019-05-02,0.3705836353935319,0
2019-05-03,0.6040218367870991,1
2019-05-06,0.44119810401213055,0
2019-05-07,0.6589904576069933,0
2019-05-08,0.5925508924365046,1
2019-05-09,0.6025353984800716,0
2019-05-10,0.29510664331991987,0
2019-05-13,0.6817915978079601,0
2019-05-14,0.5391875796850784,1
2019-05-15,0.4446084291130695,1
2019-05-16,0.5215082701013377,0
2019-05-17,0.233564715065252,0
2019-05-20,0.5612979217221006,0
2019-05-21,0.34559427377268925,1
2019-05-22,0.29709945712346986,0
2019-05-23,0.2716461220673163,0
2019-05-24,0.6669032562484888,0
2019-05-28,0.4056104909460817,0
2019-05-29,0.7300591564874749,0
2019-05-30,0.41962978054215533,1
2019-05-31,0.24389630636105802,0
2019-06-03,0.3325213340077011,0
2019-06-04,0.6853717430010408,1
2019-06-05,0.4766152733094999,1
2019-06-06,0.41775690552640987,1
2019-06-07,0.5240027338779182,1
2019-06-10,0.5752674104251317,1
2019-06-11,0.6676098223853691,1
2019-06-12,0.717274884483939,0
2019-06-13,0.4460347031316371,0
2019-06-14,0.30109284708769424,0
2019-06-17,0.4379802258315086,1
2019-06-18,0.5390420759874329,1
2019-06-19,0.35543616106840836,0
2019-06-20,0.3564273627657436,1
2019-06-21,0.5515681822324828,0
2019-06-24,0.49270214726443234,0
2019-06-25,0.504919549311738,0
2019-06-26,0.38622569979498955,1
2019-06-27,0.4654398928691349,0
2019-06-28,0.36136502835975437,0
2019-07-01,0.633529761668718,1
2019-07-02,0.6552874002085629,1
2019-07-03,0.22307182066428594,1
2019-07-05,0.3605733709711385,0
2019-07-08,0.2755206117364881,0
2019-07-09,0.4024964098389653,1
2019-07-10,0.48748430453144587,1
2019-07-11,0.2825532170452205,0
2019-07-12,0.36172102803120304,1
2019-07-15,0.3494063941877752,1
2019-07-16,0.5310900994098416,0
2019-07-17,0.5104016505554375,0
2019-07-18,0.39173936699941203,1
2019-07-19,0.5265231308209097,0
2019-07-22,0.4179979873119102,1
2019-07-23,0.459251733451092,1
2019-07-24,0.7510178135447805,0
2019-07-25,0.7010691577685522,0
2019-07-26,0.30506281446086037,1
2019-07-29,0.6244598626818761,1
2019-07-30,0.6217094831737389,0
2019-07-31,0.32776050668710727,1
2019-08-01,0.6228166465632291,0
2019-08-02,0.730689787761883,0
2019-08-05,0.33161827906333796,0
2019-08-06,0.36237457684786045,1
2019-08-07,0.6526492200265254,1
2019-08-08,0.5407242966238472,1
2019-08-09,0.5827214412859285,0
2019-08-12,0.5510883824600745,0
2019-08-13,0.5586043881392216,1
2019-08-14,0.30102918075333757,0
2019-08-15,0.6570976559932172,0
2019-08-16,0.675438498864166,1
2019-08-19,0.46559138838979586,1
2019-08-20,0.49347845752792063,1
2019-08-21,0.2703338746166417,1
2019-08-22,0.5771382134026752,0
2019-08-23,0.5858086162571217,0
2019-08-26,0.4906713474501033,1
2019-08-27,0.6686530039805754,0
2019-08-28,0.44988841535300894,1
2019-08-29,0.5846908888840401,1
2019-08-30,0.34705034919618266,0
2019-09-03,0.49646717736886425,0
2019-09-04,0.47384686131457465,1
2019-09-05,0.5337961883061413,1
2019-09-06,0.44457096067499624,0
2019-09-09,0.48027911064924983,1
2019-09-10,0.623907075716226,1
2019-09-11,0.4344853644142674,1
2019-09-12,0.25901343488919815,0
2019-09-13,0.7624375856308131,0
2019-09-16,0.707218111803573,1
2019-09-17,0.3061605957341572,1
2019-09-18,0.6034561707867792,1
2019-09-19,0.4245537844172985,0
2019-09-20,0.539523082299659,0
2019-09-23,0.5441336193520241,1
2019-09-24,0.4648388299525517,0
2019-09-25,0.38243515016204055,1
2019-09-26,0.39641884215256107,0
2019-09-27,0.36257121267781367,0
2019-09-30,0.3752266687654333,1
2019-10-01,0.4899232564925967,1
2019-10-02,0.39263600163338724,0
2019-10-03,0.602307809856893,1
2019-10-04,0.7230869233003892,1
2019-10-07,0.4129920137944936,1
2019-10-08,0.5359106750803065,0
2019-10-09,0.57495276654544,1
2019-10-10,0.5708003406378912,1
2019-10-11,0.5113932901874131,1
2019-10-14,0.6114023627539583,0
2019-10-15,0.5723373429020986,0
2019-10-16,0.31435063665090535,0
2019-10-17,0.630373409658391,1
2019-10-18,0.6330936255900113,1
2019-10-21,0.3855070843732128,1
2019-10-22,0.5056906753171403,0
2019-10-23,0.6024993489216603,1
2019-10-24,0.46860292706309575,1
2019-10-25,0.6609467071649018,1
2019-10-28,0.8545808741929042,1
2019-10-29,0.3821020951047527,0
2019-10-30,0.29284330952693377,0
2019-10-31,0.5455727893407314,1
2019-11-01,0.6082343757689215,1
2019-11-04,0.4653700439232846,1
2019-11-05,0.7179890994981551,0
2019-11-06,0.2992091300415127,1
2019-11-07,0.6039377934547416,1
2019-11-08,0.409120876886166,1
2019-11-11,0.7579066859310946,1
2019-11-12,0.7988773029752178,0
2019-11-13,0.3850015118324978,1
2019-11-14,0.417566429613713,0
2019-11-15,0.6289381830469702,1
2019-11-18,0.4419304025315728,1
2019-11-19,0.49318831731016427,0
2019-11-20,0.5038082630813615,0
2019-11-21,0.21204902657035157,0
2019-11-22,0.4979243380858644,0
2019-11-25,0.3965408338903739,1
2019-11-26,0.4260315766400342,0
2019-11-27,0.7165448005203221,1
2019-11-29,0.3115239658581116,0
2019-12-02,0.6219807780121966,0
2019-12-03,0.4581555604502287,0
2019-12-04,0.45803597472562485,1
2019-12-05,0.6185557844077567,1
2019-12-06,0.5510076941853336,1
2019-12-09,0.5855919495829296,0
2019-12-10,0.6452276990799292,1
2019-12-11,0.4503037425225016,1
2019-12-12,0.40816448982383746,1
2019-12-13,0.3372274210163303,1
2019-12-16,0.3761884205031567,1
2019-12-17,0.9423641637963087,1
2019-12-18,0.686701937110518,0
2019-12-19,0.2973388450687968,1
2019-12-20,0.3016313064884645,0
2019-12-23,0.5722799092577737,1
2019-12-24,0.5820897196066951,1
2019-12-26,0.5823325752976046,1
2019-12-27,0.4617566309669453,0
2019-12-30,0.48118186099956495,1
2019-12-31,0.5491819286239036,1
2020-01-02,0.5128839509439995,1
2020-01-03,0.16710494408786974,0
2020-01-06,0.46553005541372094,1
2020-01-07,0.372289034860953,0
2020-01-08,0.5262817128362768,1
2020-01-09,0.9477888503905114,1
2020-01-10,0.5551222498211457,1
2020-01-13,0.4529705470741403,1
2020-01-14,0.6382702252965878,0
2020-01-15,0.5724031830813819,0
2020-01-16,0.5630141735677762,1
2020-01-17,0.5910275889823506,1
2020-01-21,0.8084815347244312,0
2020-01-22,0.33036673470111266,1
2020-01-23,0.5710448115217182,1
2020-01-24,0.36104283050276925,0
2020-01-27,0.5833268969513372,0
2020-01-28,0.36219702327708586,1
2020-01-29,0.4373949779592373,1
2020-01-30,0.45573651286431405,0
2020-01-31,0.6463725079017064,0
2020-02-03,0.637768166591362,0
2020-02-04,0.3131423935330423,1
2020-02-05,0.5082401166499773,1
2020-02-06,0.3935630217876241,1
2020-02-07,0.3112242633986998,0
2020-02-10,0.46744744243634445,1
2020-02-11,0.453727581731627,0
2020-02-12,0.8640074729518283,1
2020-02-13,0.5649439738041044,0
2020-02-14,0.2933573748868644,1
2020-02-18,0.41528389937435867,0
2020-02-19,0.6532074943144097,1
2020-02-20,0.8132664159304888,0
2020-02-21,0.2621025031643063,0
2020-02-24,0.21801134222914326,0
2020-02-25,0.7806447763057673,0
2020-02-26,0.5584421266056356,1
2020-02-27,0.36975609021854505,0
2020-02-28,0.5801943629183652,0
2020-03-02,0.10463783914746833,1
2020-03-03,0.5005063259895741,0
2020-03-04,0.5491731759264628,1
2020-03-05,0.6386405209306745,0
2020-03-06,0.34791560715611936,0
2020-03-09,0.5128530742105039,0
2020-03-10,0.36118630609106195,1
2020-03-11,0.5383075633511476,0
2020-03-12,0.36569805164554636,0
2020-03-13,0.4387848741259669,1
2020-03-16,0.3506276907814656,0
2020-03-17,0.5976704362735485,1
2020-03-18,0.6287676674984998,0
2020-03-19,0.46480691450638795,0
2020-03-20,0.5057356992440043,0
2020-03-23,0.28271128780496835,0
2020-03-24,0.45504850279898196,1
2020-03-25,0.4924693074437383,0
2020-03-26,0.8931189636544963,1
2020-03-27,0.33320494613387547,0
2020-03-30,0.7196265858128656,1
2020-03-31,0.6495288160198712,0
2020-04-01,0.5420954606735204,0
2020-04-02,0.76379307262927,1
2020-04-03,0.5558158208910294,0
2020-04-06,0.5583738793501893,1
2020-04-07,0.4920319020473682,0
2020-04-08,0.6835353323627942,1
2020-04-09,0.6644703850716326,1
2020-04-13,0.40614840687556814,1
2020-04-14,0.3021129208101849,1
2020-04-15,0.46955290439065145,0
2020-04-16,0.37999421534035305,1
2020-04-17,0.4904713138076967,0
2020-04-20,0.6856157202026208,0
2020-04-21,0.4314047517369815,0
2020-04-22,0.49357649280326377,1
2020-04-23,0.5087034102212593,0
2020-04-24,0.6272646323307927,1
2020-04-27,0.16296659990230922,1
2020-04-28,0.4089949557852055,0
2020-04-29,0.5316925538419209,1
2020-04-30,0.6800118434640292,1
2020-05-01,0.42621463287406924,0
2020-05-04,0.2185170940937189,1
2020-05-05,0.5929567168949205,1
2020-05-06,0.40469564167615557,1
2020-05-07,0.32155000113644583,1
2020-05-08,0.4063481915430164,1
2020-05-11,0.47232119635162256,1
2020-05-12,0.4092883003192681,0
2020-05-13,0.16916509143513964,0
2020-05-14,0.6345599295330698,1
2020-05-15,0.6912312561918084,0
2020-05-18,0.5977282987009258,1
2020-05-19,0.3293471494362775,0
2020-05-20,0.4697762699078723,1
2020-05-21,0.4990218027155813,0
2020-05-22,0.5898191584342866,1
2020-05-26,0.6002510733077121,0
2020-05-27,0.38987393018322564,1
2020-05-28,0.512299333462034,1
2020-05-29,0.5685920606922862,0
2020-06-01,0.7183733483220149,1
2020-06-02,0.6056759809737084,1
2020-06-03,0.6183585031063279,1
2020-06-04,0.5125739941894042,0
2020-06-05,0.7115688717805255,1
2020-06-08,0.5614644193939247,1
2020-06-09,0.37083681347396447,1
2020-06-10,0.7105054955187786,1
2020-06-11,0.6046854908808541,0
2020-06-12,0.4335433968307277,1
2020-06-15,0.42807605489011347,1
2020-06-16,0.5444863317711143,1
2020-06-17,0.5694777192901377,0
2020-06-18,0.529593839844681,1
2020-06-19,0.5466963010164327,0
2020-06-22,0.7549936061864571,1
2020-06-23,0.6607314728352328,1
2020-06-24,0.5285953386897536,0
2020-06-25,0.6411965871151225,1
2020-06-26,0.3451214144708691,0
2020-06-29,0.5596890574920214,1
2020-06-30,0.7713959524599665,1
2020-07-01,0.4672931156911439,0
2020-07-02,0.3728549107071373,0
2020-07-06,0.4021866667110409,1
2020-07-07,0.33655504439864176,0
2020-07-08,0.3822857137808445,1
2020-07-09,0.44442378521149567,1
2020-07-10,0.28916494712320373,1
2020-07-13,0.5023427500924404,0
2020-07-14,0.635341576067997,1
2020-07-15,0.36383657297796196,1
2020-07-16,0.7278925885462653,0
2020-07-17,0.5766188132791392,0
2020-07-20,0.6545870878436086,1
2020-07-21,0.4013248169221795,0
2020-07-22,0.6281787840599924,1
2020-07-23,0.33620991494070307,0
2020-07-24,0.6335371251254763,0
2020-07-27,0.5257759009690297,1
2020-07-28,0.5829876829977175,0
2020-07-29,0.32366080915627227,1
2020-07-30,0.3657395236585093,1
2020-07-31,0.5895842327380078,1
2020-08-03,0.3577477993663699,1
2020-08-04,0.5694809438148685,1
2020-08-05,0.29492932903096314,1
2020-08-06,0.6272261319000002,1
2020-08-07,0.3151215027847236,0
2020-08-10,0.5828449906519285,1
2020-08-11,0.5938446400469002,0
2020-08-12,0.39548422723556376,1
2020-08-13,0.5873039850627091,1
2020-08-14,0.5390663395000334,0
2020-08-17,0.41917372157108923,0
2020-08-18,0.34871679738856876,1
2020-08-19,0.20560614624911316,1
2020-08-20,0.552447507094954,1
2020-08-21,0.26527958429569176,1
2020-08-24,0.5143016299161962,1
2020-08-25,0.46048276758766266,0
2020-08-26,0.6018714163157293,1
2020-08-27,0.45469317507652035,0
2020-08-28,0.4505828320479363,0
2020-08-31,0.6097806056432443,1
2020-09-01,0.5502587043626176,1
2020-09-02,0.5474233935774168,0
2020-09-03,0.570390138471279,0
2020-09-04,0.2696641815189341,1
2020-09-08,0.6135183019980472,0
2020-09-09,0.5918703191020404,1
2020-09-10,0.3474975307135254,0
2020-09-11,0.4633879289488698,0
2020-09-14,0.4941039068558553,1
2020-09-15,0.4798254823397401,1
2020-09-16,0.5500789949852802,0
2020-09-17,0.7147050172746775,0
2020-09-18,0.6622650091509243,0
2020-09-21,0.3031671209852891,1
2020-09-22,0.5933104985459073,1
2020-09-23,0.6993399979303114,0
2020-09-24,0.5580212781033804,1
2020-09-25,0.6636470637778951,1
2020-09-28,0.8018405668551147,1
2020-09-29,0.6535564319160472,0
2020-09-30,0.5373962893462594,1
2020-10-01,0.656763271112713,1
2020-10-02,0.5217331749645336,0
2020-10-05,0.5035854564927433,1
2020-10-06,0.4472878646429401,0
2020-10-07,0.7345120038248162,1
2020-10-08,0.3772357001086998,0
2020-10-09,0.7298551587017174,1
2020-10-12,0.5749796185610557,1
2020-10-13,0.2901040737797088,0
2020-10-14,0.5551473939487133,1
2020-10-15,0.18499602385225639,0
2020-10-16,0.5938262025246553,0
2020-10-19,0.6327847224483487,0
2020-10-20,0.41114660665219194,1
2020-10-21,0.5185321543933373,0
2020-10-22,0.7931236150625429,0
2020-10-23,0.4241379943607095,0
2020-10-26,0.34116386194150994,1
2020-10-27,0.7222495103693898,1
2020-10-28,0.7943880785796191,0
2020-10-29,0.5005543507771771,1
2020-10-30,0.6517194553112534,0
2020-11-02,0.7012213873296321,0
2020-11-03,0.3886273651192424,1
2020-11-04,0.4272041246948198,1
2020-11-05,0.6846311769732103,1
2020-11-06,0.7527521418062764,0
2020-11-09,0.5844321290261532,0
2020-11-10,0.3680278469746919,0
2020-11-11,0.7980591667549162,1
2020-11-12,0.42035436532820536,0
2020-11-13,0.44972933282428224,1
2020-11-16,0.5513506751734432,1
2020-11-17,0.7331240631072161,0
2020-11-18,0.6280963964828336,0
2020-11-19,0.5622298250542865,1
2020-11-20,0.5694932795177159,0
2020-11-23,0.5065272002965199,0
2020-11-24,0.5837209271777759,1
2020-11-25,0.12056598834585458,1
2020-11-27,0.45550888113953025,1
2020-11-30,0.5361982902375172,1
2020-12-01,0.32734788745707394,1
2020-12-02,0.557948497671734,1
2020-12-03,0.4693293168520818,0
2020-12-04,0.7633213547473234,0
2020-12-07,0.7359529587822284,1
2020-12-08,0.4301291646322756,1
2020-12-09,0.4773743432649957,0
2020-12-10,0.48890786515874113,1
2020-12-11,0.4322510785760566,0
2020-12-14,0.5292537476042191,0
2020-12-15,0.38625768966686147,1
2020-12-16,0.33040769975937107,0
2020-12-17,0.5934066835850402,1
2020-12-18,0.5944294376332716,0
2020-12-21,0.37935263605100117,1
2020-12-22,0.6343033146143899,1
2020-12-23,0.4052633406252003,0
2020-12-24,0.5379747857056971,1
2020-12-28,0.6230516018918684,1
2020-12-29,0.49495811529444306,0
2020-12-30,0.5682111368211702,0
2020-12-31,0.4225355534168642,0
2021-01-04,0.4705300124857854,0
2021-01-05,0.46912108536794894,1
2021-01-06,0.3880132480189642,0
2021-01-07,0.4734838755326327,1
2021-01-08,0.26770725517043803,1
2021-01-11,0.4263269379286843,0
2021-01-12,0.4572686759945494,0
2021-01-13,0.461573037125693,1
2021-01-14,0.46377538311938316,0
2021-01-15,0.49073537002098067,0
2021-01-19,0.5719162277129096,1
2021-01-20,0.6311775611198784,1
2021-01-21,0.40253521597275993,1
2021-01-22,0.3195198716916283,1
2021-01-25,0.34369333816353453,1
2021-01-26,0.42691956182076096,1
2021-01-27,0.44721180232752367,0
2021-01-28,0.3845005900703814,0
2021-01-29,0.30558250036251583,0
2021-02-01,0.43158187587887176,1
2021-02-02,0.5272139930170957,1
2021-02-03,0.5892544198753347,0
2021-02-04,0.4163865420337518,1
2021-02-05,0.43805032667848487,0
2021-02-08,0.3609952536729034,1
2021-02-09,0.49528412444378356,0
2021-02-10,0.3727357048713778,0
2021-02-11,0.58596917198618,0
2021-02-12,0.2321200262098833,1
2021-02-16,0.44605554913213064,0
2021-02-17,0.5451661008787613,0
2021-02-18,0.5275751774483757,0
2021-02-19,0.9039550495970745,1
2021-02-22,0.5524700036851862,0
2021-02-23,0.3493918104736985,0
2021-02-24,0.485680362936639,0
2021-02-25,0.23356304998003224,0
2021-02-26,0.48791003760548585,1
2021-03-01,0.3750415914498862,1
2021-03-02,0.6373085413340243,0
2021-03-03,0.4175689588106698,0
2021-03-04,0.48248511263071303,0
2021-03-05,0.4046663237893395,1
2021-03-08,0.7608277027779997,0
2021-03-09,0.45181358508231323,1
2021-03-10,0.7748835565218802,0
2021-03-11,0.6221227643177399,1
2021-03-12,0.5723100091003079,0
2021-03-15,0.555309972097628,1
2021-03-16,0.5590695947324378,1
2021-03-17,0.2108491130981585,0
2021-03-18,0.4581674908773865,0
2021-03-19,0.6267736956776482,0
2021-03-22,0.4926654224788842,1
2021-03-23,0.28922152297946374,0
2021-03-24,0.4921393324133796,0
2021-03-25,0.7556158274383237,1
2021-03-26,0.6870337573302079,1
2021-03-29,0.49069939859509526,1
2021-03-30,0.642717391558713,0
2021-03-31,0.44502394694479225,1
2021-04-01,0.24441926197599217,1
2021-04-05,0.36133010178056685,1
2021-04-06,0.7344333152762297,1
2021-04-07,0.45890103772560437,1
2021-04-08,0.4634924030937473,1
2021-04-09,0.45502427055876793,1
2021-04-12,0.785620488435951,0
2021-04-13,0.7438938373043095,1
2021-04-14,0.8328170350172202,0
2021-04-15,0.4761432184399923,1
2021-04-16,0.5443436733120642,0
2021-04-19,0.27250361758688135,1
2021-04-20,0.7215401639177411,0
2021-04-21,0.32483306730980976,1
2021-04-22,0.5325163345643944,0
2021-04-23,0.3354046208550734,1
2021-04-26,0.4116699759891956,1
2021-04-27,0.37441063534254493,0
2021-04-28,0.4088187108986273,0
2021-04-29,0.4191315945276532,0
2021-04-30,0.41775968076123843,0
2021-05-03,0.6250000867670461,1
2021-05-04,0.334270581040622,0
2021-05-05,0.53308121405208,1
2021-05-06,0.6826938728458337,1
2021-05-07,0.4230205453229906,1
2021-05-10,0.3923121663878597,0
2021-05-11,0.4654213062229624,0
2021-05-12,0.6769587812541065,0
2021-05-13,0.5291161446430036,1
2021-05-14,0.4203178558088602,1
2021-05-17,0.572581497678206,0
2021-05-18,0.33465617752453647,0
2021-05-19,0.6022039265664422,0
2021-05-20,0.5612910961552652,1
2021-05-21,0.4538287293291674,0
2021-05-24,0.37421213023291533,1
2021-05-25,0.3669978616574814,0
2021-05-26,0.5802226004518866,0
2021-05-27,0.6843470753733593,0
2021-05-28,0.4044038379456808,0
2021-06-01,0.5687580055327226,0
2021-06-02,0.1869459472096897,1
2021-06-03,0.4123073404014201,0
2021-06-04,0.4953411600693647,1
2021-06-07,0.36354748745272497,1
2021-06-08,0.3595240437815606,1
2021-06-09,0.3998330665296671,1
2021-06-10,0.543828909248956,0
2021-06-11,0.4719006472390438,1
2021-06-14,0.1642653150012542,1
2021-06-15,0.18189497710474006,0
2021-06-16,0.4089702233214237,1
2021-06-17,0.5686529879080328,1
2021-06-18,0.0878742735912148,0
2021-06-21,0.4250404735772554,1
2021-06-22,0.42106282152238683,1
2021-06-23,0.7082506667312671,0
2021-06-24,0.44224672824307043,0
2021-06-25,0.5574483477111393,0
2021-06-28,0.5211885710131194,1
2021-06-29,0.1804150280289199,1
2021-06-30,0.6152310824947606,1
2021-07-01,0.5323094758184432,1
2021-07-02,0.5762402959511884,1
2021-07-06,1.0,1
2021-07-07,0.18738305907521174,1
2021-07-08,0.7587044974641662,0
2021-07-09,0.45688287208994666,1
2021-07-12,0.5430993356604514,0
2021-07-13,0.4931731632048137,1
2021-07-14,0.4363645499902935,1
2021-07-15,0.41452506076418616,0
2021-07-16,0.5494263103359514,0
2021-07-19,0.27242394549924814,0
2021-07-20,0.6125868751282648,1
2021-07-21,0.4375708392672119,0
2021-07-22,0.3304895991439464,1
2021-07-23,0.43249807130062795,1
2021-07-26,0.6885723825293859,1
2021-07-27,0.4196997369475665,0
2021-07-28,0.5537680427314431,0
2021-07-29,0.39035655864267904,1
2021-07-30,0.6136882774885429,1
2021-08-02,0.6028261608185306,0
2021-08-03,0.7772913249944617,1
2021-08-04,0.47366540817511765,0
2021-08-05,0.600298220713686,1
2021-08-06,0.5147101309308417,0
2021-08-09,0.6943807672794522,0
2021-08-10,0.39217514185869046,0
2021-08-11,0.6117507969315922,1
2021-08-12,0.4707954055824978,1
2021-08-13,0.49037177343372534,1
2021-08-16,0.513762872667256,1
2021-08-17,0.5378360594640016,0
2021-08-18,0.4825656435317063,0
2021-08-19,0.532206977475579,1
2021-08-20,0.7367177086343277,1
2021-08-23,0.6478174528422828,1
2021-08-24,0.6303731888745345,0
2021-08-25,0.4316690710964194,0
2021-08-26,0.36661387576575133,0
2021-08-27,0.6432950837356629,1
2021-08-30,0.6314070188794692,1
2021-08-31,0.7209006013626473,0
2021-09-01,0.4094029061046156,1
2021-09-02,0.46556770169594797,1
2021-09-03,0.2540773756211849,1
2021-09-07,0.4411293340908691,1
2021-09-08,0.6494855765869171,0
2021-09-09,0.4300256931157703,0
2021-09-10,0.5960719692801235,0
2021-09-13,0.4714245341003283,1
2021-09-14,0.5486085542332341,0
2021-09-15,0.3278462915276499,1
2021-09-16,0.5127814174450852,0
2021-09-17,0.051329604364891535,0
2021-09-20,0.4719655762757023,0
2021-09-21,0.255429013442729,1
2021-09-22,0.6808991774820223,1
2021-09-23,0.6166111029146767,1
2021-09-24,0.5700006472949122,1
2021-09-27,0.728150934073907,0
2021-09-28,0.35766252187627445,0
2021-09-29,0.7621044796873337,1
2021-09-30,0.6398287346390577,0
2021-10-01,0.4645167069171581,1
2021-10-04,0.6703430220774416,0
2021-10-05,0.33405597313825486,1
2021-10-06,0.376322875770849,1
2021-10-07,0.40871154151404493,1
2021-10-08,0.4206533437903977,0
2021-10-11,0.3415163535859621,0
2021-10-12,0.6834624600642988,0
2021-10-13,0.46117183994452526,0
2021-10-14,0.5528757452535319,1
2021-10-15,0.4144472950379479,1
2021-10-18,0.22690950491772244,1
2021-10-19,0.5405086037587133,1
2021-10-20,0.2131617536870335,1
2021-10-21,0.4897048930871797,1
2021-10-22,0.29475274417507846,0
2021-10-25,0.7980913998846212,0
2021-10-26,0.6367044083262082,1
2021-10-27,0.5158630686907221,0
2021-10-28,0.6895560016482003,1
2021-10-29,0.3730526033801396,0
2021-11-01,0.581521906800514,0
2021-11-02,0.5299715650578071,1
2021-11-03,0.5396030122000505,1
2021-11-04,0.6908530250160152,0
2021-11-05,0.6098738154169703,1
2021-11-08,0.5433085494237535,0
2021-11-09,0.2517668845657556,1
2021-11-10,0.3559930557080805,0
2021-11-11,0.4815936599606414,0
2021-11-12,0.5140058561414977,1
2021-11-15,0.3304694412989114,1
2021-11-16,0.8617515013367631,1
2021-11-17,0.727459108288036,1
2021-11-18,0.5903177480588725,1
2021-11-19,0.5108055291925617,1
2021-11-22,0.46816865451482725,1
2021-11-23,0.35721223099666466,1
2021-11-24,0.5116220777778294,1
2021-11-26,0.5386628810214126,0
2021-11-29,0.31373591367775633,1
2021-11-30,0.5501264625867346,1
2021-12-01,0.47671114267628767,0
2021-12-02,0.21382886631839138,0
2021-12-03,0.3709422483830747,0
2021-12-06,0.4379591699867534,1
2021-12-07,0.7831531486010286,1
2021-12-08,0.5834829686800638,1
2021-12-09,0.2996777646350163,0
2021-12-10,0.5729054434126455,1
2021-12-13,0.2679044016592452,0
2021-12-14,0.662403658083061,0
2021-12-15,0.4293313022273182,1
2021-12-16,0.48595457168912437,0
2021-12-17,0.6988694971313285,0
2021-12-20,0.3069254647123625,0
2021-12-21,0.29043227223305135,1
2021-12-22,0.41246010104809927,1
2021-12-23,0.6557568276528974,1
2021-12-27,0.2720980886784736,1
2021-12-28,0.07517666028341469,0
2021-12-29,0.4323261712386502,1
2021-12-30,0.582761119986638,0
2021-12-31,0.6800392624608244,0
2022-01-03,0.4305257956871902,1
2022-01-04,0.4382860089325996,0
2022-01-05,0.6730851101383621,0
2022-01-06,0.21953874504568693,0
2022-01-07,0.4417218837225486,1
2022-01-10,0.5285635834887586,1
2022-01-11,0.5673828081927551,1
2022-01-12,0.4235289960213676,1
2022-01-13,0.5051661517558762,0
2022-01-14,0.1267508969880516,1
2022-01-18,0.40126273814992275,0
2022-01-19,0.5680263068831701,0
2022-01-20,0.35265589486179805,0
2022-01-21,0.5088476332384396,0
2022-01-24,0.5670308751204047,0
2022-01-25,0.44861761987133525,0
2022-01-26,0.5255695656494856,0
2022-01-27,0.35559011520730816,0
2022-01-28,0.469008308045593,1
2022-01-31,0.5915324254383834,1
2022-02-01,0.5235459441452651,0
2022-02-02,0.4120203095654097,1
2022-02-03,0.5336324606436189,0
2022-02-04,0.6071914685954927,0
2022-02-07,0.1925088082133783,0
2022-02-08,0.6738611097433846,1
2022-02-09,0.4495617891978392,1
2022-02-10,0.5638234899860346,0
2022-02-11,0.6795870385467842,0
2022-02-14,0.2942489454154301,1
2022-02-15,0.393583849635868,1
2022-02-16,0.4567176956186443,0
2022-02-17,0.38243697183133574,0
2022-02-18,0.7602404863755212,0
2022-02-22,0.3714841859259811,0
2022-02-23,0.41666798307697,0
2022-02-24,0.5306583547404465,1
2022-02-25,0.3196775710885867,1
2022-02-28,0.4406478932365604,1
2022-03-01,0.5476179891875262,0
2022-03-02,0.4500709393426233,1
2022-03-03,0.48599197116500775,0
2022-03-04,0.4206001831327444,0
2022-03-07,0.27282945362288497,0
2022-03-08,0.5482389817008858,0
2022-03-09,0.7632399607470862,1
2022-03-10,0.5027602446175157,0
2022-03-11,0.5337896175871324,0
2022-03-14,0.6039084132675289,0
2022-03-15,0.30960042551799516,1
2022-03-16,0.7553771987194409,1
2022-03-17,0.5303493194634203,1
2022-03-18,0.7447785348633663,1
2022-03-21,0.3900450506714016,1
2022-03-22,0.7727092883836737,1
2022-03-23,0.6162733241052174,1
2022-03-24,0.5829560128778537,1
2022-03-25,0.5351036681529722,1
2022-03-28,0.4627207072888326,1
2022-03-29,0.6800797487710809,1
2022-03-30,0.5210539804772071,0
2022-03-31,0.2049395444619272,0
2022-04-01,0.3324220307439496,0
2022-04-04,0.4721231371710879,1
2022-04-05,0.5464998474748333,0
2022-04-06,0.49151172666501564,0
2022-04-07,0.6828456184690495,1
2022-04-08,0.2073347203942063,0
2022-04-11,0.521538190475774,0
2022-04-12,0.22730311619192678,1
2022-04-13,0.6139568443226253,1
2022-04-14,0.4858311928336996,0
2022-04-18,0.5629414958036177,0
2022-04-19,0.3704175559115351,1
2022-04-20,0.6919197397486627,0
2022-04-21,0.6562586996088277,0
2022-04-22,0.5875316454517832,0
2022-04-25,0.48057241297048386,1
2022-04-26,0.5869785927942698,0
2022-04-27,0.3939661148018977,0
2022-04-28,0.6283333488531068,1
2022-04-29,0.7474221341485882,0
2022-05-02,0.6605915839968779,1
2022-05-03,0.39055962952888856,1
2022-05-04,0.5542125975909654,1
2022-05-05,0.30602876843620286,0
2022-05-06,0.5858585466763514,1
2022-05-09,0.5675905119293808,0
2022-05-10,0.2195275490701754,1
2022-05-11,0.32573242341314546,0
2022-05-12,0.4575291654884349,0
2022-05-13,0.45487103792887607,1
2022-05-16,0.31857845968717924,0
2022-05-17,0.5583468094028275,1
2022-05-18,0.5377210413410768,0
2022-05-19,0.4708596302032221,0
2022-05-20,0.38663127497624555,1
2022-05-23,0.6573060689624846,1
2022-05-24,0.7483110669632442,0
2022-05-25,0.42746577742301944,1
2022-05-26,0.40817496242677687,1
2022-05-27,0.5736811498117994,1
2022-05-31,0.4462955930379521,0
2022-06-01,0.4790904199005149,0
2022-06-02,0.6109479727587007,1
2022-06-03,0.2135965868739061,0
2022-06-06,0.6977453487279004,1
2022-06-07,0.5109020786494012,1
2022-06-08,0.43827602831567297,0
2022-06-09,0.4866148768667827,0
2022-06-10,0.4943644032530778,0
2022-06-13,0.24031980448326118,0
2022-06-14,0.7242407341179854,1
2022-06-15,0.5061988448405927,1
2022-06-16,0.5664503195671062,0
2022-06-17,0.6427324655861064,1
2022-06-21,0.346825631365955,1
2022-06-22,0.5710207848552843,0
2022-06-23,0.45985383636518096,1
2022-06-24,0.627015616282474,1
2022-06-27,0.18091588694727573,0
2022-06-28,0.4851358549638097,0
2022-06-29,0.4095769016324058,1
2022-06-30,0.5648394425951233,0
2022-07-01,0.5705066281052303,1
2022-07-05,0.3938561157766961,1
2022-07-06,0.39317392037359344,1
2022-07-07,0.4834001947164006,1
2022-07-08,0.36550366590271877,1
2022-07-11,0.6262975543178191,0
2022-07-12,0.44461891993288305,1
2022-07-13,0.06395176710175382,0
2022-07-14,0.4437766915067291,1
2022-07-15,0.34421842687340415,1
2022-07-18,0.25530862768085816,0
2022-07-19,0.3143860042666141,1
2022-07-20,0.5164112707749455,1
2022-07-21,0.6992961242372346,1
2022-07-22,0.546977671079747,0
2022-07-25,0.40902449176763905,0
2022-07-26,0.5683856292756054,0
2022-07-27,0.43113645346715124,1
2022-07-28,0.3958099446255283,1
2022-07-29,0.32684559976505234,1
2022-08-01,0.23722567898724212,0
2022-08-02,0.4415114440160832,0
2022-08-03,0.5237080234880198,1
2022-08-04,0.48550644949776656,0
2022-08-05,0.43760496080789624,0
2022-08-08,0.3581380908954829,0
2022-08-09,0.5912369287527452,1
2022-08-10,0.30243021200801223,1
2022-08-11,0.6164041870765213,0
2022-08-12,0.3496674471609913,1
2022-08-15,0.3871347143970448,1
2022-08-16,0.27998222140764845,0
2022-08-17,0.4247896779671545,1
2022-08-18,0.6462968687716968,0
2022-08-19,0.5773442132665935,0
2022-08-22,0.6467633168042053,0
2022-08-23,0.5783213818900904,0
2022-08-24,0.3344495257204446,1
2022-08-25,0.4503816163508664,1
2022-08-26,0.3829701306323806,0
2022-08-29,0.699586235605856,0
2022-08-30,0.3204817030360533,0
2022-08-31,0.6340546534083666,0
2022-09-01,0.6339430805163153,1
2022-09-02,0.774443030257413,0
2022-09-06,0.43854701110557537,0
2022-09-07,0.6068483239370244,1
2022-09-08,0.8422477754808264,0
2022-09-09,0.4073537484599455,1
2022-09-12,0.26974396287014607,1
2022-09-13,0.21799849491383544,0
2022-09-14,0.6069068043291997,1
2022-09-15,0.21752746879121243,0
2022-09-16,0.4441521420593116,0
2022-09-19,0.5655969780558441,1
2022-09-20,0.5277763305244871,1
2022-09-21,0.5638167296276259,0
2022-09-22,0.5333434783701281,0
2022-09-23,0.691829871997009,0
2022-09-26,0.35715254288918047,1
2022-09-27,0.3984507292312203,1
2022-09-28,0.3841010832093764,0
2022-09-29,0.6245287717793915,0
2022-09-30,0.6350597882592596,0
2022-10-03,0.5676837978977762,1
2022-10-04,0.6775240500334891,1
2022-10-05,0.3232938698935429,1
2022-10-06,0.7500836167326705,0
2022-10-07,0.7284857932568387,0
2022-10-10,0.6103432995868621,1
2022-10-11,0.7672698363156589,0
2022-10-12,0.25150651884833397,0
2022-10-13,0.4213327795606022,1
2022-10-14,0.38970448089770715,0
2022-10-17,0.6082218985636014,1
2022-10-18,0.34247888905967816,1
2022-10-19,0.6136242724006228,1
2022-10-20,0.705580421599507,0
2022-10-21,0.6042804350125999,1
2022-10-24,0.5425626535492252,1
2022-10-25,0.35181899886488766,1
2022-10-26,0.3729723550811953,0
2022-10-27,0.6874428357944999,0
2022-10-28,0.6169023505857998,1
2022-10-31,0.4941470720933684,0
2022-11-01,0.4373135681351164,0
2022-11-02,0.1961288190332935,0
2022-11-03,0.33937213719733417,0
2022-11-04,0.7867128630709586,0
2022-11-07,0.30793166434963,1
2022-11-08,0.5284219731831621,1
2022-11-09,0.6511165959792797,0
2022-11-10,0.3117615997996561,1
2022-11-11,0.5277065712171625,1
2022-11-14,0.6406873306265982,0
2022-11-15,0.5018748982860876,1
2022-11-16,0.9302604583500153,0
2022-11-17,0.24971011116827074,1
2022-11-18,0.6588092794825818,1
2022-11-21,0.47407973939053033,0
2022-11-22,0.6157880232255013,1
2022-11-23,0.5661960727548869,1
2022-11-25,0.39002657043350053,0
2022-11-28,0.5343494588689011,0
2022-11-29,0.22131478229025692,0
2022-11-30,0.5904871250857091,1
2022-12-01,0.5447237698985788,1
2022-12-02,0.5957990252964653,0
2022-12-05,0.6587177487630725,0
2022-12-06,0.5551429760314567,0
2022-12-07,0.5222134129697414,0
2022-12-08,0.36783974950080617,1
2022-12-09,0.39316688545264233,0
2022-12-12,0.6780101930265996,1
2022-12-13,0.7154503108558967,1
2022-12-14,0.4642834345531919,0
2022-12-15,0.5069004120879911,0
2022-12-16,0.36430784375093506,0
2022-12-19,0.6759135267901167,0
2022-12-20,0.5998125235537668,0
2022-12-21,0.7911826154695624,1
2022-12-22,0.36825153842303915,0
2022-12-23,0.44329881514726743,0
2022-12-27,0.5347168883788358,0
2022-12-28,0.5969734306588657,0
2022-12-29,0.46764985436785517,1
2022-12-30,0.36905583643194495,1
2023-01-03,0.6322111293385356,0
2023-01-04,0.6081703043818373,1
2023-01-05,0.3625588849154413,0
2023-01-06,0.7033164201658244,1
2023-01-09,0.6755298063794906,1
2023-01-10,0.520144474587169,1
2023-01-11,0.5119396793564055,1
2023-01-12,0.5831086656673861,0
2023-01-13,0.3707445394615613,1
2023-01-17,0.5045047218746124,1
2023-01-18,0.17714246830862296,0
2023-01-19,0.6314683468254403,1
2023-01-20,0.2657760166337211,1
2023-01-23,0.7255129742643498,1
2023-01-24,0.45048198590503247,1
2023-01-25,0.4682499527103235,0
2023-01-26,0.40583991408732417,1
2023-01-27,0.45679416891168856,1
2023-01-30,0.7127797017722055,0
2023-01-31,0.12682870151973807,1
2023-02-01,0.6915448079132281,1
2023-02-02,0.5507035221652562,1
2023-02-03,0.3189467528214177,1
2023-02-06,0.33870314104261434,0
2023-02-07,0.7514589540812304,1
2023-02-08,0.35817396800859036,0
2023-02-09,0.3269974234106061,0
2023-02-10,0.6705971813547094,1
2023-02-13,0.5507829314428871,1
2023-02-14,0.3593111635195402,0
2023-02-15,0.5324937463106929,1
2023-02-16,0.3461370974539584,0
2023-02-17,0.6651232097633908,0
2023-02-21,0.65920564473097,0
2023-02-22,0.5798009298232915,1
2023-02-23,0.5542491591870525,1
2023-02-24,0.764178218730106,0
2023-02-27,0.4999529491082338,1
2023-02-28,0.32271888118687986,0
2023-03-01,0.567421086924846,0
2023-03-02,0.812907057430567,1
2023-03-03,0.3477860760221222,1
2023-03-06,0.4457805849959021,1
2023-03-07,0.5624669057152178,0
2023-03-08,0.4919142726491391,1
2023-03-09,0.35265446294340286,0
2023-03-10,0.6682786784345707,0
2023-03-13,0.8480061083025889,1
2023-03-14,0.5294197188535861,1
2023-03-15,0.36438975653959993,1
2023-03-16,0.2676559212419788,1
2023-03-17,0.5386963971831771,0
2023-03-20,0.6655816014974386,1
2023-03-21,0.5712751619743073,1
2023-03-22,0.4996394238621719,0
2023-03-23,0.41160925223160405,1
2023-03-24,0.3361754550922865,1
2023-03-27,0.6252126989487323,0
2023-03-28,0.6370657432078378,0
2023-03-29,0.26814053199639004,1
2023-03-30,0.7384758467271025,1
2023-03-31,0.5861106831341002,1
2023-04-03,0.709939196771869,1
2023-04-04,0.29868083772723275,0
2023-04-05,0.29512637668768416,0
2023-04-06,0.47765460353490546,1
2023-04-10,0.5754176640342792,0
2023-04-11,0.7694541234390445,0
2023-04-12,0.6059118370722697,0
2023-04-13,0.463597808478195,1
2023-04-14,0.34604461885011617,0
2023-04-17,0.6845000859078725,1
2023-04-18,0.3552941861373928,1
2023-04-19,0.7442702832158482,1
2023-04-20,0.4573423025590236,0
2023-04-21,0.7385873108926775,0
2023-04-24,0.6018396935088918,1
2023-04-25,0.4794506765836313,0
2023-04-26,0.422090544226081,0
2023-04-27,0.44886381839808803,1
2023-04-28,0.5642475038562856,1
2023-05-01,0.5115734744326575,0
2023-05-02,0.41092828878969423,0
2023-05-03,0.47515528845235516,0
2023-05-04,0.5117865544578725,0
2023-05-05,0.18068988583777817,1
2023-05-08,0.5687252172183048,0
2023-05-09,0.353041816292479,0
2023-05-10,0.32700013951913826,1
2023-05-11,0.24689834793339344,1
2023-05-12,0.23091612531981648,0
2023-05-15,0.2966828745331566,0
2023-05-16,0.39364685635542646,0
2023-05-17,0.7929888706289852,1
2023-05-18,0.42111804861571944,1
2023-05-19,0.5266625159402047,1
2023-05-22,0.5600722079759493,0
2023-05-23,0.5196597779323773,0
2023-05-24,0.48838348089110095,1
2023-05-25,0.3207059354601133,1
2023-05-26,0.7176391322418818,1
2023-05-30,0.7710794965456828,1
2023-05-31,0.24760119588159712,0
2023-06-01,0.34639571136704306,1
2023-06-02,0.4580284486434491,1
2023-06-05,0.35531933076347133,0
2023-06-06,0.5758948330183797,0
2023-06-07,0.39075916963900803,0
2023-06-08,0.8247584101709904,1
2023-06-09,0.6785822891515394,1
2023-06-12,0.5318861045948322,1
2023-06-13,0.6540479394979598,0
2023-06-14,0.6658850636535963,1
2023-06-15,0.4154078767912635,1
2023-06-16,0.3775674133187053,0
2023-06-20,0.5117214594454471,1
2023-06-21,0.6292454186746916,0
2023-06-22,0.5208590597980126,1
2023-06-23,0.26345052767135047,0
2023-06-26,0.3795763334073737,0
2023-06-27,0.4889040704608433,1
2023-06-28,0.48865015935112543,1
2023-06-29,0.7958813265184712,1
2023-06-30,0.29210180864015034,1
2023-07-03,0.5758383862753812,0
2023-07-05,0.7233669662492435,0
2023-07-06,0.8407174618134194,1
2023-07-07,0.4393403865224058,0
2023-07-10,0.57371441790803,0
2023-07-11,0.585464053579797,0
2023-07-12,0.5293222597329936,1
2023-07-13,0.4851732198141041,1
2023-07-14,0.5653963084250069,1
2023-07-17,0.12016308721704722,1
2023-07-18,0.6023104235093947,0
2023-07-19,0.5189266855492951,1
2023-07-20,0.4666287654832602,0
2023-07-21,0.8070293293579336,0
2023-07-24,0.39875989718141713,1
2023-07-25,0.4395386016402454,1
2023-07-26,0.7987329953307101,1
2023-07-27,0.3751908042725215,0
2023-07-28,0.41748270755951916,1
2023-07-31,0.4779461864853725,1
2023-08-01,0.6261101723194324,0
2023-08-02,0.531170376102997,0
2023-08-03,0.30610619792716065,0
2023-08-04,0.42017471553092156,0
2023-08-07,0.4088968350181683,0
2023-08-08,0.48841684321654316,1
2023-08-09,0.5638765487944744,0
2023-08-10,0.5627308633831958,0
2023-08-11,0.23359823689273967,1
2023-08-14,0.6595911481341284,1
2023-08-15,0.5378853268994935,0
2023-08-16,0.707679807139086,0
2023-08-17,0.5666297490936008,0
2023-08-18,0.6651984436603643,1
2023-08-21,0.569981796717519,1
2023-08-22,0.7019338634304122,1
2023-08-23,0.5783375954026668,1
2023-08-24,0.4853127130335644,0
2023-08-25,0.8408652080670322,1
2023-08-28,0.6333555683419838,1
2023-08-29,0.586061663150662,1
2023-08-30,0.30855433751924966,1
2023-08-31,0.30675385738046934,1
2023-09-01,0.543907322321278,1
2023-09-05,0.5218281796652361,1
2023-09-06,0.40788161524875255,0
2023-09-07,0.521147404941809,0
2023-09-08,0.7382940392065394,1
2023-09-11,0.6043103711825448,1
2023-09-12,0.32884872353708927,0
2023-09-13,0.48327367592855847,0
2023-09-14,0.37925502787211585,1
2023-09-15,0.44184501253871583,0
2023-09-18,0.4379576501555536,1
2023-09-19,0.4283531626093992,1
2023-09-20,0.31172969420399077,0
2023-09-21,0.4808517977722715,0
2023-09-22,0.4159088544729035,1
2023-09-25,0.060582696499659805,1
2023-09-26,0.8079458036752494,0
2023-09-27,0.6633154481325008,0
2023-09-28,0.4435548912612506,1
2023-09-29,0.5028228574610898,1
2023-10-02,0.3242518479023657,1
2023-10-03,0.7543584316716299,0
2023-10-04,0.7845933042159667,1
2023-10-05,0.5235040592369787,1
2023-10-06,0.6535295966278016,1
2023-10-09,0.5262930168400886,1
2023-10-10,0.2994911841686104,0
2023-10-11,0.4382264946554514,1
2023-10-12,0.5197891950157936,1
2023-10-13,0.4318178421884834,0
2023-10-16,0.4672020083847446,0
2023-10-17,0.4862900663736328,0
2023-10-18,0.4878682253201808,0
2023-10-19,0.5078387735746225,0
2023-10-20,0.3409092400405099,0
2023-10-23,0.39244757763080956,1
2023-10-24,0.3073123601450046,1
2023-10-25,0.64667233245293,0
2023-10-26,0.18415295872395132,0
2023-10-27,0.6730385514975388,1
2023-10-30,0.7079524095894265,1
2023-10-31,0.4546729119526068,1
2023-11-01,0.10952943682590521,1
2023-11-02,0.44580341570490645,1
2023-11-03,0.4903723758066771,0
2023-11-06,0.348410267010663,1
2023-11-07,0.4227172409287636,1
2023-11-08,0.7295292798295027,1
2023-11-09,0.5997390743452612,0
2023-11-10,0.361315382843285,1
2023-11-13,0.2603601245606852,0
2023-11-14,0.45094740235853437,1
2023-11-15,0.46798148309743426,1
2023-11-16,0.5744298781044974,1
2023-11-17,0.41970249311485114,0
2023-11-20,0.5767249363042792,1
2023-11-21,0.7902731060090344,0
2023-11-22,0.6223251533666394,1
2023-11-24,0.49278672390038414,0
2023-11-27,0.4725274293420058,0
2023-11-28,0.4464990298730193,1
2023-11-29,0.6770961368678217,0
2023-11-30,0.40590298310730455,1
2023-12-01,0.5067834063499974,1
2023-12-04,0.5076796852821628,0
2023-12-05,0.4247323710782702,1
2023-12-06,0.2941301678173849,0
2023-12-07,0.5484461755426502,1
2023-12-08,0.4908494042216925,1
2023-12-11,0.5750360704154854,0
2023-12-12,0.41995995403412495,1
2023-12-13,0.6831231948219572,1
2023-12-14,0.3684839328182233,1
2023-12-15,0.7568060426026839,0
2023-12-18,0.23785452352576075,0
2023-12-19,0.5652155096835336,1
2023-12-20,0.5713146023789936,0
2023-12-21,0.38066643980886766,0
2023-12-22,0.5636590906791519,0
2023-12-26,0.6919278004640238,0
2023-12-27,0.16747717409689034,1
2023-12-28,0.5754117211236222,1
2023-12-29,0.12600937695048836,0
2024-01-02,0.3551502794715188,0
2024-01-03,0.7443749547351417,0
2024-01-04,0.4127326949911919,0
2024-01-05,0.3239180053386541,0
2024-01-08,0.47030934065229774,1
2024-01-09,0.8101859507245328,0
2024-01-10,0.2252476629190961,1
2024-01-11,0.34230351325409836,0
2024-01-12,0.724614752476944,1
2024-01-16,0.7786553515306598,0
2024-01-17,0.4844853163564574,0
2024-01-18,0.3141420946210036,1
2024-01-19,0.8143765252713738,1
2024-01-22,0.7391663587623796,1
2024-01-23,0.601842048164335,1
2024-01-24,0.378139647659387,0
2024-01-25,0.4926455988742945,0
2024-01-26,0.4759459878432754,0
2024-01-29,0.5496276956923367,0
2024-01-30,0.7176502157197004,0
2024-01-31,0.6319125561706105,0
2024-02-01,0.3383935884522863,1
2024-02-02,0.7064744675029306,0
2024-02-05,0.5469698210019733,1
2024-02-06,0.6030598693788374,1
2024-02-07,0.7199811288917904,1
2024-02-08,0.33326296257296734,0
2024-02-09,0.4946261631940306,1
2024-02-12,0.42028181729611774,0
2024-02-13,0.26482108619518163,0
2024-02-14,0.552006496640738,0
2024-02-15,0.8767334827376636,0
2024-02-16,0.22398833832413712,0
2024-02-20,0.49515790834257944,0
2024-02-21,0.596081440261216,1
2024-02-22,0.5184617302484271,1
2024-02-23,0.48303079212263894,0
2024-02-26,0.30511754548312636,0
2024-02-27,0.5349180114410246,1
2024-02-28,0.38648540344761106,0
2024-02-29,0.17151174425321702,0
2024-03-01,0.6791888330770596,0
2024-03-04,0.6437578729763064,0
2024-03-05,0.507749146527662,0
2024-03-06,0.5343612032308553,0
2024-03-07,0.6611477019073342,0
2024-03-08,0.5336509485167124,1
2024-03-11,0.6356026332141972,1
2024-03-12,0.4553776698689225,1
2024-03-13,0.696797560786092,0
2024-03-14,0.5481178588899026,1
2024-03-15,0.5291077915408811,0
2024-03-18,0.3094908366931952,1
2024-03-19,0.5430433781452563,1
2024-03-20,0.37520676237583234,1
2024-03-21,0.4042575910207259,0
2024-03-22,0.37769365575258185,1
2024-03-25,0.3400647602151162,0
2024-03-26,0.8187157104525442,0
2024-03-27,0.6997008592982604,1
2024-03-28,0.7880551253216392,0
2024-04-01,0.3165657470666654,0
2024-04-02,0.5106880624866339,0
2024-04-03,0.30597385621938566,1
2024-04-04,0.3956457684204404,0
2024-04-05,0.3622809524875138,1
2024-04-08,0.6859376009662342,0
2024-04-09,0.44056554828473604,1
2024-04-10,0.6602569000541024,0
2024-04-11,0.5906181334382777,1
2024-04-12,0.8455458128157183,1
2024-04-15,0.2780833665290414,0
2024-04-16,0.6888849859680198,0
2024-04-17,0.6719661305601091,0
2024-04-18,0.3539931742959448,0
2024-04-19,0.651070000470974,0
2024-04-22,0.5504217444539343,1
2024-04-23,0.4658785610069888,1
2024-04-24,0.3764096769542001,1
2024-04-25,0.39213358228262213,1
2024-04-26,0.807471814367889,0
2024-04-29,0.5001024228436224,1
2024-04-30,0.6173195002297189,0
2024-05-01,0.381365092749867,0
2024-05-02,0.38302205806675416,1
2024-05-03,0.6622977213874913,1
2024-05-06,0.29756356826727015,0
2024-05-07,0.4377179348142093,1
2024-05-08,0.5051041116608348,1
2024-05-09,0.5167058902760079,1
2024-05-10,0.47313600724757654,0
2024-05-13,0.5593729671643884,1
2024-05-14,0.6039283633726718,1
2024-05-15,0.6101956318188995,1
2024-05-16,0.352129428699826,1
2024-05-17,0.4573767353106804,1
2024-05-20,0.6792144292815406,1
2024-05-21,0.6341970781360808,1
2024-05-22,0.2940710822778404,0
2024-05-23,0.5527219850528302,0
2024-05-24,0.20326621259377847,1
2024-05-28,0.5070402353090554,1
2024-05-29,0.7846650525118966,1
2024-05-30,0.35781609240965206,1
2024-05-31,0.3748515431762627,1
2024-06-03,0.6146044672359289,1
2024-06-04,0.26857977271855316,1
2024-06-05,0.40508674551724416,1
2024-06-06,0.5894661706372629,0
2024-06-07,0.40485712284658953,1
2024-06-10,0.46460450191835423,0
2024-06-11,0.6116278565472552,1
2024-06-12,0.5632319125304842,1
2024-06-13,0.5400227594443103,1
2024-06-14,0.4491316581094942,0
2024-06-17,0.5555091672903433,1
2024-06-18,0.4814400979850365,0
2024-06-20,0.5686708414888677,0
2024-06-21,0.42546019623230324,0
2024-06-24,0.47261465384306883,1
2024-06-25,0.3515063311171979,1
2024-06-26,0.49474885849906464,1
2024-06-27,0.37834987045567325,1
2024-06-28,0.332893032475701,0
2024-07-01,0.5387991721783082,1
2024-07-02,0.5319109663786491,1
2024-07-03,0.6174310602422859,1
2024-07-05,0.43533116456373516,1
2024-07-08,0.5612079270255134,1
2024-07-09,0.5826196358410495,1
2024-07-10,0.5667160711747392,1
2024-07-11,0.3761519475796787,0
2024-07-12,0.5224045223406784,1
2024-07-15,0.5546210444081991,1
2024-07-16,0.5010767700361913,1
2024-07-17,0.1870283512443373,0
2024-07-18,0.524073443596022,0
2024-07-19,0.8318796559095862,1
2024-07-22,0.4459941096864526,0
2024-07-23,0.3907884353217018,1
2024-07-24,0.5560022839567097,0
2024-07-25,0.5468567315699857,0
2024-07-26,0.6789102748124621,1
2024-07-29,0.31131977661366683,1
2024-07-30,0.6097070378862488,1
2024-07-31,0.5885633091877195,1
2024-08-01,0.4786780194589181,0
2024-08-02,0.5508030976882535,1
2024-08-05,0.6544186222397536,0
2024-08-06,0.6308473070042675,0
2024-08-07,0.3285471031889407,1
2024-08-08,0.6230237280133226,1
2024-08-09,0.49029670924512225,1
2024-08-12,0.5109311147023273,1
2024-08-13,0.5109795486502542,1
2024-08-14,0.477463551680261,1
2024-08-15,0.6787561245660597,1
2024-08-16,0.4874423060226182,1
2024-08-19,0.3320680807425247,0
2024-08-20,0.4409705216045407,1
2024-08-21,0.5268042075215713,0
2024-08-22,0.6843822176445575,0
2024-08-23,0.590464202742325,1
2024-08-26,0.37241970818794345,1
2024-08-27,0.8727784875018337,1
2024-08-28,0.539716296646697,0
2024-08-29,0.6913086106998523,1
2024-08-30,0.47724283496341563,0
2024-09-03,0.5800038867058174,0
2024-09-04,0.6259202756777607,0
2024-09-05,0.6827292067631384,1
2024-09-06,0.6586052458067337,0
2024-09-09,0.6308295500109466,1
2024-09-10,0.4527369903208837,0
2024-09-11,0.4142380937065908,1
2024-09-12,0.5498911265486296,1
2024-09-13,0.6399692108511604,0
2024-09-16,0.46659189488350894,0
2024-09-17,0.659775794857158,1
2024-09-18,0.7178925118229269,1
2024-09-19,0.36255186213898705,1
2024-09-20,0.374461894430558,0
2024-09-23,0.4789437411641995,0
2024-09-24,0.5461419002283795,1
2024-09-25,0.42131494793494234,0
2024-09-26,0.7028304018300716,1
2024-09-27,0.5636100292277677,1
2024-09-30,0.5059170572361109,1
2024-10-01,0.2846135714197209,0
2024-10-02,0.3026276275358739,1
2024-10-03,0.542151387542271,0
2024-10-04,0.18011065607677457,1
2024-10-07,0.6518956114466108,0
2024-10-08,0.47627692334415195,1
2024-10-09,0.9864639454392099,1
2024-10-10,0.8461874375924165,0
2024-10-11,0.4727826396128725,0
2024-10-14,0.4840494496203028,1
2024-10-15,0.6493372271003044,1
2024-10-16,0.7554758914877057,0
2024-10-17,0.2542956413845975,1
2024-10-18,0.232043680196797,1
2024-10-21,0.4066947791668428,1
2024-10-22,0.5874106374760797,0
2024-10-23,0.5745310385761395,0
2024-10-24,0.6604657182475775,0
2024-10-25,0.3200453707452038,1
2024-10-28,0.15257842055466853,1
2024-10-29,0.6287021292953218,1
2024-10-30,0.37577055905521484,0
2024-10-31,0.1972268203417043,0
2024-11-01,0.5217595618939073,0
2024-11-04,0.6189763532328016,0
2024-11-05,0.48169143018180843,1
2024-11-06,0.4313227420726266,0
2024-11-07,0.476095665178114,1
2024-11-08,0.44441258563988256,0
2024-11-11,0.29779293320897493,0
2024-11-12,0.3927978984514352,0
2024-11-13,0.5781919857520722,1
2024-11-14,0.548251781206475,1
2024-11-15,0.525208970895023,0
2024-11-18,0.3507277277219931,1
2024-11-19,0.47277452567964995,1
2024-11-20,0.1734402430335718,1
2024-11-21,0.5267714995828084,0
2024-11-22,0.7143286561720351,1
2024-11-25,0.27888018019368416,1
2024-11-26,0.4121108490023367,1
2024-11-27,0.5493660168065194,0
2024-11-29,0.6879263951641226,1
2024-12-02,0.4327663075549776,1
2024-12-03,0.39616245061011557,1
2024-12-04,0.20466152863758752,1
2024-12-05,0.515515719396216,1
2024-12-06,0.8063114060215616,0
2024-12-09,0.5416037692947013,1
2024-12-10,0.496658153122443,1
2024-12-11,0.5483123466150478,0
2024-12-12,0.4983361994077097,1
2024-12-13,0.37804784416098053,1
2024-12-16,0.6234919873516558,1
2024-12-17,0.5338642284667632,1
2024-12-18,0.5026419877900486,0
2024-12-19,0.35369509590826254,1
2024-12-20,0.6955261897902139,1
2024-12-23,0.5997054117999665,1
2024-12-24,0.4170618743949047,1
2024-12-26,0.6502737280522906,1
2024-12-27,0.42536437424221896,0
2024-12-30,0.38269947612334443,0
2024-12-31,0.38604453237795694,0
2025-01-02,0.23433971703678635,0
2025-01-03,0.5707313570627308,0
2025-01-06,0.2253282682492475,1
2025-01-07,0.3157334253101356,0
2025-01-08,0.18866179863822002,1
2025-01-10,0.48708954608136606,0
2025-01-13,0.4774519309592192,0
2025-01-14,0.4509955680220454,0
2025-01-15,0.3436133457994136,1
2025-01-16,0.324164936984504,0
2025-01-17,0.5696554795319861,1
2025-01-21,0.41741721024372686,0
2025-01-22,0.5474537482304217,1
2025-01-23,0.3672126970813666,0
2025-01-24,0.5271594114156624,0
2025-01-27,0.6954917055974096,1
2025-01-28,0.5879248700589175,1
2025-01-29,0.4381379272675279,1
2025-01-30,0.5385798455533891,0
2025-01-31,0.463900223820468,0
2025-02-03,0.5011820277042093,0
2025-02-04,0.45115834217772444,1
2025-02-05,0.4753497191171913,0
2025-02-06,0.5318140029611262,1
2025-02-07,0.3509961950627074,0
2025-02-10,0.34761817595150324,1
2025-02-11,0.2917186169253183,1
2025-02-12,0.2599593343244435,1
2025-02-13,0.3174075961669281,1
2025-02-14,0.5239193760206193,1
2025-02-18,0.3660818726762174,0
2025-02-19,0.5770421696346645,1
2025-02-20,0.5052070623128843,1
2025-02-21,0.20472436798429194,0
2025-02-24,0.5982463376332534,1
2025-02-25,0.6216197968387565,0
2025-02-26,0.350920598774772,0
2025-02-27,0.5630287314342487,0
2025-02-28,0.37152526438862016,1
2025-03-03,0.5146505565122503,0
2025-03-04,0.3103252389567551,0
2025-03-05,0.2310340321198135,0
2025-03-06,0.4425774215580547,0
2025-03-07,0.48144065805877456,1
2025-03-10,0.4403480459578094,0
2025-03-11,0.32239541626661605,0
2025-03-12,0.44001514068032943,0
2025-03-13,0.5403942128871101,0
2025-03-14,0.49326604548161945,1
2025-03-17,0.527375154589882,1
2025-03-18,0.39948271993186507,0
2025-03-19,0.6757576872074239,1
2025-03-20,0.3235739995167829,0
2025-03-21,0.5731340445630078,1
